date,value,mode
2016-02-11,1000000.0,Unknown
2016-02-12,1000000.0,Unknown
2016-02-15,1000000.0,Unknown
2016-02-16,1000000.0,Unknown
2016-02-17,1000000.0,Unknown
2016-02-18,1000000.0,Unknown
2016-02-19,1000000.0,Unknown
2016-02-22,1000000.0,Unknown
2016-02-23,1000000.0,Unknown
2016-02-24,1000000.0,Unknown
2016-02-25,1000000.0,Unknown
2016-02-26,1000000.0,Unknown
2016-02-29,1000000.0,Unknown
2016-03-01,1000000.0,Unknown
2016-03-02,1000000.0,Unknown
2016-03-03,1000000.0,Unknown
2016-03-04,1000000.0,Unknown
2016-03-08,1000000.0,Unknown
2016-03-09,1000000.0,Unknown
2016-03-10,1000000.0,Unknown
2016-03-11,1000000.0,Unknown
2016-03-14,1000000.0,Unknown
2016-03-15,1000000.0,Unknown
2016-03-16,1000000.0,Unknown
2016-03-17,1000000.0,Unknown
2016-03-18,1000000.0,Unknown
2016-03-21,1000000.0,Unknown
2016-03-22,1000000.0,Unknown
2016-03-23,1000000.0,Unknown
2016-03-28,1000000.0,Unknown
2016-03-29,1000000.0,Unknown
2016-03-30,1000000.0,Unknown
2016-03-31,1000000.0,Unknown
2016-04-01,1000000.0,Unknown
2016-04-04,1000000.0,Unknown
2016-04-05,1000000.0,Unknown
2016-04-06,1000000.0,Unknown
2016-04-07,1000000.0,Unknown
2016-04-08,1000000.0,Unknown
2016-04-11,1000000.0,Unknown
2016-04-12,1000000.0,Unknown
2016-04-13,1000000.0,Unknown
2016-04-18,1000000.0,Unknown
2016-04-20,1000000.0,Unknown
2016-04-21,1000000.0,Unknown
2016-04-22,1000000.0,Unknown
2016-04-25,1000000.0,Unknown
2016-04-26,1000000.0,Unknown
2016-04-27,1000000.0,Unknown
2016-04-28,1000000.0,Unknown
2016-04-29,1000000.0,Unknown
2016-05-02,1000000.0,Unknown
2016-05-03,1000000.0,Unknown
2016-05-04,1000000.0,Unknown
2016-05-05,1000000.0,Unknown
2016-05-06,1000000.0,Unknown
2016-05-09,1000000.0,Unknown
2016-05-10,1000000.0,Unknown
2016-05-11,1000000.0,Unknown
2016-05-12,1000000.0,Unknown
2016-05-13,1000000.0,Unknown
2016-05-16,1000000.0,Unknown
2016-05-17,1000000.0,Unknown
2016-05-18,1000000.0,Unknown
2016-05-19,1000000.0,Unknown
2016-05-20,1000000.0,Unknown
2016-05-23,1000000.0,Unknown
2016-05-24,996675.49650177,LEAP
2016-05-25,1009692.7359350586,LEAP
2016-05-26,1025717.2397497558,LEAP
2016-05-27,1025286.9270513916,LEAP
2016-05-30,1036941.2604726028,LEAP
2016-05-31,1046398.0828602981,LEAP
2016-06-01,1042367.7549641799,LEAP
2016-06-02,1055169.294743843,LEAP
2016-06-03,1049993.2874234389,LEAP
2016-06-06,1057956.1669686507,LEAP
2016-06-07,1073285.7465031813,LEAP
2016-06-08,1082065.0450108717,LEAP
2016-06-09,1081073.2256921004,LEAP
2016-06-10,1086128.2420552443,LEAP
2016-06-13,1071732.654364891,LEAP
2016-06-14,1076951.762263603,LEAP
2016-06-15,1086995.2136948775,LEAP
2016-06-16,1092780.800790138,LEAP
2016-06-17,1093408.413020439,LEAP
2016-06-20,1113786.0783703993,LEAP
2016-06-21,1114367.0833714674,LEAP
2016-06-22,1113038.3533642958,LEAP
2016-06-23,1115921.151219673,LEAP
2016-06-24,1085136.4836590956,LEAP
2016-06-27,1094763.4575169752,LEAP
2016-06-28,1093218.5983727644,LEAP
2016-06-29,1114916.2331174086,LEAP
2016-06-30,1136834.1925290297,LEAP
2016-07-01,1150588.7407811354,LEAP
2016-07-04,1165283.9110120009,LEAP
2016-07-05,1156183.7472394179,LEAP
2016-07-07,1158224.608113594,LEAP
2016-07-08,1154251.274447746,LEAP
2016-07-11,1171991.2369588087,LEAP
2016-07-12,1203667.9880021284,LEAP
2016-07-13,1209446.6599286268,LEAP
2016-07-14,1210046.7310307692,LEAP
2016-07-15,1216647.6387208174,LEAP
2016-07-18,1205175.5537675093,LEAP
2016-07-19,1204143.994149513,LEAP
2016-07-20,1209353.029464073,LEAP
2016-07-21,1193440.5219052504,LEAP
2016-07-22,1215382.6104920576,LEAP
2016-07-25,1224812.2725194166,LEAP
2016-07-26,1209763.3332112501,LEAP
2016-07-27,1207263.7922356795,LEAP
2016-07-28,1209527.797162361,LEAP
2016-07-29,1207573.4222462843,LEAP
2016-08-01,1218623.6757748793,LEAP
2016-08-02,1202544.180156059,LEAP
2016-08-03,1197496.7815144728,LEAP
2016-08-04,1215834.185462303,LEAP
2016-08-05,1246128.6040452193,LEAP
2016-08-08,1253966.0648320387,LEAP
2016-08-09,1242147.5850251387,LEAP
2016-08-10,1233770.4661153029,LEAP
2016-08-11,1216455.696645088,LEAP
2016-08-16,1253257.0186246107,LEAP
2016-08-17,1267953.5533459852,LEAP
2016-08-18,1268211.6930630873,LEAP
2016-08-19,1283812.2119286726,LEAP
2016-08-22,1268374.7458737562,LEAP
2016-08-23,1262088.8090966414,LEAP
2016-08-24,1265647.3819153975,LEAP
2016-08-25,1246021.540690727,LEAP
2016-08-26,1245248.2330563734,LEAP
2016-08-29,1256234.175122566,LEAP
2016-08-30,1276055.3623803328,LEAP
2016-08-31,1256301.180730171,LEAP
2016-09-01,1252584.3431981276,LEAP
2016-09-02,1258688.502196617,LEAP
2016-09-06,1269963.4234746168,LEAP
2016-09-07,1271865.2454159926,LEAP
2016-09-08,1288176.365636177,LEAP
2016-09-09,1268647.5340016554,LEAP
2016-09-12,1211735.4663956831,LEAP
2016-09-14,1219163.3167126845,LEAP
2016-09-15,1219793.231253929,LEAP
2016-09-16,1216521.6994031142,LEAP
2016-09-19,1230098.8161328505,LEAP
2016-09-20,1226681.5504906843,LEAP
2016-09-21,1236002.8091805647,LEAP
2016-09-22,1261653.032155342,LEAP
2016-09-23,1264257.5042584608,LEAP
2016-09-26,1254499.212735481,LEAP
2016-09-27,1247875.4475758742,LEAP
2016-09-28,1274667.3130658339,LEAP
2016-09-29,1225979.8799570273,FROG
2016-09-30,1223672.8535593222,FROG
2016-10-03,1230691.9745004843,LEAP
2016-10-04,1231958.1661203573,LEAP
2016-10-05,1232789.564008541,LEAP
2016-10-06,1232088.9165170859,LEAP
2016-10-07,1227402.2413745688,FROG
2016-10-10,1228515.4031482504,LEAP
2016-10-13,1222480.3667578697,FROG
2016-10-14,1224064.573331356,FROG
2016-10-17,1219547.9275458334,FROG
2016-10-18,1225975.5466254232,FROG
2016-10-19,1224551.0371191977,FROG
2016-10-20,1225410.3359625814,FROG
2016-10-21,1227881.330133724,FROG
2016-10-24,1227050.1837561605,FROG
2016-10-25,1222040.3961218833,FROG
2016-10-26,1224583.9133337974,FROG
2016-10-27,1225054.5564917563,FROG
2016-10-28,1225391.2334326743,FROG
2016-11-01,1220675.9875220298,FROG
2016-11-02,1216283.4270148277,FROG
2016-11-03,1216367.985364437,FROG
2016-11-04,1218460.9150366783,FROG
2016-11-07,1216616.5833940697,FROG
2016-11-08,1213575.3070747948,FROG
2016-11-09,1205884.8416512108,FROG
2016-11-10,1212646.4235451317,FROG
2016-11-11,1196321.3259798242,FROG
2016-11-15,1185820.2671336937,FROG
2016-11-16,1184178.6733043483,FROG
2016-11-17,1184596.7316081813,FROG
2016-11-18,1181605.5874693873,FROG
2016-11-21,1178337.3708098414,FROG
2016-11-22,1182080.97427969,FROG
2016-11-23,1186072.1052306178,FROG
2016-11-24,1185805.3055022242,FROG
2016-11-25,1190286.5546019557,FROG
2016-11-28,1195202.070776272,FROG
2016-11-29,1194619.5527861598,FROG
2016-11-30,1197755.7232115748,FROG
2016-12-01,1198491.1564085963,FROG
2016-12-02,1194154.9254210475,FROG
2016-12-05,1199501.500189114,FROG
2016-12-06,1195728.2872374537,FROG
2016-12-07,1193830.8281004908,FROG
2016-12-08,1199515.3544066432,FROG
2016-12-09,1199936.511941128,FROG
2016-12-12,1193924.05475729,FROG
2016-12-13,1196668.326317959,FROG
2016-12-14,1191946.8171932031,FROG
2016-12-15,1187045.8372127344,FROG
2016-12-16,1185010.9006770898,FROG
2016-12-19,1182988.8904857445,FROG
2016-12-20,1183889.4181804466,FROG
2016-12-21,1178635.7622051048,FROG
2016-12-22,1173030.7030372429,FROG
2016-12-23,1175700.4362220573,FROG
2016-12-26,1172828.2766456413,FROG
2016-12-27,1180093.3558692741,FROG
2016-12-28,1180857.2869605827,FROG
2016-12-29,1184688.6039161491,FROG
2016-12-30,1189975.6291847038,FROG
2017-01-02,1187904.0975074577,FROG
2017-01-03,1189994.2189063835,FROG
2017-01-04,1187773.656223278,FROG
2017-01-05,1189895.0626563835,FROG
2017-01-06,1186636.9476661491,FROG
2017-01-09,1186938.1802100944,FROG
2017-01-10,1187494.618534069,FROG
2017-01-11,1191008.5507240104,FROG
2017-01-12,1190888.2562794304,FROG
2017-01-13,1188658.3190540886,FROG
2017-01-16,1187345.728233776,FROG
2017-01-17,1191189.4603504753,FROG
2017-01-18,1194550.640709362,FROG
2017-01-19,1195364.9817738151,FROG
2017-01-20,1193480.6095509147,FROG
2017-01-23,1196674.2238697624,FROG
2017-01-24,1198767.9927906608,FROG
2017-01-25,1202838.6954401971,FROG
2017-01-27,1196295.0854548456,FROG
2017-01-30,1196835.651464367,FROG
2017-01-31,1191624.7900141717,FROG
2017-02-01,1196227.6044062616,FROG
2017-02-02,1199654.3726252557,FROG
2017-02-03,1203187.2668208124,FROG
2017-02-06,1208559.9284815788,FROG
2017-02-07,1203109.4669947624,FROG
2017-02-08,1203574.259200573,FROG
2017-02-09,1202746.6727137566,FROG
2017-02-10,1202332.5285999873,FROG
2017-02-13,1203971.9891163446,FROG
2017-02-14,1199467.4489021113,FROG
2017-02-15,1196056.621686535,FROG
2017-02-16,1199014.0364460566,FROG
2017-02-17,1201572.257332287,FROG
2017-02-20,1206719.5365986445,FROG
2017-02-21,1205280.6263914302,LEAP
2017-02-22,1201622.525134106,LEAP
2017-02-23,1204894.5295896723,LEAP
2017-02-27,1205503.2708006098,LEAP
2017-02-28,1203348.6738157466,LEAP
2017-03-01,1206218.3209104731,LEAP
2017-03-02,1201490.6953336908,LEAP
2017-03-03,1202929.006658764,LEAP
2017-03-06,1201646.799566479,LEAP
2017-03-07,1195798.6957304194,LEAP
2017-03-08,1191177.326330395,LEAP
2017-03-09,1188652.171880932,LEAP
2017-03-10,1188438.103811474,LEAP
2017-03-14,1199726.9484922602,LEAP
2017-03-15,1197863.8136503412,LEAP
2017-03-16,1212059.205602856,LEAP
2017-03-17,1213995.4829771235,LEAP
2017-03-20,1208720.3550321772,LEAP
2017-03-21,1209029.3213102533,LEAP
2017-03-22,1205099.0610105707,LEAP
2017-03-23,1209265.0488035395,LEAP
2017-03-24,1206258.3345853998,LEAP
2017-03-27,1196576.559683056,LEAP
2017-03-28,1201298.508611889,LEAP
2017-03-29,1203134.7132017328,LEAP
2017-03-30,1201427.0130827143,LEAP
2017-03-31,1203312.7088377192,LEAP
2017-04-03,1203403.94206831,LEAP
2017-04-05,1207752.4033567621,LEAP
2017-04-06,1211376.60902998,LEAP
2017-04-07,1203553.083914013,LEAP
2017-04-10,1202877.815771313,LEAP
2017-04-11,1198134.3362791254,LEAP
2017-04-12,1192734.5857145502,LEAP
2017-04-13,1178571.4744577603,LEAP
2017-04-17,1188001.760514279,LEAP
2017-04-18,1173108.5004282193,LEAP
2017-04-19,1178485.8044443326,LEAP
2017-04-20,1185375.2282724576,LEAP
2017-04-21,1189248.2412882047,LEAP
2017-04-24,1198096.5081796842,LEAP
2017-04-25,1206071.0064249234,LEAP
2017-04-26,1203822.1928415494,LEAP
2017-04-27,1204832.4525766568,LEAP
2017-04-28,1205536.3220987516,LEAP
2017-05-02,1209797.137314816,LEAP
2017-05-03,1207155.0552530484,LEAP
2017-05-04,1205688.8648996549,LEAP
2017-05-05,1200238.0270090299,LEAP
2017-05-08,1211071.3532114225,LEAP
2017-05-09,1214549.8544168668,LEAP
2017-05-10,1226792.875092526,LEAP
2017-05-11,1231287.6351633267,LEAP
2017-05-12,1234843.8362283902,LEAP
2017-05-15,1247335.8872537808,LEAP
2017-05-16,1252310.5875253873,LEAP
2017-05-17,1275465.8924265103,LEAP
2017-05-18,1258889.970505734,LEAP
2017-05-19,1261939.9440775113,LEAP
2017-05-22,1255561.3580484586,LEAP
2017-05-23,1246438.9399881558,LEAP
2017-05-24,1234045.8307047086,LEAP
2017-05-25,1249123.7459421353,LEAP
2017-05-26,1264280.6743936734,LEAP
2017-05-29,1246003.5819559293,LEAP
2017-05-30,1256028.9088449674,LEAP
2017-05-31,1252728.3467569547,LEAP
2017-06-01,1244998.34643652,LEAP
2017-06-02,1241400.3646555142,LEAP
2017-06-05,1244822.5346231656,LEAP
2017-06-06,1240075.0524912076,LEAP
2017-06-07,1244259.7865762906,LEAP
2017-06-08,1250598.7716684537,LEAP
2017-06-09,1271660.6089334683,LEAP
2017-06-12,1267882.2380686002,LEAP
2017-06-13,1269304.9728555875,LEAP
2017-06-14,1268146.812729855,LEAP
2017-06-15,1269248.819321652,LEAP
2017-06-16,1271967.1725168424,LEAP
2017-06-19,1281447.7348489957,LEAP
2017-06-20,1282615.5224771695,LEAP
2017-06-21,1287541.1140604215,LEAP
2017-06-22,1285261.556000729,LEAP
2017-06-23,1270162.440201779,LEAP
2017-06-27,1261396.2603006558,LEAP
2017-06-28,1270040.622483273,LEAP
2017-06-29,1282596.9673776822,LEAP
2017-06-30,1284935.6588449674,LEAP
2017-07-03,1297187.3306894498,LEAP
2017-07-04,1296576.260148068,LEAP
2017-07-05,1301547.7988290982,LEAP
2017-07-06,1314167.4405679898,LEAP
2017-07-07,1316957.7312631803,LEAP
2017-07-10,1321704.376603146,LEAP
2017-07-11,1315776.3873300748,LEAP
2017-07-12,1322681.0691843228,LEAP
2017-07-13,1329043.8016519742,LEAP
2017-07-14,1328641.9932565885,LEAP
2017-07-17,1334325.7575082975,LEAP
2017-07-18,1331768.6124582486,LEAP
2017-07-19,1340271.846512814,LEAP
2017-07-20,1335157.3978128629,LEAP
2017-07-21,1327295.2026071744,LEAP
2017-07-24,1325850.6249704557,LEAP
2017-07-25,1325293.6907968717,LEAP
2017-07-26,1335705.860978146,LEAP
2017-07-27,1337279.842545529,LEAP
2017-07-28,1328670.7384653287,LEAP
2017-07-31,1347010.3056192594,LEAP
2017-08-01,1355262.8394632535,LEAP
2017-08-02,1349637.5233621793,LEAP
2017-08-03,1336688.1060342984,LEAP
2017-08-04,1351960.107300778,LEAP
2017-08-07,1371103.2053690152,LEAP
2017-08-08,1359838.4390878873,LEAP
2017-08-09,1350202.758332272,LEAP
2017-08-10,1326665.6538553433,LEAP
2017-08-11,1284655.7002823453,FROG
2017-08-14,1286744.7113297086,LEAP
2017-08-16,1295046.617976437,LEAP
2017-08-17,1296246.7791702847,LEAP
2017-08-18,1291266.995321217,LEAP
2017-08-21,1284676.782008057,FROG
2017-08-22,1283174.6177624515,FROG
2017-08-23,1283615.1694287113,LEAP
2017-08-24,1286019.0899914554,LEAP
2017-08-28,1297863.235926514,LEAP
2017-08-29,1291998.8336132816,FROG
2017-08-30,1297019.1633862308,LEAP
2017-08-31,1299512.7456616214,LEAP
2017-09-01,1296983.1331127933,LEAP
2017-09-04,1289872.7618054203,LEAP
2017-09-05,1294492.8624829105,LEAP
2017-09-06,1289153.9942883304,LEAP
2017-09-07,1289716.6094311527,LEAP
2017-09-08,1289382.2345080571,LEAP
2017-09-11,1292418.6763110356,LEAP
2017-09-12,1298771.8017687993,LEAP
2017-09-13,1295291.6683154302,LEAP
2017-09-14,1296556.1030993657,LEAP
2017-09-15,1297869.0665698247,LEAP
2017-09-18,1300625.454936524,LEAP
2017-09-19,1301904.3682360845,LEAP
2017-09-20,1299680.3643298345,LEAP
2017-09-21,1300575.022197266,LEAP
2017-09-22,1295166.6374621587,LEAP
2017-09-25,1295083.7837329106,FROG
2017-09-26,1290093.1756343083,FROG
2017-09-27,1284267.612746735,FROG
2017-09-28,1288934.6158290105,FROG
2017-09-29,1285625.1891932683,FROG
2017-10-03,1289120.4214320378,FROG
2017-10-04,1294984.5511012273,FROG
2017-10-05,1293237.1317897039,FROG
2017-10-06,1298521.8175807195,LEAP
2017-10-09,1299683.1973414617,LEAP
2017-10-10,1298551.439437409,LEAP
2017-10-11,1300014.058425446,LEAP
2017-10-12,1311666.050033112,LEAP
2017-10-13,1311233.8455958562,LEAP
2017-10-16,1316732.8234400945,LEAP
2017-10-17,1322084.6824488835,LEAP
2017-10-18,1317373.246718903,LEAP
2017-10-19,1314172.405715485,LEAP
2017-10-23,1311874.1819606023,LEAP
2017-10-24,1312449.0568995671,LEAP
2017-10-25,1311411.1099696355,LEAP
2017-10-26,1313210.3465419011,LEAP
2017-10-27,1318755.0536341863,LEAP
2017-10-30,1320517.5579676824,LEAP
2017-10-31,1322200.2635951238,LEAP
2017-11-01,1329799.087295075,LEAP
2017-11-02,1328908.0094447332,LEAP
2017-11-03,1328182.9872889714,LEAP
2017-11-06,1332239.893569489,LEAP
2017-11-07,1326123.8698878484,LEAP
2017-11-08,1331506.1957850652,LEAP
2017-11-09,1333608.7642665105,LEAP
2017-11-10,1334406.4651332097,LEAP
2017-11-13,1332272.1557765203,LEAP
2017-11-14,1327088.5984584051,LEAP
2017-11-15,1319737.8901347355,FROG
2017-11-16,1324969.9477214054,LEAP
2017-11-17,1325887.048368378,LEAP
2017-11-20,1325054.7012614445,LEAP
2017-11-21,1331022.5662516789,LEAP
2017-11-22,1328400.5460185246,LEAP
2017-11-23,1331649.8713969425,LEAP
2017-11-24,1332861.1110820011,LEAP
2017-11-27,1332124.5878581242,LEAP
2017-11-28,1330495.6012858585,LEAP
2017-11-29,1329342.0475444035,LEAP
2017-11-30,1328934.6296366886,LEAP
2017-12-01,1322925.4091777042,FROG
2017-12-04,1324848.2790812687,FROG
2017-12-05,1325144.4887370304,FROG
2017-12-06,1324590.1324137882,FROG
2017-12-07,1329916.2340946966,FROG
2017-12-08,1335620.1729985052,LEAP
2017-12-11,1338290.1022282415,LEAP
2017-12-12,1334100.787378388,LEAP
2017-12-13,1330407.9202519231,FROG
2017-12-14,1327166.4389591985,LEAP
2017-12-15,1325769.1227665716,LEAP
2017-12-18,1332542.7132206731,LEAP
2017-12-19,1333981.5170231634,LEAP
2017-12-20,1336421.906946259,LEAP
2017-12-21,1335432.574121552,LEAP
2017-12-22,1340127.8450871282,LEAP
2017-12-26,1341566.5921879583,LEAP
2017-12-27,1344889.8016606146,LEAP
2017-12-28,1341084.7639103704,LEAP
2017-12-29,1348239.5779362493,LEAP
2018-01-02,1343206.2724552923,LEAP
2018-01-03,1344257.4268132024,LEAP
2018-01-04,1347638.803949433,LEAP
2018-01-05,1348647.760461884,LEAP
2018-01-08,1355600.7084294134,LEAP
2018-01-09,1352420.036951142,LEAP
2018-01-10,1357086.9480229192,LEAP
2018-01-11,1359610.1819706731,LEAP
2018-01-12,1357044.428430634,LEAP
2018-01-15,1355122.9998722845,LEAP
2018-01-16,1360926.5646611028,LEAP
2018-01-17,1365239.4743901067,LEAP
2018-01-18,1364880.6523075872,LEAP
2018-01-19,1364055.927637177,LEAP
2018-01-22,1368878.240717011,LEAP
2018-01-23,1374072.6718693548,LEAP
2018-01-24,1375960.3682804876,LEAP
2018-01-25,1369116.1292828373,LEAP
2018-01-29,1380476.14682663,LEAP
2018-01-30,1374826.1856640629,LEAP
2018-01-31,1352643.01243866,LEAP
2018-02-01,1344084.8502377323,LEAP
2018-02-02,1331804.8815106205,LEAP
2018-02-05,1325884.4531430057,LEAP
2018-02-06,1309393.216264172,FROG
2018-02-07,1308465.6960310177,FROG
2018-02-08,1323288.020509167,LEAP
2018-02-09,1321908.268998547,FROG
2018-02-12,1327586.8097089962,FROG
2018-02-14,1322735.748094006,FROG
2018-02-15,1327159.6100477413,FROG
2018-02-16,1329339.4332136349,FROG
2018-02-19,1321903.7912306027,FROG
2018-02-20,1322728.8983167843,FROG
2018-02-21,1320585.3651150325,FROG
2018-02-22,1321664.1290310482,FROG
2018-02-23,1330236.9967526058,FROG
2018-02-26,1325852.0419949153,FROG
2018-02-27,1326010.128970013,FROG
2018-02-28,1323614.6650773436,FROG
2018-03-01,1322085.0942002684,FROG
2018-03-05,1320361.583519116,FROG
2018-03-06,1312710.681489697,FROG
2018-03-07,1311689.2166764645,FROG
2018-03-08,1309993.4269730954,FROG
2018-03-09,1308746.674331036,FROG
2018-03-12,1313971.0252466397,FROG
2018-03-13,1310876.3573541837,FROG
2018-03-14,1308085.450722714,FROG
2018-03-15,1306220.1361322599,FROG
2018-03-16,1295898.5952725797,FROG
2018-03-19,1292260.8679776578,FROG
2018-03-20,1297424.7719998746,FROG
2018-03-21,1297638.107403317,FROG
2018-03-22,1293957.296139279,FROG
2018-03-23,1291035.3985475735,FROG
2018-03-26,1292113.6666139797,FROG
2018-03-27,1301141.2249941067,FROG
2018-03-28,1300140.1551088528,FROG
2018-04-02,1314390.961871548,FROG
2018-04-03,1314704.7630495266,FROG
2018-04-04,1310388.2601184659,FROG
2018-04-05,1315564.216264706,FROG
2018-04-06,1316972.3353137784,FROG
2018-04-09,1315633.8669299893,FROG
2018-04-10,1315160.8647881895,FROG
2018-04-11,1322392.7708703429,FROG
2018-04-12,1328358.8533746153,FROG
2018-04-13,1328599.0815240294,FROG
2018-04-16,1336562.8603021055,FROG
2018-04-17,1339594.7090264708,FROG
2018-04-18,1345237.2983056456,FROG
2018-04-19,1349902.854259625,FROG
2018-04-20,1357184.8159142882,FROG
2018-04-23,1357301.4616662413,FROG
2018-04-24,1354455.7886926085,FROG
2018-04-25,1355572.96848692,FROG
2018-04-26,1365140.1730462462,FROG
2018-04-27,1368317.742717877,FROG
2018-04-30,1380892.8551141173,FROG
2018-05-02,1374918.4187737852,FROG
2018-05-03,1371412.5696679503,FROG
2018-05-04,1365937.7766076475,FROG
2018-05-07,1368022.2047082335,FROG
2018-05-08,1366911.979625836,FROG
2018-05-09,1365911.691501141,FROG
2018-05-10,1359565.1226211363,FROG
2018-05-11,1369748.810426312,FROG
2018-05-14,1370867.376988812,FROG
2018-05-15,1371826.9841665463,FROG
2018-05-16,1377687.5321249203,FROG
2018-05-17,1373363.0593466,FROG
2018-05-18,1376187.2354902462,FROG
2018-05-21,1372034.9812177853,FROG
2018-05-22,1373857.9440321163,FROG
2018-05-23,1371487.649705334,FROG
2018-05-24,1377332.5623029904,FROG
2018-05-25,1383657.6775373654,FROG
2018-05-28,1381110.5016035275,FROG
2018-05-29,1380422.2329115109,FROG
2018-05-30,1379079.2383741573,FROG
2018-05-31,1385706.5014661984,FROG
2018-06-01,1384361.6558241085,FROG
2018-06-04,1382327.1881422237,FROG
2018-06-05,1375421.1839352231,FROG
2018-06-06,1381084.5198727231,LEAP
2018-06-07,1388137.2933102231,LEAP
2018-06-08,1387422.173376141,LEAP
2018-06-11,1389514.6122494321,LEAP
2018-06-12,1393226.914770184,LEAP
2018-06-13,1396405.608709393,LEAP
2018-06-14,1391874.3141232114,LEAP
2018-06-15,1398791.0215206724,LEAP
2018-06-18,1394705.473150311,LEAP
2018-06-19,1389526.1422176939,LEAP
2018-06-20,1390454.2972775083,LEAP
2018-06-21,1392081.339910565,LEAP
2018-06-22,1393788.3519650083,LEAP
2018-06-25,1396065.7643490415,LEAP
2018-06-26,1402969.2295590024,LEAP
2018-06-27,1402028.8560296444,FROG
2018-06-28,1396910.2534295467,FROG
2018-06-29,1406495.5264398006,LEAP
2018-07-02,1405763.1928216366,FROG
2018-07-03,1413352.978954449,LEAP
2018-07-04,1415837.889324322,LEAP
2018-07-05,1413983.3036614803,LEAP
2018-07-06,1410606.117839947,LEAP
2018-07-09,1415920.280895367,LEAP
2018-07-10,1418180.5163384823,LEAP
2018-07-11,1427343.6395074276,LEAP
2018-07-12,1427281.6719170955,LEAP
2018-07-13,1428006.8813287166,LEAP
2018-07-16,1425046.3948852352,LEAP
2018-07-17,1424757.3818237118,LEAP
2018-07-18,1418129.1298705868,LEAP
2018-07-19,1415086.4910156063,LEAP
2018-07-20,1421067.9841491512,LEAP
2018-07-23,1429722.3501464657,LEAP
2018-07-24,1428491.4940673641,LEAP
2018-07-25,1425839.0296813778,LEAP
2018-07-26,1427116.8249084286,LEAP
2018-07-27,1429565.3157836727,LEAP
2018-07-30,1426472.6415283016,LEAP
2018-07-31,1437730.0263549618,LEAP
2018-08-01,1442390.332842999,LEAP
2018-08-02,1439548.8515807919,LEAP
2018-08-03,1438481.5856200985,LEAP
2018-08-06,1436357.7839233212,LEAP
2018-08-07,1433061.744219952,LEAP
2018-08-08,1439228.2855712704,LEAP
2018-08-09,1440879.2011901669,LEAP
2018-08-10,1441217.676440411,LEAP
2018-08-13,1446671.660601788,LEAP
2018-08-14,1450610.863726788,LEAP
2018-08-16,1453073.7238342098,LEAP
2018-08-17,1460167.4270507626,LEAP
2018-08-20,1457963.1390563778,LEAP
2018-08-21,1459555.7788574032,LEAP
2018-08-23,1471314.6384765438,LEAP
2018-08-24,1465478.4145385555,LEAP
2018-08-27,1471166.3454467587,LEAP
2018-08-28,1470250.019610577,LEAP
2018-08-29,1466080.809405499,LEAP
2018-08-30,1469828.7568542294,LEAP
2018-08-31,1477383.5413390927,LEAP
2018-09-03,1461083.5098754696,LEAP
2018-09-04,1453199.4817687802,LEAP
2018-09-05,1441628.582110577,LEAP
2018-09-06,1442546.0906249813,LEAP
2018-09-07,1447370.1024963192,LEAP
2018-09-10,1441239.2298461727,LEAP
2018-09-11,1428751.8340942196,LEAP
2018-09-12,1439459.004992657,LEAP
2018-09-14,1442252.3821594052,LEAP
2018-09-17,1435337.4308349423,LEAP
2018-09-18,1434988.9573890497,FROG
2018-09-19,1431216.1218177606,FROG
2018-09-21,1419564.1976539423,FROG
2018-09-24,1411098.147887249,FROG
2018-09-25,1421932.1185293389,FROG
2018-09-26,1415606.3308096123,FROG
2018-09-27,1415786.996489544,FROG
2018-09-28,1415907.9788503838,FROG
2018-10-01,1426472.5546255303,FROG
2018-10-03,1409717.2311697197,FROG
2018-10-04,1384449.397495098,FROG
2018-10-05,1382674.4976385306,FROG
2018-10-08,1379060.7951119803,FROG
2018-10-09,1373309.304098568,FROG
2018-10-10,1375299.8715424156,FROG
2018-10-11,1357495.0550140953,FROG
2018-10-12,1369788.4782684897,FROG
2018-10-15,1373993.3436554526,FROG
2018-10-16,1377655.0892609213,FROG
2018-10-17,1375164.4493378256,FROG
2018-10-19,1374728.1056183432,FROG
2018-10-22,1373538.2121552085,FROG
2018-10-23,1355644.8736298177,FROG
2018-10-24,1356996.5564606283,FROG
2018-10-25,1350811.8436713219,FROG
2018-10-26,1341500.9059863854,FROG
2018-10-29,1357632.7514148522,FROG
2018-10-30,1354765.461711483,FROG
2018-10-31,1370171.445329647,FROG
2018-11-01,1357887.6259326744,FROG
2018-11-02,1360860.2711963463,FROG
2018-11-05,1354818.7258130456,FROG
2018-11-06,1349957.3864783286,FROG
2018-11-07,1354884.2548254966,FROG
2018-11-09,1355639.0613440513,FROG
2018-11-12,1352399.1898273278,FROG
2018-11-13,1349527.1966327478,FROG
2018-11-14,1343510.9514661217,FROG
2018-11-15,1345036.9070020104,FROG
2018-11-16,1351361.398382931,FROG
2018-11-19,1356770.7568424037,FROG
2018-11-20,1346810.613013058,FROG
2018-11-21,1343895.7811374476,FROG
2018-11-22,1342032.6793613245,FROG
2018-11-26,1351869.2113132288,FROG
2018-11-27,1352446.0478388024,FROG
2018-11-28,1356513.212084408,FROG
2018-11-29,1360154.2675348474,FROG
2018-11-30,1367757.7598749353,FROG
2018-12-03,1362785.8872360806,FROG
2018-12-04,1361811.3912033658,FROG
2018-12-05,1352413.5465918544,FROG
2018-12-06,1338616.3699912836,FROG
2018-12-07,1343491.266307812,FROG
2018-12-10,1334355.156780224,FROG
2018-12-11,1346039.6623649409,FROG
2018-12-12,1360708.132915478,FROG
2018-12-13,1364138.9256858637,FROG
2018-12-14,1366413.3161735346,FROG
2018-12-17,1368102.0666618159,FROG
2018-12-18,1366482.2267265131,FROG
2018-12-19,1368707.9026450922,FROG
2018-12-20,1364340.4053153803,FROG
2018-12-21,1349829.0156956294,FROG
2018-12-24,1345555.231825085,FROG
2018-12-26,1339596.5674421503,FROG
2018-12-27,1346738.9148847773,FROG
2018-12-28,1354008.509168835,FROG
2018-12-31,1352905.120420666,FROG
2019-01-02,1351185.113767834,FROG
2019-01-03,1351893.4170973017,FROG
2019-01-04,1346092.7090131952,FROG
2019-01-07,1348353.6708051874,FROG
2019-01-08,1350812.8664228632,FROG
2019-01-09,1356410.634809704,FROG
2019-01-10,1357656.0064375116,FROG
2019-01-11,1355603.1035902216,FROG
2019-01-14,1358756.1692658807,FROG
2019-01-15,1367125.8181306268,FROG
2019-01-16,1364138.931839123,FROG
2019-01-17,1359358.443696728,FROG
2019-01-18,1358781.059434643,FROG
2019-01-21,1360614.9330460932,FROG
2019-01-22,1361105.6903550532,FROG
2019-01-23,1357094.9764753534,FROG
2019-01-24,1357959.5669099237,FROG
2019-01-25,1357520.1834870721,FROG
2019-01-28,1357396.402176037,FROG
2019-01-29,1358074.5210114862,FROG
2019-01-30,1358909.805313244,FROG
2019-01-31,1365714.2059214595,LEAP
2019-02-01,1363083.385792065,LEAP
2019-02-04,1362842.4895518306,LEAP
2019-02-05,1362473.9183238032,LEAP
2019-02-06,1370644.4911997798,LEAP
2019-02-07,1372599.186573315,LEAP
2019-02-08,1361024.1117442134,LEAP
2019-02-11,1351044.442508984,LEAP
2019-02-12,1340258.5886417963,LEAP
2019-02-14,1326278.5013335994,FROG
2019-02-15,1318435.6899627498,FROG
2019-02-18,1310386.2608244135,FROG
2019-02-19,1304231.118000622,FROG
2019-02-20,1308378.8819776727,FROG
2019-02-21,1311872.3318937493,FROG
2019-02-22,1315008.2492826653,FROG
2019-02-25,1322794.6545561028,LEAP
2019-02-26,1323753.0625150872,LEAP
2019-02-27,1323607.2434843255,FROG
2019-02-28,1321343.6113737298,FROG
2019-03-01,1323171.2627409173,LEAP
2019-03-05,1322282.0904386712,LEAP
2019-03-06,1318769.9258573723,LEAP
2019-03-07,1314847.8830717278,LEAP
2019-03-08,1313838.1437196159,LEAP
2019-03-11,1318298.8184632682,LEAP
2019-03-12,1321353.4169129753,LEAP
2019-03-13,1316815.9917725944,LEAP
2019-03-14,1317888.1634034538,LEAP
2019-03-15,1314304.6658143424,LEAP
2019-03-18,1314937.3541077995,LEAP
2019-03-19,1316878.7512940788,LEAP
2019-03-20,1317655.5320557975,LEAP
2019-03-22,1316219.5222291374,LEAP
2019-03-25,1309927.4676484491,LEAP
2019-03-26,1320572.3594636347,LEAP
2019-03-27,1321252.5113801386,LEAP
2019-03-28,1334946.975247326,LEAP
2019-04-01,1337723.461940594,LEAP
2019-04-02,1346744.2655904964,LEAP
2019-04-03,1338989.7413442805,LEAP
2019-04-04,1337878.3912313655,LEAP
2019-04-05,1336557.2620351985,LEAP
2019-04-08,1314190.4682729915,LEAP
2019-04-09,1322210.0407674983,LEAP
2019-04-10,1309148.9750936702,LEAP
2019-04-11,1306816.9823110774,LEAP
2019-04-12,1314286.2551077083,LEAP
2019-04-15,1320221.6929739192,LEAP
2019-04-16,1319486.4348409846,LEAP
2019-04-18,1314280.6605947688,LEAP
2019-04-22,1301902.2896841243,LEAP
2019-04-23,1299174.7584646419,LEAP
2019-04-24,1310135.8305471614,LEAP
2019-04-25,1300603.392574139,LEAP
2019-04-26,1312309.3861654475,LEAP
2019-04-30,1307035.6540182307,LEAP
2019-05-02,1296634.5162771419,LEAP
2019-05-03,1297657.3996148112,LEAP
2019-05-06,1288810.380678654,LEAP
2019-05-07,1278195.161966801,LEAP
2019-05-08,1261905.4803457072,FROG
2019-05-09,1263742.8126973917,FROG
2019-05-10,1258386.1867324258,FROG
2019-05-13,1248796.09647913,FROG
2019-05-14,1248602.1477334024,FROG
2019-05-15,1248873.1128823282,FROG
2019-05-16,1250621.6777016642,FROG
2019-05-17,1253331.0732399942,FROG
2019-05-20,1261508.7360474588,LEAP
2019-05-21,1251672.0458313944,LEAP
2019-05-22,1252507.873117161,LEAP
2019-05-23,1250363.2794281961,LEAP
2019-05-24,1261509.9408814432,LEAP
2019-05-27,1271438.8678833963,LEAP
2019-05-28,1273023.6892945291,LEAP
2019-05-29,1264019.5187012674,LEAP
2019-05-30,1270524.1174561502,LEAP
2019-05-31,1269018.6701864817,LEAP
2019-06-03,1283682.745107136,LEAP
2019-06-04,1275385.9601034739,LEAP
2019-06-06,1258327.0214743235,LEAP
2019-06-07,1260429.3357138254,LEAP
2019-06-10,1267599.2584738352,LEAP
2019-06-11,1272763.0415548899,LEAP
2019-06-12,1264197.2205404856,LEAP
2019-06-13,1266043.1559958078,LEAP
2019-06-14,1253111.5414633371,LEAP
2019-06-17,1237795.6094784737,FROG
2019-06-18,1235664.7107663155,LEAP
2019-06-19,1235112.2376828194,LEAP
2019-06-20,1239539.6581540108,LEAP
2019-06-21,1235577.344769001,LEAP
2019-06-24,1235769.9358944893,LEAP
2019-06-25,1236988.0252804756,LEAP
2019-06-26,1234943.2618722725,LEAP
2019-06-27,1234084.67596529,LEAP
2019-06-28,1234907.1608896065,LEAP
2019-07-01,1235461.428071003,LEAP
2019-07-02,1237708.727692585,LEAP
2019-07-03,1236362.0508127022,LEAP
2019-07-04,1236828.4672555733,LEAP
2019-07-05,1233805.5190439033,LEAP
2019-07-08,1228272.4142160225,FROG
2019-07-09,1224977.8811746407,FROG
2019-07-10,1222586.1492105294,FROG
2019-07-11,1224654.4758096505,FROG
2019-07-12,1225678.6040176584,FROG
2019-07-15,1232651.428907795,FROG
2019-07-16,1239640.8105301096,FROG
2019-07-17,1243027.3297561838,FROG
2019-07-18,1237096.4628128244,FROG
2019-07-19,1230542.0729507639,FROG
2019-07-22,1227383.992740803,FROG
2019-07-23,1231360.6893960764,FROG
2019-07-24,1229244.2242471506,FROG
2019-07-25,1235663.6680642893,FROG
2019-07-26,1236226.1176797678,FROG
2019-07-29,1233021.0526773264,FROG
2019-07-30,1229331.1711569405,FROG
2019-07-31,1235835.3915548897,FROG
2019-08-01,1228595.9525770762,FROG
2019-08-02,1228691.5102247812,FROG
2019-08-05,1231072.3438905529,FROG
2019-08-06,1228883.779071217,FROG
2019-08-07,1232759.4656862072,FROG
2019-08-08,1236681.2725709728,FROG
2019-08-09,1236843.433195057,FROG
2019-08-13,1231296.135465565,FROG
2019-08-14,1230293.911448231,FROG
2019-08-16,1226966.3404948618,FROG
2019-08-19,1229903.2164103892,FROG
2019-08-20,1232550.400156727,FROG
2019-08-21,1234499.1833293345,FROG
2019-08-22,1234245.7701823618,FROG
2019-08-23,1237281.8818156626,FROG
2019-08-26,1239291.9610087778,FROG
2019-08-27,1235754.4201994517,FROG
2019-08-28,1235436.10116869,FROG
2019-08-29,1241741.3493071178,FROG
2019-08-30,1251872.4675016978,FROG
2019-09-03,1245586.0641203502,FROG
2019-09-04,1240316.1902740672,FROG
2019-09-05,1243312.295620747,FROG
2019-09-06,1241488.8907745555,FROG
2019-09-09,1243374.1693390086,FROG
2019-09-11,1238731.6505658152,FROG
2019-09-12,1236415.6851422312,FROG
2019-09-13,1238580.4421917917,FROG
2019-09-16,1242448.2819134714,FROG
2019-09-17,1238476.6085125925,FROG
2019-09-18,1237602.1154608347,FROG
2019-09-19,1232646.608930073,FROG
2019-09-20,1245792.5045599558,FROG
2019-09-23,1245459.2894044686,FROG
2019-09-24,1250812.9640260506,FROG
2019-09-25,1247323.5919862557,FROG
2019-09-26,1252141.3880983163,FROG
2019-09-27,1245478.413481617,FROG
2019-09-30,1249029.0489491464,FROG
2019-10-01,1241750.9718763926,FROG
2019-10-03,1239472.9422184946,FROG
2019-10-04,1233732.6481120493,FROG
2019-10-07,1235416.888437977,FROG
2019-10-09,1238899.4994609263,FROG
2019-10-10,1236512.7544352915,FROG
2019-10-11,1243824.4383952525,FROG
2019-10-14,1245835.0800883677,FROG
2019-10-15,1247233.0878666881,FROG
2019-10-16,1249583.805762196,FROG
2019-10-17,1256080.3760441784,FROG
2019-10-18,1259978.6263188366,FROG
2019-10-22,1251021.0145762828,FROG
2019-10-23,1255321.384785023,FROG
2019-10-24,1250878.705250111,FROG
2019-10-25,1251761.910757313,FROG
2019-10-29,1262018.4694120982,FROG
2019-10-30,1266598.7844755747,FROG
2019-10-31,1270179.3965666392,FROG
2019-11-01,1270675.8037932017,FROG
2019-11-04,1269560.29436327,FROG
2019-11-05,1270295.1256926158,FROG
2019-11-06,1272228.8376677134,FROG
2019-11-07,1273962.806448231,FROG
2019-11-08,1257446.3110807992,FROG
2019-11-11,1250907.9859160043,FROG
2019-11-13,1249855.899334736,FROG
2019-11-14,1250265.3857556344,LEAP
2019-11-15,1249681.5038281442,LEAP
2019-11-18,1243585.9193219186,LEAP
2019-11-19,1242016.5306805612,LEAP
2019-11-20,1248593.6248883249,LEAP
2019-11-21,1241684.683115864,LEAP
2019-11-22,1237841.016154194,LEAP
2019-11-25,1248173.2553509714,LEAP
2019-11-26,1242103.5212506296,LEAP
2019-11-27,1248136.943095112,LEAP
2019-11-28,1248976.227457905,LEAP
2019-11-29,1244658.0497540475,LEAP
2019-12-02,1237929.6765735056,LEAP
2019-12-03,1235881.5410449412,LEAP
2019-12-04,1236312.3867175486,LEAP
2019-12-05,1235789.3808581736,LEAP
2019-12-06,1225653.9825732615,LEAP
2019-12-09,1226135.3039857675,LEAP
2019-12-10,1225598.9635927011,LEAP
2019-12-11,1232740.308944874,LEAP
2019-12-12,1235192.1252595712,LEAP
2019-12-13,1248172.1177217294,LEAP
2019-12-16,1244428.1498872568,LEAP
2019-12-17,1248128.6826021005,LEAP
2019-12-18,1248360.3379060556,LEAP
2019-12-19,1248180.8331147959,LEAP
2019-12-20,1251700.3288881113,LEAP
2019-12-23,1251041.8092653085,LEAP
2019-12-24,1250785.6542360117,LEAP
2019-12-26,1245613.0887605478,LEAP
2019-12-27,1255475.7496644785,LEAP
2019-12-30,1261924.0034486582,LEAP
2019-12-31,1256672.4197084238,LEAP
2020-01-01,1251896.8421632578,LEAP
2020-01-02,1258781.5315400888,LEAP
2020-01-03,1251184.2472535898,LEAP
2020-01-06,1227439.1400503733,FROG
2020-01-07,1228472.1537527659,LEAP
2020-01-08,1228415.2240957834,FROG
2020-01-09,1230606.379796467,LEAP
2020-01-10,1234209.3332266428,LEAP
2020-01-13,1241460.731145344,LEAP
2020-01-14,1245711.581761799,LEAP
2020-01-15,1247606.068456135,LEAP
2020-01-16,1250487.7039541819,LEAP
2020-01-17,1252045.2678274729,LEAP
2020-01-20,1249099.6907705881,LEAP
2020-01-21,1246254.7951407053,LEAP
2020-01-22,1249028.2613577463,LEAP
2020-01-23,1250508.731145344,LEAP
2020-01-24,1252207.5914053537,LEAP
2020-01-27,1249748.1056875803,FROG
2020-01-28,1249026.131383381,FROG
2020-01-29,1252561.306371174,FROG
2020-01-30,1243565.1286062815,FROG
2020-01-31,1239352.7500088695,FROG
2020-02-03,1246561.5836566356,FROG
2020-02-04,1251982.5839007762,FROG
2020-02-05,1254462.1844561961,FROG
2020-02-06,1250923.3674395946,LEAP
2020-02-07,1253407.4534686473,FROG
2020-02-10,1249172.2492450145,FROG
2020-02-11,1247264.6738055614,FROG
2020-02-12,1254803.6700824169,LEAP
2020-02-13,1257233.1455157665,LEAP
2020-02-14,1253569.820106831,FROG
2020-02-17,1250685.479674244,FROG
2020-02-18,1250599.4294423105,FROG
2020-02-19,1254440.414061451,FROG
2020-02-20,1249238.2205189706,FROG
2020-02-24,1242884.5455311777,FROG
2020-02-25,1243076.0964497568,FROG
2020-02-26,1237513.4317769052,FROG
2020-02-27,1240011.5866230966,FROG
2020-02-28,1216507.1579066662,FROG
2020-03-02,1217857.2585536388,FROG
2020-03-03,1228306.389474049,FROG
2020-03-04,1236463.8080531505,FROG
2020-03-05,1241024.2163783459,FROG
2020-03-06,1233015.67701067,FROG
2020-03-09,1212998.0181996347,FROG
2020-03-11,1211590.2188679697,FROG
2020-03-12,1173151.3604362682,FROG
2020-03-13,1176339.345757313,FROG
2020-03-16,1150034.3838389784,FROG
2020-03-17,1147339.8448253064,FROG
2020-03-18,1126544.5512953382,FROG
2020-03-19,1117177.4334431654,FROG
2020-03-20,1143652.7225056654,FROG
2020-03-23,1097424.524162007,FROG
2020-03-24,1113001.0070721633,FROG
2020-03-25,1123017.9315411574,FROG
2020-03-26,1136439.2061383254,FROG
2020-03-27,1133273.8121258742,FROG
2020-03-30,1136259.6013974196,FROG
2020-03-31,1152011.8762387282,FROG
2020-04-01,1136567.155474568,FROG
2020-04-03,1136504.8638156326,FROG
2020-04-07,1175783.4467721754,FROG
2020-04-08,1181667.7792917066,FROG
2020-04-09,1191967.5135141187,FROG
2020-04-13,1189662.7777963453,FROG
2020-04-15,1202164.527125874,FROG
2020-04-16,1205651.1143145948,FROG
2020-04-17,1198525.5798449903,FROG
2020-04-20,1192780.9606607254,FROG
2020-04-21,1194424.9874979598,FROG
2020-04-22,1201638.1417643172,FROG
2020-04-23,1198564.4832560164,FROG
2020-04-24,1204037.0265909773,FROG
2020-04-27,1213427.1506144148,FROG
2020-04-28,1204942.6753641707,FROG
2020-04-29,1199919.5464772992,FROG
2020-04-30,1205623.4641958051,FROG
2020-05-04,1187353.6374913985,FROG
2020-05-05,1175236.617324925,FROG
2020-05-06,1166977.7934190184,FROG
2020-05-07,1160853.7582627684,FROG
2020-05-08,1172832.4970628172,FROG
2020-05-11,1172617.4341660887,FROG
2020-05-12,1169601.9712714963,FROG
2020-05-13,1163201.6336073119,FROG
2020-05-14,1160689.8555616576,FROG
2020-05-15,1158359.0401930052,FROG
2020-05-18,1160004.8148747068,FROG
2020-05-19,1158129.850032788,FROG
2020-05-20,1165438.8808917054,FROG
2020-05-21,1172265.2815569886,FROG
2020-05-22,1177763.685609723,FROG
2020-05-26,1174517.1267718324,FROG
2020-05-27,1180039.7881971556,FROG
2020-05-28,1184182.3359266478,FROG
2020-05-29,1194511.8274287232,FROG
2020-06-01,1199093.897252942,FROG
2020-06-02,1197760.3369807252,FROG
2020-06-03,1201757.4599513062,FROG
2020-06-04,1208229.1850489625,FROG
2020-06-05,1203800.1470850953,FROG
2020-06-08,1200912.0644740113,FROG
2020-06-09,1202265.9489271361,FROG
2020-06-10,1202550.5489484984,FROG
2020-06-11,1190684.0101344115,FROG
2020-06-12,1190565.9391657836,FROG
2020-06-15,1185638.4114588746,FROG
2020-06-16,1184207.5589808472,FROG
2020-06-17,1183043.0833512696,FROG
2020-06-18,1185253.9185258301,FROG
2020-06-19,1185414.2730485352,FROG
2020-06-22,1188180.5231095704,FROG
2020-06-23,1196576.9113847169,FROG
2020-06-24,1191889.5390397462,FROG
2020-06-25,1196133.366890088,FROG
2020-06-26,1199695.4749052245,FROG
2020-06-29,1202781.4863493163,FROG
2020-06-30,1202986.6792106447,FROG
2020-07-01,1199867.2143244753,FROG
2020-07-02,1207384.6804804811,FROG
2020-07-03,1210630.7853388796,FROG
2020-07-06,1215929.2719416628,FROG
2020-07-07,1220417.7143244753,FROG
2020-07-08,1217672.2170100221,FROG
2020-07-09,1217144.6970820436,FROG
2020-07-10,1222393.142302991,FROG
2020-07-13,1230890.905974866,LEAP
2020-07-14,1221961.7800593385,LEAP
2020-07-15,1232353.0540156374,LEAP
2020-07-16,1250370.8701472292,LEAP
2020-07-17,1249995.1135249147,LEAP
2020-07-20,1254346.2865595827,LEAP
2020-07-21,1248778.8113398561,LEAP
2020-07-22,1240654.1988520632,LEAP
2020-07-23,1241260.700744153,LEAP
2020-07-24,1241170.0867304811,LEAP
2020-07-27,1240562.1576533327,LEAP
2020-07-28,1248299.5491633425,LEAP
2020-07-29,1250395.170501233,LEAP
2020-07-30,1252285.090789319,LEAP
2020-07-31,1264026.3876338014,LEAP
2020-08-03,1257009.0857844362,LEAP
2020-08-04,1258697.5013422975,LEAP
2020-08-05,1258821.724547864,LEAP
2020-08-06,1267980.9150691042,LEAP
2020-08-07,1267271.3319087038,LEAP
2020-08-10,1276791.2311396608,LEAP
2020-08-11,1274903.402709485,LEAP
2020-08-12,1268336.5553278932,LEAP
2020-08-13,1264174.2078547487,LEAP
2020-08-14,1263185.1157832155,LEAP
2020-08-17,1266779.9899897585,LEAP
2020-08-18,1269644.9809565553,LEAP
2020-08-19,1264787.8975214968,LEAP
2020-08-20,1262021.55209303,LEAP
2020-08-21,1265072.7703242311,LEAP
2020-08-24,1263812.5796809206,LEAP
2020-08-25,1259189.297027112,LEAP
2020-08-26,1261395.2006220827,LEAP
2020-08-27,1261057.5379328737,LEAP
2020-08-28,1260713.431365491,LEAP
2020-08-31,1244568.6917109499,LEAP
2020-09-01,1250548.4463191042,LEAP
2020-09-02,1251250.769530774,LEAP
2020-09-03,1256175.1199641237,LEAP
2020-09-04,1245072.6936334046,LEAP
2020-09-07,1249338.7001031311,LEAP
2020-09-08,1247093.839141217,LEAP
2020-09-09,1249801.776580182,LEAP
2020-09-10,1251418.2167046936,LEAP
2020-09-11,1256684.689483014,LEAP
2020-09-14,1258275.2645562561,LEAP
2020-09-15,1262899.6202081116,LEAP
2020-09-16,1272521.600432721,LEAP
2020-09-17,1268349.6510919007,LEAP
2020-09-18,1273569.1142425356,LEAP
2020-09-21,1255923.8066177187,FROG
2020-09-22,1256905.367500287,FROG
2020-09-23,1254198.1869717224,FROG
2020-09-24,1233846.848960858,FROG
2020-09-25,1251253.2197494323,FROG
2020-09-28,1257541.801078778,FROG
2020-09-29,1253488.890495282,FROG
2020-09-30,1260552.0078353698,FROG
2020-10-01,1264753.6318893249,LEAP
2020-10-05,1277567.4151840026,LEAP
2020-10-06,1277947.2881088073,LEAP
2020-10-07,1279421.147788983,LEAP
2020-10-08,1290786.0611190612,LEAP
2020-10-09,1286365.9509811217,LEAP
2020-10-12,1291082.041740399,LEAP
2020-10-13,1287622.406333905,LEAP
2020-10-14,1285545.284507733,LEAP
2020-10-15,1274883.8041610534,LEAP
2020-10-16,1277309.356193524,LEAP
2020-10-19,1279910.3095931823,LEAP
2020-10-20,1279766.4993209655,LEAP
2020-10-21,1273504.7441024596,LEAP
2020-10-22,1268962.9868697936,LEAP
2020-10-23,1271146.3054427917,LEAP
2020-10-26,1268222.3562414367,LEAP
2020-10-27,1272073.419656964,LEAP
2020-10-28,1267819.837625714,LEAP
2020-10-29,1265381.0712682921,LEAP
2020-10-30,1263159.8628637511,LEAP
2020-11-02,1261892.14274046,LEAP
2020-11-03,1263776.01774046,LEAP
2020-11-04,1270668.391367169,LEAP
2020-11-05,1278675.8871557433,LEAP
2020-11-06,1279385.311868878,LEAP
2020-11-09,1282127.1472875793,LEAP
2020-11-10,1266353.6123562437,LEAP
2020-11-11,1292234.8786411863,LEAP
2020-11-12,1295252.8576222043,LEAP
2020-11-13,1302811.5288372617,LEAP
2020-11-17,1324179.559087811,LEAP
2020-11-18,1314025.7666721921,LEAP
2020-11-19,1318847.5183811765,LEAP
2020-11-20,1329530.405206738,LEAP
2020-11-23,1342720.8739643674,LEAP
2020-11-24,1348022.9051533323,LEAP
2020-11-25,1337629.5303516965,LEAP
2020-11-26,1356288.9631786924,LEAP
2020-11-27,1357919.3807316404,LEAP
2020-12-01,1367058.19292265,LEAP
2020-12-02,1378583.37462431,LEAP
2020-12-03,1386148.2886067014,LEAP
2020-12-04,1393038.3399258237,LEAP
2020-12-07,1392826.6496334653,LEAP
2020-12-08,1394730.5212460142,LEAP
2020-12-09,1397516.2461643796,LEAP
2020-12-10,1406890.8236065488,LEAP
2020-12-11,1415699.76134306,LEAP
2020-12-14,1419756.540842114,LEAP
2020-12-15,1418105.1467075925,LEAP
2020-12-16,1427148.7903614622,LEAP
2020-12-17,1420709.9242306333,LEAP
2020-12-18,1423365.5469227415,LEAP
2020-12-21,1392609.28875166,LEAP
2020-12-22,1403956.961332379,LEAP
2020-12-23,1425684.607374249,LEAP
2020-12-24,1425821.6231175046,LEAP
2020-12-28,1434517.6177921873,LEAP
2020-12-29,1435071.356428204,LEAP
2020-12-30,1441540.177309094,LEAP
2020-12-31,1440832.5128727537,LEAP
2021-01-01,1445135.368146954,LEAP
2021-01-04,1482660.595392285,LEAP
2021-01-05,1477755.3131733518,LEAP
2021-01-06,1472541.5257816892,LEAP
2021-01-07,1488317.3563595396,LEAP
2021-01-08,1492216.4194737058,LEAP
2021-01-11,1493287.734037457,LEAP
2021-01-12,1489647.9945431333,LEAP
2021-01-13,1500393.6931896787,LEAP
2021-01-14,1504595.824674664,LEAP
2021-01-15,1498619.1974278074,LEAP
2021-01-18,1470792.9508762937,LEAP
2021-01-19,1482656.6595631223,LEAP
2021-01-20,1490106.151514111,LEAP
2021-01-21,1474121.4430027585,LEAP
2021-01-22,1462576.8239155393,LEAP
2021-01-25,1461059.8955898862,LEAP
2021-01-27,1443284.745657025,LEAP
2021-01-28,1431947.0923061948,LEAP
2021-01-29,1397998.9985005958,FROG
2021-02-01,1405700.2438771827,LEAP
2021-02-02,1412794.712093125,LEAP
2021-02-03,1418579.3182637794,LEAP
2021-02-04,1423829.088481675,LEAP
2021-02-05,1425581.4961965187,LEAP
2021-02-08,1425781.9897115333,LEAP
2021-02-09,1422511.5127675636,LEAP
2021-02-10,1423990.757304917,LEAP
2021-02-11,1429867.956310044,LEAP
2021-02-12,1420906.553462754,LEAP
2021-02-15,1418425.5283162696,LEAP
2021-02-16,1413772.9002339942,LEAP
2021-02-17,1404922.465709458,LEAP
2021-02-18,1401018.5156075293,LEAP
2021-02-19,1395458.151700669,LEAP
2021-02-22,1382415.110075303,LEAP
2021-02-23,1384590.5004256447,LEAP
2021-02-24,1384165.0907957274,LEAP
2021-02-25,1394510.992490979,LEAP
2021-02-26,1373350.3801939208,LEAP
2021-03-01,1384971.7811071593,LEAP
2021-03-02,1396043.4494726378,LEAP
2021-03-03,1419028.7206442077,LEAP
2021-03-04,1410330.4826681335,LEAP
2021-03-05,1397421.8439657409,LEAP
2021-03-08,1401004.097997876,LEAP
2021-03-09,1386276.027292462,LEAP
2021-03-10,1400008.5687582213,LEAP
2021-03-12,1393355.4917280395,LEAP
2021-03-15,1399700.4545271117,LEAP
2021-03-16,1395950.7433950622,LEAP
2021-03-17,1379785.3123805053,FROG
2021-03-18,1370830.8694178588,FROG
2021-03-19,1380556.0971400267,FROG
2021-03-22,1394334.993166638,FROG
2021-03-23,1393093.3234278685,LEAP
2021-03-24,1387180.2625758178,FROG
2021-03-25,1371708.5914405636,FROG
2021-03-26,1381548.358042126,FROG
2021-03-30,1402224.9288123897,LEAP
2021-03-31,1405172.781290417,FROG
2021-04-01,1406721.980875378,LEAP
2021-04-05,1406976.6673988155,FROG
2021-04-06,1415621.5237220577,FROG
2021-04-07,1422350.599008923,LEAP
2021-04-08,1427235.4543861202,LEAP
2021-04-09,1436469.8022254757,LEAP
2021-04-12,1428588.7038673214,FROG
2021-04-13,1421140.3278907589,FROG
2021-04-15,1423320.9363477903,FROG
2021-04-16,1429380.42450697,FROG
2021-04-19,1426812.2006300169,FROG
2021-04-20,1424169.6862867551,FROG
2021-04-22,1418763.8550224118,FROG
2021-04-23,1411316.266246777,FROG
2021-04-26,1402213.4886036497,FROG
2021-04-27,1404548.028947888,FROG
2021-04-28,1404386.0887928586,LEAP
2021-04-29,1403211.7377491575,LEAP
2021-04-30,1398417.3538990598,FROG
2021-05-03,1400814.1255923277,FROG
2021-05-04,1392498.5083157162,FROG
2021-05-05,1401932.463332806,FROG
2021-05-06,1404421.9241482357,FROG
2021-05-07,1404892.6740261654,LEAP
2021-05-10,1406807.2635647396,LEAP
2021-05-11,1405470.8519436459,LEAP
2021-05-12,1401845.1128689388,FROG
2021-05-14,1409224.8995510677,FROG
2021-05-17,1406954.1659084896,LEAP
2021-05-18,1408394.250442181,LEAP
2021-05-19,1412802.8360745052,LEAP
2021-05-20,1407424.699660931,LEAP
2021-05-21,1412524.9506374935,LEAP
2021-05-24,1410297.3791042904,LEAP
2021-05-25,1415462.6790920834,LEAP
2021-05-26,1420749.0758816341,LEAP
2021-05-27,1420223.7487331966,LEAP
2021-05-28,1414087.559091473,LEAP
2021-05-31,1421220.9193209652,LEAP
2021-06-01,1420242.6807345394,LEAP
2021-06-02,1416784.0503634457,LEAP
2021-06-03,1419797.4152926449,LEAP
2021-06-04,1417119.0611666683,LEAP
2021-06-07,1421150.7076510433,LEAP
2021-06-08,1428123.506723309,LEAP
2021-06-09,1428250.4466647152,LEAP
2021-06-10,1432832.1657809261,LEAP
2021-06-11,1434327.9267672542,LEAP
2021-06-14,1437772.2630709652,LEAP
2021-06-15,1440781.9822482113,LEAP
2021-06-16,1443573.7147311214,LEAP
2021-06-17,1444196.971628094,LEAP
2021-06-18,1444665.0730685238,LEAP
2021-06-21,1444585.4002169613,LEAP
2021-06-22,1443269.0834445003,LEAP
2021-06-23,1441147.2807711605,LEAP
2021-06-24,1449766.264169598,LEAP
2021-06-25,1448138.1030978207,LEAP
2021-06-28,1447541.6374606136,LEAP
2021-06-29,1449927.826242352,LEAP
2021-06-30,1449621.594247723,LEAP
2021-07-01,1451264.5633028988,LEAP
2021-07-02,1450214.0994357113,LEAP
2021-07-05,1450552.6565035824,LEAP
2021-07-06,1445818.035653973,LEAP
2021-07-07,1448412.1930026058,LEAP
2021-07-08,1443603.8606051449,LEAP
2021-07-09,1442818.0632418636,LEAP
2021-07-12,1440714.6603487972,LEAP
2021-07-13,1440980.775888348,LEAP
2021-07-14,1443518.342721844,LEAP
2021-07-15,1443823.1093234066,LEAP
2021-07-16,1442376.0260714535,LEAP
2021-07-19,1442615.143075848,LEAP
2021-07-20,1442440.4112643246,LEAP
2021-07-22,1443283.4839571957,LEAP
2021-07-23,1445913.474740887,LEAP
2021-07-26,1447251.116098309,LEAP
2021-07-27,1440932.943429852,LEAP
2021-07-28,1438781.0142306332,LEAP
2021-07-29,1435260.5865572933,LEAP
2021-07-30,1438907.9664401058,LEAP
2021-08-02,1444197.2338351253,LEAP
2021-08-03,1457544.93488493,LEAP
2021-08-04,1452123.9132784847,LEAP
2021-08-05,1456989.5736178402,LEAP
2021-08-06,1452577.2673434261,LEAP
2021-08-09,1456196.0581149105,LEAP
2021-08-10,1455080.8292330746,LEAP
2021-08-11,1453402.7082003597,LEAP
2021-08-12,1453828.5980319027,LEAP
2021-08-13,1460200.1713351253,LEAP
2021-08-16,1461769.046579266,LEAP
2021-08-17,1473174.875070477,LEAP
2021-08-18,1474789.6389864925,LEAP
2021-08-20,1486963.9670504574,LEAP
2021-08-23,1490690.9865206722,LEAP
2021-08-24,1485544.020395184,LEAP
2021-08-25,1490238.0941256527,LEAP
2021-08-26,1493474.095834637,LEAP
2021-08-27,1495979.0285128597,LEAP
2021-08-30,1498258.9595431332,LEAP
2021-08-31,1504433.9581393246,LEAP
2021-09-01,1500979.4582003597,LEAP
2021-09-02,1516118.2119845394,LEAP
2021-09-03,1515840.6685275082,LEAP
2021-09-06,1516441.6456393246,LEAP
2021-09-07,1516620.0144747738,LEAP
2021-09-08,1512503.3347262386,LEAP
2021-09-09,1516409.013742352,LEAP
2021-09-13,1518499.7621554378,LEAP
2021-09-14,1518384.4312228207,LEAP
2021-09-15,1520844.8172091488,LEAP
2021-09-16,1524728.7174777035,LEAP
2021-09-17,1523045.0913180355,LEAP
2021-09-20,1525182.3165987972,LEAP
2021-09-21,1533367.8071993832,LEAP
2021-09-22,1531705.0976046566,LEAP
2021-09-23,1532454.6101168636,LEAP
2021-09-24,1531606.9190768246,LEAP
2021-09-27,1521853.8316744808,LEAP
2021-09-28,1517558.7412814144,LEAP
2021-09-29,1517205.0655001644,LEAP
2021-09-30,1513372.1530245785,LEAP
2021-10-01,1511619.8062838558,LEAP
2021-10-04,1510787.6223238949,LEAP
2021-10-05,1509047.2990206722,LEAP
2021-10-06,1503044.8304537777,LEAP
2021-10-07,1505199.3737887386,LEAP
2021-10-08,1504902.6831149105,LEAP
2021-10-11,1498797.4262179378,LEAP
2021-10-12,1503719.8082369808,LEAP
2021-10-13,1508231.591928387,LEAP
2021-10-14,1509602.0557955746,LEAP
2021-10-18,1516111.609506512,LEAP
2021-10-19,1504556.9629000667,LEAP
2021-10-20,1497500.8991183285,LEAP
2021-10-21,1489148.3601778988,LEAP
2021-10-22,1480594.2219332699,LEAP
2021-10-25,1474659.8554781917,LEAP
2021-10-26,1481346.800912762,LEAP
2021-10-27,1484437.1292208675,LEAP
2021-10-28,1471755.5503634457,LEAP
2021-10-29,1468860.5853365902,LEAP
2021-11-01,1476689.5586031917,LEAP
2021-11-02,1475540.6049899105,LEAP
2021-11-03,1475844.4702242855,LEAP
2021-11-04,1479617.8296603207,LEAP
2021-11-08,1485045.0732516292,LEAP
2021-11-09,1481744.6052950863,LEAP
2021-11-10,1482811.066903973,LEAP
2021-11-11,1478302.8538912777,LEAP
2021-11-12,1488292.8443697933,LEAP
2021-11-15,1497468.5113619808,LEAP
2021-11-16,1494262.7207125667,LEAP
2021-11-17,1490755.1530856136,LEAP
2021-11-18,1482973.2095626644,FROG
2021-11-22,1473744.707188702,FROG
2021-11-23,1479323.4996691707,FROG
2021-11-24,1468513.8315020564,FROG
2021-11-25,1471184.2129107479,FROG
2021-11-26,1469382.9625303461,FROG
2021-11-29,1464816.8829679685,FROG
2021-11-30,1467307.3952360349,FROG
2021-12-01,1461357.855442639,FROG
2021-12-02,1470970.6805158812,FROG
2021-12-03,1463892.9618116575,FROG
2021-12-06,1448473.9104353148,FROG
2021-12-07,1454071.662159558,FROG
2021-12-08,1465168.885029431,FROG
2021-12-09,1470143.094807263,FROG
2021-12-10,1470763.2653394896,FROG
2021-12-13,1465539.582432385,FROG
2021-12-14,1465087.3777662474,FROG
2021-12-15,1460581.8710197262,FROG
2021-12-16,1458749.4705113033,FROG
2021-12-17,1453053.6801365474,FROG
2021-12-20,1448951.224936047,FROG
2021-12-21,1454472.592703381,FROG
2021-12-22,1458534.8400636106,FROG
2021-12-23,1467485.9142823606,FROG
2021-12-24,1466101.5029664426,FROG
2021-12-27,1469333.6729035764,FROG
2021-12-28,1475949.7775788694,FROG
2021-12-29,1478115.709250012,FROG
2021-12-30,1482033.5526643186,FROG
2021-12-31,1487722.6264405637,FROG
2022-01-03,1489999.0407624631,LEAP
2022-01-04,1491956.7858796506,LEAP
2022-01-05,1491244.0202088743,LEAP
2022-01-06,1484742.9393678098,FROG
2022-01-07,1488092.2508985715,FROG
2022-01-10,1492201.8506757931,FROG
2022-01-11,1492744.0648634152,FROG
2022-01-12,1490703.225752087,FROG
2022-01-13,1499120.2842390256,FROG
2022-01-14,1496292.286298962,FROG
2022-01-17,1495593.7434675412,FROG
2022-01-18,1488112.0074903683,FROG
2022-01-19,1478116.544630261,FROG
2022-01-20,1465927.8501435667,FROG
2022-01-21,1464764.8095246702,FROG
2022-01-24,1449933.5014381222,FROG
2022-01-25,1451954.928766003,FROG
2022-01-27,1444288.6919526486,FROG
2022-01-28,1448422.3051118283,FROG
2022-01-31,1455197.1644563107,FROG
2022-02-01,1469038.6180744749,FROG
2022-02-02,1472364.8170490842,FROG
2022-02-03,1466294.7512226682,FROG
2022-02-04,1467031.2679920774,FROG
2022-02-07,1455537.8013557247,FROG
2022-02-08,1457691.6245063595,FROG
2022-02-09,1460653.128420544,FROG
2022-02-10,1464114.5178553585,FROG
2022-02-11,1453352.1359766964,FROG
2022-02-14,1444318.3140620235,FROG
2022-02-15,1453787.9308738522,FROG
2022-02-16,1453470.3387412839,FROG
2022-02-17,1450398.8971671872,FROG
2022-02-18,1446353.655925732,FROG
2022-02-21,1441879.789456616,FROG
2022-02-22,1436310.7330583003,FROG
2022-02-23,1433217.9858408934,FROG
2022-02-24,1413219.921161938,FROG
2022-02-25,1422693.2661173823,FROG
2022-02-28,1425857.204493237,FROG
2022-03-02,1423574.09482832,FROG
2022-03-03,1424852.2446238522,FROG
2022-03-04,1423737.4585825924,FROG
2022-03-07,1418101.3722277647,FROG
2022-03-08,1428909.603184796,FROG
2022-03-09,1434209.1637621885,FROG
2022-03-10,1438670.5035143858,FROG
2022-03-11,1446642.2878924375,FROG
2022-03-14,1451734.4108172422,FROG
2022-03-15,1449756.5246630674,FROG
2022-03-16,1455491.271098309,FROG
2022-03-17,1458205.7098037533,FROG
2022-03-21,1453795.0688583187,FROG
2022-03-22,1452932.0276910213,FROG
2022-03-23,1449079.7624462703,FROG
2022-03-24,1454085.5932110408,FROG
2022-03-25,1448921.168497906,FROG
2022-03-28,1449097.124081097,FROG
2022-03-29,1451792.013546429,FROG
2022-03-30,1450453.0351528744,FROG
2022-03-31,1449890.380306683,FROG
2022-04-01,1450346.1991238217,FROG
2022-04-04,1453259.420818768,FROG
2022-04-05,1453766.4168832211,FROG
2022-04-06,1451135.0397775082,FROG
2022-04-07,1448309.8935549739,FROG
2022-04-08,1453140.8300478938,FROG
2022-04-11,1450301.8967147642,FROG
2022-04-12,1446555.0772414976,FROG
2022-04-13,1449804.0775619322,FROG
2022-04-18,1442173.1840890315,FROG
2022-04-19,1422485.7001717952,FROG
2022-04-20,1430753.7242349056,FROG
2022-04-21,1439601.6769174007,FROG
2022-04-22,1430335.4412301448,FROG
2022-04-25,1415916.5308316615,FROG
2022-04-26,1428213.868111935,FROG
2022-04-27,1423537.0342496303,FROG
2022-04-28,1435540.5889371303,FROG
2022-04-29,1429200.4003384975,FROG
2022-05-02,1428238.742684689,FROG
2022-05-04,1416707.3013370328,FROG
2022-05-05,1410528.804092465,FROG
2022-05-06,1400953.4035965544,FROG
2022-05-09,1399408.454194699,FROG
2022-05-10,1396299.9883743864,FROG
2022-05-11,1392936.7513138396,FROG
2022-05-12,1387072.7605911833,FROG
2022-05-13,1396742.8992020232,FROG
2022-05-16,1394791.4825150114,FROG
2022-05-17,1405673.6488358122,FROG
2022-05-18,1410559.2051102263,FROG
2022-05-19,1398377.017422238,FROG
2022-05-20,1411492.2488065152,FROG
2022-05-23,1412522.3348660856,FROG
2022-05-24,1407123.5227322965,FROG
2022-05-25,1408688.3500028043,FROG
2022-05-26,1407135.0695081144,FROG
2022-05-27,1410295.797901669,FROG
2022-05-30,1412015.834950009,FROG
2022-05-31,1412324.370960751,FROG
2022-06-01,1403767.3719983487,FROG
2022-06-02,1406966.4377942472,FROG
2022-06-03,1403045.5930066495,FROG
2022-06-06,1402403.9972424894,FROG
2022-06-07,1392275.7347766692,FROG
2022-06-08,1388265.703831845,FROG
2022-06-09,1390822.922948056,FROG
2022-06-10,1389299.438573056,FROG
2022-06-13,1383927.663942929,FROG
2022-06-14,1384251.5946069914,FROG
2022-06-15,1383513.2667871672,FROG
2022-06-16,1378708.7228308683,FROG
2022-06-17,1372475.5724402433,FROG
2022-06-20,1380448.8681555754,FROG
2022-06-21,1386064.528983212,FROG
2022-06-22,1381286.7529212004,FROG
2022-06-23,1386309.543021298,FROG
2022-06-24,1389687.8404456144,FROG
2022-06-27,1391887.9991351897,FROG
2022-06-28,1392426.1354266936,FROG
2022-06-29,1390940.9666034514,FROG
2022-06-30,1388579.0723773772,FROG
2022-07-01,1400870.9205829436,FROG
2022-07-04,1407920.0239853482,FROG
2022-07-05,1407666.5023178677,FROG
2022-07-06,1421675.4351791958,FROG
2022-07-07,1420937.4456162076,FROG
2022-07-08,1425046.4959091763,FROG
2022-07-11,1424232.9855331997,FROG
2022-07-12,1414877.5306381802,FROG
2022-07-13,1420628.629026852,FROG
2022-07-14,1422804.3073715786,FROG
2022-07-15,1431027.518858395,FROG
2022-07-18,1432625.568418942,FROG
2022-07-19,1430355.3826889615,FROG
2022-07-20,1439033.407164059,FROG
2022-07-21,1443842.118040524,FROG
2022-07-22,1446461.1087631802,FROG
2022-07-25,1442151.7045273404,FROG
2022-07-26,1431942.2387070279,FROG
2022-07-27,1441759.7369370083,FROG
2022-07-28,1448360.054599362,FROG
2022-07-29,1460864.1224094206,FROG
2022-08-01,1458540.3621555143,FROG
2022-08-02,1459043.1271091276,FROG
2022-08-03,1457050.0278049284,FROG
2022-08-04,1467694.801913815,FROG
2022-08-05,1466987.8924582487,FROG
2022-08-08,1466400.670717526,FROG
2022-08-10,1466439.3217185026,FROG
2022-08-11,1465633.9199851041,FROG
2022-08-12,1461648.0903952604,FROG
2022-08-16,1465778.7927268033,FROG
2022-08-17,1469846.3905051237,FROG
2022-08-18,1469549.369570065,FROG
2022-08-19,1463785.6232932096,FROG
2022-08-22,1458685.7065048795,FROG
2022-08-23,1458191.1997910123,FROG
2022-08-24,1454302.4907987027,FROG
2022-08-25,1447840.646743527,FROG
2022-08-26,1446912.5576321988,FROG
2022-08-29,1443490.2826077847,LEAP
2022-08-30,1459289.7980496793,LEAP
2022-09-01,1445876.7188870816,LEAP
2022-09-02,1444705.8073593718,LEAP
2022-09-05,1446318.114427243,LEAP
2022-09-06,1444191.2161118132,LEAP
2022-09-07,1447745.0489975554,LEAP
2022-09-08,1449869.2501083952,LEAP
2022-09-09,1451290.2107407195,LEAP
2022-09-12,1450984.8917099577,LEAP
2022-09-13,1454614.9778915984,LEAP
2022-09-14,1450559.9398056609,LEAP
2022-09-15,1444141.1166574673,LEAP
2022-09-16,1430974.9478122524,LEAP
2022-09-19,1437835.3281528286,LEAP
2022-09-20,1454303.1119357876,LEAP
2022-09-21,1448492.966153317,LEAP
2022-09-22,1455366.1363803677,LEAP
2022-09-23,1438642.2336467556,FROG
2022-09-26,1429389.7036174587,FROG
2022-09-27,1435614.82721365,FROG
2022-09-28,1435982.8121330836,FROG
2022-09-29,1443413.9722282984,FROG
2022-09-30,1444528.4416496851,FROG
2022-10-03,1436702.3235466578,FROG
2022-10-04,1443218.1403191187,FROG
2022-10-06,1440587.9996941187,FROG
2022-10-07,1438860.3702385523,FROG
2022-10-10,1432539.1383246426,FROG
2022-10-11,1423507.9086798672,FROG
2022-10-12,1430866.608203793,FROG
2022-10-13,1430604.957233334,FROG
2022-10-14,1434171.743610287,FROG
2022-10-17,1433859.7120545008,FROG
2022-10-18,1440492.6946594813,FROG
2022-10-19,1440757.137683163,LEAP
2022-10-20,1448078.5751221278,LEAP
2022-10-21,1449569.2720215418,LEAP
2022-10-24,1452966.6878540614,LEAP
2022-10-25,1446763.368324032,LEAP
2022-10-27,1453103.2972485926,LEAP
2022-10-28,1451007.5362012293,LEAP
2022-10-31,1457927.252876034,LEAP
2022-11-01,1465387.39972662,LEAP
2022-11-02,1463255.9846265223,LEAP
2022-11-03,1461578.6288525965,LEAP
2022-11-04,1460089.3632886317,LEAP
2022-11-07,1464296.9635693934,LEAP
2022-11-09,1465016.1581494715,LEAP
2022-11-10,1460813.9331128504,LEAP
2022-11-11,1464644.8517529871,LEAP
2022-11-14,1463146.5887524989,LEAP
2022-11-15,1462460.4597852137,LEAP
2022-11-16,1463019.2276685145,LEAP
2022-11-17,1461086.6869580653,LEAP
2022-11-18,1457639.64392828,LEAP
2022-11-21,1454756.6326367762,LEAP
2022-11-22,1456589.260261288,LEAP
2022-11-23,1457925.5011670496,LEAP
2022-11-24,1463203.9539258387,LEAP
2022-11-25,1463556.893501034,LEAP
2022-11-28,1464817.6611401942,LEAP
2022-11-29,1477212.0853955653,LEAP
2022-11-30,1479439.6655957606,LEAP
2022-12-01,1479324.9630811121,LEAP
2022-12-02,1476159.867744198,LEAP
2022-12-05,1474907.2229688074,LEAP
2022-12-06,1474531.1034619715,LEAP
2022-12-07,1473823.6278149989,LEAP
2022-12-08,1470837.8949658778,LEAP
2022-12-09,1471320.0002515223,LEAP
2022-12-12,1471230.4964673426,LEAP
2022-12-13,1473199.64002203,LEAP
2022-12-14,1471389.4835889246,LEAP
2022-12-15,1466500.393867245,LEAP
2022-12-16,1461043.607917538,LEAP
2022-12-19,1466498.901313534,LEAP
2022-12-20,1464312.903693905,LEAP
2022-12-21,1466444.139960995,LEAP
2022-12-22,1465474.2893457608,FROG
2022-12-23,1455899.980192013,FROG
2022-12-26,1455045.525714474,FROG
2022-12-27,1455006.4409976772,FROG
2022-12-28,1452660.5120090297,FROG
2022-12-29,1451262.4543918422,FROG
2022-12-30,1446140.3388406949,FROG
2023-01-02,1445121.4442044646,FROG
2023-01-03,1444724.6058853725,FROG
2023-01-04,1439723.6216324428,FROG
2023-01-05,1448823.1578873256,FROG
2023-01-06,1441798.4907730678,FROG
2023-01-09,1450885.4620865444,FROG
2023-01-10,1447246.5770767787,FROG
2023-01-11,1443154.867054806,FROG
2023-01-12,1444391.4731949428,FROG
2023-01-13,1448010.8956802944,FROG
2023-01-16,1450066.2461441616,FROG
2023-01-17,1457624.6741226772,FROG
2023-01-18,1459866.3766373256,FROG
2023-01-19,1456036.8464859584,FROG
2023-01-20,1449359.5021256069,FROG
2023-01-23,1456556.4718454555,FROG
2023-01-24,1458171.613813229,FROG
2023-01-25,1454369.3047775845,FROG
2023-01-27,1454852.1355881314,FROG
2023-01-30,1454233.8253464322,FROG
2023-01-31,1448946.9211716275,FROG
2023-02-01,1454938.9046311001,FROG
2023-02-02,1465399.7145676236,FROG
2023-02-03,1466715.325434323,FROG
2023-02-06,1466833.8831125456,FROG
2023-02-07,1459740.9227853972,FROG
2023-02-08,1464016.2322946745,FROG
2023-02-09,1464552.1021066862,FROG
2023-02-10,1463610.2898508268,FROG
2023-02-13,1460201.0902048307,FROG
2023-02-14,1464778.4186350065,FROG
2023-02-15,1465667.6102853972,FROG
2023-02-16,1468143.0369211393,FROG
2023-02-17,1459386.8849875457,FROG
2023-02-20,1450511.260309201,FROG
2023-02-21,1448670.877496701,FROG
2023-02-22,1444083.8652896697,FROG
2023-02-23,1445107.2625064666,FROG
2023-02-24,1443039.930597287,FROG
2023-02-27,1431010.276995297,FROG
2023-02-28,1424938.5839276703,FROG
2023-03-01,1425684.0914349945,FROG
2023-03-02,1420275.1606488617,FROG
2023-03-03,1424513.254948178,FROG
2023-03-06,1427126.3410077484,FROG
2023-03-08,1426460.4280438812,FROG
2023-03-09,1420767.0493207367,FROG
2023-03-10,1421243.170170346,FROG
2023-03-13,1413191.379142514,FROG
2023-03-14,1409191.5677411468,FROG
2023-03-15,1404670.2645795257,FROG
2023-03-16,1412913.6996381194,FROG
2023-03-17,1413111.4004437835,FROG
2023-03-20,1412995.5555341155,FROG
2023-03-21,1406350.893607846,FROG
2023-03-22,1409412.9087445647,FROG
2023-03-23,1411328.9770429046,FROG
2023-03-24,1409586.1484296233,FROG
2023-03-27,1413901.15300726,FROG
2023-03-28,1411284.5969159515,FROG
2023-03-29,1417248.3403851897,FROG
2023-03-31,1428320.8387372405,FROG
2023-04-03,1424479.5336835296,FROG
2023-04-05,1432339.210441342,FROG
2023-04-06,1427956.386161557,FROG
2023-04-10,1427240.2411420257,FROG
2023-04-11,1428388.177970639,FROG
2023-04-12,1428896.4094159515,FROG
2023-04-13,1427579.7273480804,FROG
2023-04-17,1423353.759130307,FROG
2023-04-18,1425174.7746942719,FROG
2023-04-19,1421468.1481073578,FROG
2023-04-20,1419072.1372431,FROG
2023-04-21,1425799.3420770844,FROG
2023-04-24,1424863.381017514,FROG
2023-04-25,1427204.3521478851,FROG
2023-04-26,1431483.167699643,FROG
2023-04-27,1431948.1503046234,FROG
2023-04-28,1440817.419713803,FROG
2023-05-02,1439686.4737909515,FROG
2023-05-03,1441096.1647089203,FROG
2023-05-04,1443322.715734311,FROG
2023-05-05,1441139.6791119962,FROG
2023-05-08,1442240.5994000821,FROG
2023-05-09,1441108.670811215,FROG
2023-05-10,1442535.1514020353,FROG
2023-05-11,1444396.4371686368,FROG
2023-05-12,1442875.002842465,FROG
2023-05-15,1443823.5959970672,FROG
2023-05-16,1441430.9905893523,FROG
2023-05-17,1439602.306507321,FROG
2023-05-18,1432401.6117584808,FROG
2023-05-19,1431518.7196381195,FROG
2023-05-22,1436023.769809018,FROG
2023-05-23,1437342.0958588226,FROG
2023-05-24,1440681.3985321624,FROG
2023-05-25,1443664.3920014007,FROG
2023-05-26,1452642.1758759124,FROG
2023-05-29,1455346.1731903655,FROG
2023-05-30,1457366.7121918304,LEAP
2023-05-31,1459436.1599457366,LEAP
2023-06-01,1462647.1185639007,LEAP
2023-06-02,1466091.2981293304,LEAP
2023-06-05,1464659.1215546234,LEAP
2023-06-06,1462929.3271820648,LEAP
2023-06-07,1472005.540560971,LEAP
2023-06-08,1465604.9147064788,LEAP
2023-06-09,1461755.1821014984,LEAP
2023-06-12,1463767.5419037445,LEAP
2023-06-13,1471920.7502167327,LEAP
2023-06-14,1473632.1411469085,LEAP
2023-06-15,1478664.0834076507,LEAP
2023-06-16,1482392.8528778655,LEAP
2023-06-19,1482936.239779721,LEAP
2023-06-20,1483912.513949643,LEAP
2023-06-21,1482150.8523895843,LEAP
2023-06-22,1476126.672580014,LEAP
2023-06-23,1473457.380404721,LEAP
2023-06-26,1478721.801059018,LEAP
2023-06-27,1477342.2543671234,LEAP
2023-06-28,1482786.8981049163,LEAP
2023-06-30,1490350.6836884124,LEAP
2023-07-03,1490550.1548798187,LEAP
2023-07-04,1494208.292147885,LEAP
2023-07-05,1503034.8685639007,LEAP
2023-07-06,1505856.6294281585,LEAP
2023-07-07,1495860.7594330413,LEAP
2023-07-10,1490930.4597504241,LEAP
2023-07-11,1500755.8361542327,LEAP
2023-07-12,1500910.289340268,LEAP
2023-07-13,1500242.7347748382,LEAP
2023-07-14,1510002.8529999359,LEAP
2023-07-17,1509223.9300873382,LEAP
2023-07-18,1505673.7887299163,LEAP
2023-07-19,1507533.2688324554,LEAP
2023-07-20,1516133.9415619476,LEAP
2023-07-21,1508099.571383725,LEAP
2023-07-24,1500991.3165619476,LEAP
2023-07-25,1497057.1543915374,LEAP
2023-07-26,1505632.3904755218,LEAP
2023-07-27,1510590.244418393,LEAP
2023-07-28,1514621.6533539398,LEAP
2023-07-31,1512342.713168393,LEAP
2023-08-01,1512458.593661557,LEAP
2023-08-02,1510544.562045346,LEAP
2023-08-03,1504438.208529721,LEAP
2023-08-04,1511098.9250214202,LEAP
2023-08-07,1512875.4586517913,LEAP
2023-08-08,1512134.1059296234,LEAP
2023-08-09,1514834.0908539398,LEAP
2023-08-10,1508820.8998139007,LEAP
2023-08-11,1501738.148410092,LEAP
2023-08-14,1501023.541720639,LEAP
2023-08-16,1503351.2665131195,LEAP
2023-08-17,1498305.475314389,LEAP
2023-08-18,1497419.060885678,LEAP
2023-08-21,1500755.0028412445,LEAP
2023-08-22,1501859.315585385,LEAP
2023-08-23,1500536.472628842,LEAP
2023-08-24,1499454.138949643,LEAP
2023-08-25,1490890.531036435,FROG
2023-08-28,1491024.3309631927,FROG
2023-08-29,1488615.1578479584,FROG
2023-08-30,1493301.9425159271,FROG
2023-08-31,1489893.2653919037,FROG
2023-09-01,1489395.7128131683,LEAP
2023-09-04,1491370.5719440277,LEAP
2023-09-05,1496153.9942462738,LEAP
2023-09-06,1501253.7519977386,LEAP
2023-09-07,1498901.4413898285,LEAP
2023-09-08,1498027.9910114105,LEAP
2023-09-11,1502756.1030109222,LEAP
2023-09-12,1505744.3787677581,LEAP
2023-09-13,1505936.4851520355,LEAP
2023-09-14,1505094.6421954925,LEAP
2023-09-15,1504668.8063190277,LEAP
2023-09-18,1506507.491255551,LEAP
2023-09-20,1504326.7867267425,LEAP
2023-09-21,1500380.692366391,LEAP
2023-09-22,1496637.425380307,LEAP
2023-09-25,1492676.716762143,LEAP
2023-09-26,1493067.1828876312,LEAP
2023-09-27,1498111.3070941742,LEAP
2023-09-28,1486674.6557044038,FROG
2023-09-29,1491816.65033331,LEAP
2023-10-03,1487607.0770911225,FROG
2023-10-04,1490237.310062314,FROG
2023-10-05,1491281.791690732,FROG
2023-10-06,1493889.6035193452,LEAP
2023-10-09,1492343.20111456,FROG
2023-10-10,1494914.4505652436,LEAP
2023-10-11,1499243.0623816499,LEAP
2023-10-12,1494567.4932288178,LEAP
2023-10-13,1497083.498783017,LEAP
2023-10-16,1492864.8977698334,LEAP
2023-10-17,1496117.2617835053,LEAP
2023-10-18,1498089.604190732,LEAP
2023-10-19,1498409.138439847,LEAP
2023-10-20,1493063.5053673373,FROG
2023-10-23,1483305.4281395539,FROG
2023-10-25,1478329.5574425324,FROG
2023-10-26,1469868.7528771027,FROG
2023-10-27,1478741.8766563996,FROG
2023-10-30,1479586.2810448273,FROG
2023-10-31,1476373.3815099152,FROG
2023-11-01,1473094.063608304,FROG
2023-11-02,1483872.1545201691,FROG
2023-11-03,1487034.6620274934,FROG
2023-11-06,1492279.463846341,FROG
2023-11-07,1494776.6052037629,FROG
2023-11-08,1498609.1492711457,FROG
2023-11-09,1493368.5162755402,FROG
2023-11-10,1494208.5057164582,FROG
2023-11-13,1493492.3722936066,FROG
2023-11-15,1499186.1286412629,LEAP
2023-11-16,1504250.1937657746,LEAP
2023-11-17,1509186.5204259309,LEAP
2023-11-20,1507681.0305577668,LEAP
2023-11-21,1508651.0978795441,LEAP
2023-11-22,1512900.3620397004,LEAP
2023-11-23,1503683.030143338,LEAP
2023-11-24,1498147.4439006622,LEAP
2023-11-28,1498822.340262967,LEAP
2023-11-29,1503857.773917752,LEAP
2023-11-30,1507396.7338786896,LEAP
2023-12-01,1514631.6497112091,LEAP
2023-12-04,1517611.329792386,FROG
2023-12-05,1518848.2846263703,LEAP
2023-12-06,1524992.3237499055,LEAP
2023-12-07,1522901.072834378,LEAP
2023-12-08,1520766.5521434601,LEAP
2023-12-11,1521814.723957425,LEAP
2023-12-12,1518361.0078929719,LEAP
2023-12-13,1518506.3686107453,LEAP
2023-12-14,1522977.2658885773,LEAP
2023-12-15,1529233.6513866242,LEAP
2023-12-18,1529039.8257640656,LEAP
2023-12-19,1536403.5215648469,LEAP
2023-12-20,1529085.1401561555,LEAP
2023-12-21,1529499.5511058625,LEAP
2023-12-22,1537973.8269237336,LEAP
2023-12-26,1540012.3094066437,LEAP
2023-12-27,1543591.0266307648,LEAP
2023-12-28,1552238.9074291047,LEAP
2023-12-29,1554940.0972484406,LEAP
2024-01-01,1559912.7808421906,LEAP
2024-01-02,1561148.4331249055,LEAP
2024-01-03,1554912.8375438508,LEAP
2024-01-04,1562322.3479808625,LEAP
2024-01-05,1561040.9909862336,LEAP
2024-01-08,1549080.8866771515,LEAP
2024-01-09,1549439.243122464,LEAP
2024-01-10,1550759.865375882,LEAP
2024-01-11,1548265.8246654328,LEAP
2024-01-12,1559133.6690257844,LEAP
2024-01-15,1564913.7965282258,LEAP
2024-01-16,1561021.5738109406,LEAP
2024-01-17,1556269.6827586945,LEAP
2024-01-18,1557081.1500438508,LEAP
2024-01-19,1565067.7276195344,LEAP
2024-01-23,1555656.6561424835,LEAP
2024-01-24,1564644.0136864288,LEAP
2024-01-25,1555341.148513089,LEAP
2024-01-29,1554527.404433499,LEAP
2024-01-30,1547395.2935936553,LEAP
2024-01-31,1558350.7693626983,LEAP
2024-02-01,1561175.4254295928,LEAP
2024-02-02,1565607.2181542022,LEAP
2024-02-05,1568785.0500023467,LEAP
2024-02-06,1571884.7802879913,LEAP
2024-02-07,1574953.8732445342,LEAP
2024-02-08,1565285.0345604522,LEAP
2024-02-09,1572594.3123924835,LEAP
2024-02-12,1572399.7890770538,LEAP
2024-02-13,1576183.0552513702,LEAP
2024-02-14,1572370.4466698272,LEAP
2024-02-15,1569814.8990624053,LEAP
2024-02-16,1573973.786391507,LEAP
2024-02-19,1578748.189162503,LEAP
2024-02-20,1576329.4189598663,LEAP
2024-02-21,1573638.0984642608,LEAP
2024-02-22,1579822.6394798858,LEAP
2024-02-23,1579057.1880638702,LEAP
2024-02-26,1575215.8273460967,LEAP
2024-02-27,1583083.9820702178,LEAP
2024-02-28,1581145.2566673858,LEAP
2024-02-29,1584013.957900296,LEAP
2024-03-01,1580660.0261376007,LEAP
2024-03-04,1575975.0753929717,LEAP
2024-03-05,1571708.4823143585,LEAP
2024-03-06,1577216.1742088897,LEAP
2024-03-07,1580135.3995506866,LEAP
2024-03-11,1582624.4893944366,LEAP
2024-03-12,1578788.3656151397,LEAP
2024-03-13,1573878.6535179717,LEAP
2024-03-14,1584920.7105858428,LEAP
2024-03-15,1581442.8759911163,LEAP
2024-03-18,1578501.0972435577,LEAP
2024-03-19,1555153.171252957,FROG
2024-03-20,1554432.2107036407,FROG
2024-03-21,1558530.7415263946,LEAP
2024-03-22,1561398.9812724884,LEAP
2024-03-26,1560508.3858745391,LEAP
2024-03-27,1557830.8239238556,LEAP
2024-03-28,1564907.2605388458,LEAP
2024-04-01,1565871.2476909454,LEAP
2024-04-02,1563054.3736052522,LEAP
2024-04-03,1557411.7943816194,LEAP
2024-04-04,1552644.387795926,LEAP
2024-04-05,1550422.7579741487,LEAP
2024-04-08,1552075.5485930452,LEAP
2024-04-09,1552205.34439993,LEAP
2024-04-10,1551169.4272856722,LEAP
2024-04-12,1539934.0220732698,LEAP
2024-04-15,1530621.239133359,LEAP
2024-04-16,1519961.1000348483,FROG
2024-04-18,1511793.7662335788,FROG
2024-04-19,1509824.2510883152,FROG
2024-04-22,1516002.9431659519,LEAP
2024-04-23,1516139.199666196,LEAP
2024-04-24,1518396.3420001804,LEAP
2024-04-25,1526211.0831195652,LEAP
2024-04-26,1521351.5749408542,LEAP
2024-04-29,1524064.5013019382,LEAP
2024-04-30,1519359.9915363132,LEAP
2024-05-02,1522819.745747739,LEAP
2024-05-03,1519572.8193256198,LEAP
2024-05-06,1528076.9946491062,LEAP
2024-05-07,1532026.5755817234,LEAP
2024-05-08,1533488.2106220066,LEAP
2024-05-09,1522638.5886682712,FROG
2024-05-10,1523170.9608301364,FROG
2024-05-13,1530380.0572656833,FROG
2024-05-14,1525797.0755762302,FROG
2024-05-15,1522327.1066736423,FROG
2024-05-16,1529338.7335962497,LEAP
2024-05-17,1522987.8431238376,LEAP
2024-05-21,1527510.4369348728,LEAP
2024-05-22,1539136.576095029,LEAP
2024-05-23,1541741.7613062107,LEAP
2024-05-24,1536800.2452844821,LEAP
2024-05-27,1535738.1747278415,LEAP
2024-05-28,1536136.1404566013,LEAP
2024-05-29,1533646.757308408,LEAP
2024-05-30,1520757.1741638766,LEAP
2024-05-31,1514543.6477668583,LEAP
2024-06-03,1530030.5434425175,LEAP
2024-06-04,1509543.6792901433,FROG
2024-06-05,1535026.9359124578,LEAP
2024-06-06,1533875.531096784,LEAP
2024-06-07,1548687.6844781316,LEAP
2024-06-10,1550698.7508233464,LEAP
2024-06-11,1547291.0310357488,LEAP
2024-06-12,1545502.7852776921,LEAP
2024-06-13,1543449.7479241765,LEAP
2024-06-14,1544312.9360955632,LEAP
2024-06-18,1544183.5573419011,LEAP
2024-06-19,1538743.8293145574,LEAP
2024-06-20,1537762.5422051824,LEAP
2024-06-21,1532540.8109124578,LEAP
2024-06-24,1534435.3298028386,LEAP
2024-06-25,1535232.0611260808,LEAP
2024-06-26,1539039.233062116,LEAP
2024-06-27,1543500.6214288152,LEAP
2024-06-28,1544581.9240106023,LEAP
2024-07-01,1552070.912169782,LEAP
2024-07-02,1550799.9640801824,LEAP
2024-07-03,1554079.7804864324,LEAP
2024-07-04,1556465.1256707585,LEAP
2024-07-05,1564816.1085198796,LEAP
2024-07-08,1570954.2256463445,LEAP
2024-07-09,1579850.6543877996,LEAP
2024-07-10,1580118.1824029363,LEAP
2024-07-11,1579646.3876946843,LEAP
2024-07-12,1591560.2257989324,LEAP
2024-07-15,1593309.4472955144,LEAP
2024-07-16,1599786.9474481023,LEAP
2024-07-18,1610078.8677667058,LEAP
2024-07-19,1607406.8708489812,LEAP
2024-07-22,1608660.2933343328,LEAP
2024-07-23,1622172.3570245183,LEAP
2024-07-24,1615603.5810235417,LEAP
2024-07-25,1614032.8189080632,LEAP
2024-07-26,1630581.4069817937,LEAP
2024-07-29,1629355.2189629949,LEAP
2024-07-30,1621717.2226861394,LEAP
2024-07-31,1624648.4239800847,LEAP
2024-08-01,1625094.7479241765,LEAP
2024-08-02,1616884.6700738347,LEAP
2024-08-05,1610599.5330193914,LEAP
2024-08-06,1614578.5255425847,LEAP
2024-08-07,1623937.0554803289,LEAP
2024-08-08,1618303.9617608464,LEAP
2024-08-09,1620672.9102471746,LEAP
2024-08-12,1618740.071318952,LEAP
2024-08-13,1616103.6744073308,LEAP
2024-08-14,1617793.0983575261,LEAP
2024-08-16,1632239.232848493,LEAP
2024-08-19,1633946.3437188542,LEAP
2024-08-20,1636634.6585381902,LEAP
2024-08-21,1646606.0868523992,LEAP
2024-08-22,1646302.9718621648,LEAP
2024-08-23,1644129.006347028,LEAP
2024-08-26,1648795.8630364812,LEAP
2024-08-27,1645998.5895074285,LEAP
2024-08-28,1648693.3753655828,LEAP
2024-08-29,1652870.619994489,LEAP
2024-08-30,1656471.1635125554,LEAP
2024-09-02,1659810.482848493,LEAP
2024-09-03,1659213.8386224187,LEAP
2024-09-04,1661847.8825372136,LEAP
2024-09-05,1658133.1945184148,LEAP
2024-09-06,1652139.1242059148,LEAP
2024-09-09,1662446.9383843816,LEAP
2024-09-10,1667768.297515241,LEAP
2024-09-11,1667836.0509637273,LEAP
2024-09-12,1679568.8307794011,LEAP
2024-09-13,1676522.9597466863,LEAP
2024-09-16,1673566.1740411199,LEAP
2024-09-17,1674652.823333112,LEAP
2024-09-18,1664986.1679986394,LEAP
2024-09-19,1668428.1442864812,LEAP
2024-09-20,1678188.9956048406,LEAP
2024-09-23,1680728.224089948,LEAP
2024-09-24,1674467.574279157,LEAP
2024-09-25,1670227.8670648015,LEAP
2024-09-26,1676920.953978864,LEAP
2024-09-27,1684456.7011102117,LEAP
2024-09-30,1675646.574279157,LEAP
2024-10-01,1678034.6476739324,LEAP
2024-10-03,1663553.5021661199,LEAP
2024-10-04,1650567.0014312565,FROG
2024-10-07,1648960.919296247,FROG
2024-10-08,1651521.8522186102,FROG
2024-10-09,1645005.8341113103,FROG
2024-10-10,1634712.5694933904,FROG
2024-10-11,1632060.3969177068,FROG
2024-10-14,1634912.3956359685,LEAP
2024-10-15,1633659.5833801092,FROG
2024-10-16,1627970.2706158268,FROG
2024-10-17,1622904.541733991,FROG
2024-10-18,1614607.5240337956,FROG
2024-10-21,1603363.1769708074,FROG
2024-10-22,1595586.2999822819,FROG
2024-10-23,1589851.8535626042,FROG
2024-10-24,1573184.8520211615,FROG
2024-10-25,1577173.3530282415,FROG
2024-10-28,1587128.4748238958,FROG
2024-10-29,1578912.6596688665,FROG
2024-10-30,1576667.2703652778,FROG
2024-10-31,1576067.8581338325,FROG
2024-11-01,1578910.2267861762,FROG
2024-11-04,1572289.076273481,FROG
2024-11-05,1572118.44510893,FROG
2024-11-06,1583537.0582070746,FROG
2024-11-07,1576677.148752729,FROG
2024-11-08,1583415.9590554633,FROG
2024-11-11,1573989.0529592717,FROG
2024-11-12,1559439.782024976,FROG
2024-11-13,1554591.4608958256,FROG
2024-11-14,1543102.424681226,FROG
2024-11-18,1535730.02001814,FROG
2024-11-19,1538064.1863694584,FROG
2024-11-21,1534046.5860886967,FROG
2024-11-22,1551333.411375562,FROG
2024-11-25,1557381.3345017827,FROG
2024-11-26,1560420.8786912358,FROG
2024-11-27,1559399.8820176518,FROG
2024-11-28,1549680.9232688725,FROG
2024-11-29,1557346.0558677495,FROG
2024-12-02,1556716.715627271,FROG
2024-12-03,1558128.162679273,FROG
2024-12-04,1554440.8282066167,FROG
2024-12-05,1561433.3464561284,FROG
2024-12-06,1559071.9232688725,FROG
2024-12-09,1550182.2009177983,FROG
2024-12-10,1550239.3413596929,FROG
2024-12-11,1553757.1537376225,FROG
2024-12-12,1548800.7198716558,FROG
2024-12-13,1555441.295524732,FROG
2024-12-16,1551508.3255540289,FROG
2024-12-17,1546174.7879563726,FROG
2024-12-18,1548795.9496385015,FROG
2024-12-19,1547625.6135484136,FROG
2024-12-20,1536755.4424265875,FROG
2024-12-23,1540439.0677317632,FROG
2024-12-24,1541070.9365366949,FROG
2024-12-26,1541636.4466685308,FROG
2024-12-27,1544937.0052927984,FROG
2024-12-30,1545748.56651106,FROG
2024-12-31,1543690.7007530034,FROG
2025-01-01,1544945.1488120854,FROG
2025-01-02,1553022.448250562,FROG
2025-01-03,1549458.9724204838,FROG
2025-01-06,1539042.2731406987,FROG
2025-01-07,1538944.2512901127,FROG
2025-01-08,1542734.6618736088,FROG
2025-01-09,1541830.599108106,FROG
2025-01-10,1543031.7689665044,FROG
2025-01-13,1537122.8937223637,FROG
2025-01-14,1532481.456130811,FROG
2025-01-15,1532651.1218412602,FROG
2025-01-16,1528872.2906339848,FROG
2025-01-17,1528844.804580518,FROG
2025-01-20,1525769.5178678716,FROG
2025-01-21,1520605.6005418217,FROG
2025-01-22,1528887.7387254154,FROG
2025-01-23,1532017.3411424076,FROG
2025-01-24,1535540.9741685307,FROG
2025-01-27,1530409.4115159428,FROG
2025-01-28,1522553.3595750248,FROG
2025-01-29,1526423.1726243412,FROG
2025-01-30,1532034.3015916264,FROG
2025-01-31,1541719.696299268,FROG
2025-02-01,1544968.3170573246,FROG
2025-02-03,1537197.7520243656,FROG
2025-02-04,1541750.584025098,FROG
2025-02-05,1530467.2310294926,FROG
2025-02-06,1529775.3464738284,FROG
2025-02-07,1525077.379860059,FROG
2025-02-10,1522398.3089066898,FROG
2025-02-11,1513453.5619621098,FROG
2025-02-12,1513647.3887443363,FROG
2025-02-13,1513664.6824455082,FROG
2025-02-14,1513381.7963371098,FROG
2025-02-17,1515045.5460929691,FROG
2025-02-18,1511801.4036002934,FROG
2025-02-19,1500654.736594068,FROG
2025-02-20,1501770.1310032476,FROG
2025-02-21,1500174.4818333257,FROG
2025-02-24,1493597.9487608161,FROG
2025-02-25,1492700.5052793708,FROG
2025-02-27,1493815.676055738,FROG
2025-02-28,1477854.0988584724,FROG
2025-03-03,1477452.5356626716,FROG
2025-03-04,1473097.4056388678,FROG
2025-03-05,1477141.0649406256,FROG
2025-03-06,1478809.5260001959,FROG
2025-03-07,1478373.2745353521,FROG
2025-03-10,1479912.8039542974,FROG
2025-03-11,1478596.392767774,FROG
2025-03-12,1474393.3911808599,FROG
2025-03-13,1474495.398260938,FROG
2025-03-17,1477272.6067570318,FROG
2025-03-18,1477272.6067570318,FROG
2025-03-19,1479396.1419132818,FROG
2025-03-20,1484135.999457227,FROG
2025-03-21,1487415.3880070318,FROG
2025-03-24,1487241.2902287114,FROG
2025-03-25,1486875.1190861333,FROG
2025-03-26,1482531.2862003911,FROG
2025-03-27,1481586.1356876958,FROG
2025-03-28,1477183.898764478,FROG
2025-04-01,1474048.1053074468,FROG
2025-04-02,1476719.7943943609,FROG
2025-04-03,1484369.3528660405,FROG
2025-04-04,1476112.0602635015,FROG
2025-04-07,1471108.6147526372,FROG
2025-04-08,1473812.8925163092,FROG
2025-04-09,1481121.5423087897,FROG
2025-04-11,1483226.9112040533,FROG
2025-04-15,1484430.0319108404,FROG
2025-04-16,1486744.6394853033,FROG
2025-04-17,1493664.1257829107,FROG
2025-04-21,1489565.9132584967,FROG
2025-04-22,1495719.7220048346,FROG
2025-04-23,1501372.185078565,FROG
2025-04-24,1497954.278614942,FROG
2025-04-25,1493922.1172074713,FROG
2025-04-28,1497901.8275956549,FROG
2025-04-29,1494742.062611524,FROG
2025-04-30,1496852.1852616705,FROG
2025-05-02,1489696.9642838873,FROG
2025-05-05,1495449.5642289557,FROG
2025-05-06,1495390.255177442,FROG
2025-05-07,1490569.9607743658,FROG
2025-05-08,1488630.032093946,FROG
2025-05-09,1484091.9521012702,FROG
2025-05-12,1491747.3853349127,FROG
2025-05-13,1482395.16258711,FROG
2025-05-14,1483239.2185258307,FROG
2025-05-15,1488756.6609086432,LEAP
2025-05-16,1489371.83836836,LEAP
2025-05-19,1486328.0363358893,LEAP
2025-05-20,1477031.012200147,LEAP
2025-05-21,1482196.4408195317,LEAP
2025-05-22,1474469.6067130864,LEAP
2025-05-23,1480619.984703809,LEAP
2025-05-26,1486500.0890434086,LEAP
2025-05-27,1482839.5635307133,LEAP
2025-05-28,1478077.7058952153,LEAP
2025-05-29,1481353.9381645024,LEAP
2025-05-30,1477263.1980216801,LEAP
2025-06-02,1479449.2636039555,LEAP
2025-06-03,1473211.4455119148,LEAP
2025-06-04,1475328.1814738289,LEAP
2025-06-05,1477985.8866740242,LEAP
2025-06-06,1486362.0742350593,LEAP
2025-06-09,1489224.1447001472,LEAP
2025-06-10,1487865.5903483406,LEAP
2025-06-11,1489661.4934855476,LEAP
2025-06-12,1475683.75517378,LEAP
2025-06-13,1471445.135819532,LEAP
2025-06-16,1478239.7128764167,LEAP
2025-06-17,1471508.1279716315,LEAP
2025-06-18,1469225.9954679692,LEAP
2025-06-19,1469416.4598844731,LEAP
2025-06-20,1479574.491439649,LEAP
2025-06-23,1472445.9546659673,LEAP
2025-06-24,1477673.8883817876,LEAP
2025-06-25,1493018.748672315,LEAP
2025-06-26,1504597.4124906743,LEAP
2025-06-27,1504152.3597868169,LEAP
2025-06-30,1495565.4098661626,LEAP
2025-07-01,1492454.5355070317,LEAP
2025-07-02,1506546.5672758305,LEAP
2025-07-03,1510100.7072294438,LEAP
2025-07-04,1504300.477767774,LEAP
2025-07-07,1503762.3952482427,LEAP
2025-07-08,1500770.694778272,LEAP
2025-07-09,1498154.3758695805,LEAP
2025-07-10,1501267.4278715337,LEAP
2025-07-11,1489661.5668180669,LEAP
2025-07-14,1490133.1407926762,LEAP
2025-07-15,1492289.5486906255,LEAP
2025-07-16,1497067.4244840825,LEAP
2025-07-17,1499149.4179533208,LEAP
2025-07-18,1497156.315873548,FROG
2025-07-21,1492864.41627638,LEAP
2025-07-22,1489890.593797132,LEAP
2025-07-23,1489947.0285810675,LEAP
2025-07-24,1481886.2538953985,LEAP
2025-07-25,1479618.9027515997,FROG
2025-07-28,1483656.030620252,FROG
2025-07-29,1483502.829448377,FROG
2025-07-30,1486034.9481922735,FROG
2025-07-31,1490387.4123341192,FROG
2025-08-01,1487987.9817616094,FROG
2025-08-04,1489382.5529896368,FROG
2025-08-05,1483353.117564832,FROG
2025-08-06,1471120.6237806524,FROG
2025-08-07,1472843.1395277227,FROG
2025-08-08,1467417.4941419805,FROG
2025-08-11,1470721.633149549,FROG
2025-08-12,1467454.675538465,FROG
2025-08-13,1470796.5917982305,FROG
2025-08-14,1467742.1302198614,FROG
2025-08-18,1479108.1323560919,FROG
2025-08-19,1482784.658173963,FROG
2025-08-20,1490215.8820808996,LEAP
2025-08-21,1485571.1793221105,LEAP
2025-08-22,1474011.4881844916,FROG
2025-08-25,1474550.7125802436,FROG
2025-08-26,1481036.928400556,FROG
2025-08-28,1477106.1760507026,FROG
2025-08-29,1482068.9154000678,FROG
2025-09-01,1482921.7316842475,FROG
2025-09-02,1489225.7152657905,FROG
2025-09-03,1490005.2456612983,FROG
2025-09-04,1496584.2454171577,FROG
2025-09-05,1490796.9126229682,FROG
2025-09-08,1488778.1462350287,FROG
2025-09-09,1491740.5267281928,FROG
2025-09-10,1494159.2787310616,LEAP
2025-09-11,1494931.3362261788,LEAP
2025-09-12,1492733.8216387765,LEAP
2025-09-15,1489367.831724836,LEAP
2025-09-16,1493617.516051008,LEAP
2025-09-17,1489473.7091052071,LEAP
2025-09-18,1490598.5621662727,FROG
2025-09-19,1487746.525545179,FROG
2025-09-22,1476303.541735059,FROG
2025-09-23,1465446.9862516609,FROG
2025-09-24,1467196.1429594245,FROG
2025-09-25,1458620.4192521493,FROG
2025-09-26,1451342.3268864267,FROG
2025-09-29,1447333.6592686288,FROG
2025-09-30,1448449.5125401132,FROG
2025-10-01,1454055.1682713144,FROG
2025-10-03,1454896.4702122323,FROG
2025-10-06,1455639.087857496,FROG
2025-10-07,1452250.8551304452,FROG
2025-10-08,1446523.7401206796,FROG
2025-10-09,1451993.4486167734,FROG
2025-10-10,1457349.1153953378,FROG
2025-10-13,1452229.8298423593,FROG
2025-10-14,1447335.8861167734,FROG
2025-10-15,1453811.6034019296,FROG
2025-10-16,1464751.708473951,FROG
2025-10-17,1470254.830879957,FROG
2025-10-20,1475574.0233848398,FROG
2025-10-21,1477888.759835035,FROG
2025-10-23,1482523.7340476816,FROG
2025-10-24,1476343.2174766366,LEAP
2025-10-27,1475272.8332908456,LEAP
2025-10-28,1469282.7348563974,LEAP
2025-10-29,1472667.8069083993,LEAP
2025-10-30,1468702.4701164071,LEAP
2025-10-31,1464846.0964896982,LEAP
2025-11-03,1465317.9855888193,LEAP
2025-11-04,1464435.332970411,LEAP
2025-11-06,1467027.092156202,LEAP
2025-11-07,1467908.8359611337,LEAP
2025-11-10,1470547.5892875497,LEAP
2025-11-11,1472580.2529838388,LEAP
2025-11-12,1477074.9422538583,LEAP
2025-11-13,1474571.257530958,LEAP
2025-11-14,1474084.8621146982,LEAP
2025-11-17,1474448.9811332528,LEAP
2025-11-18,1470722.0680167978,LEAP
2025-11-19,1478594.2015617196,LEAP
2025-11-20,1478395.5461051767,LEAP
2025-11-21,1478243.2846000497,LEAP
2025-11-24,1475610.16262129,LEAP
2025-11-25,1473494.1776969736,LEAP
2025-11-26,1480101.5819022958,LEAP
2025-11-27,1480290.3222892587,LEAP
2025-11-28,1481124.5895316903,LEAP
2025-12-01,1479050.4576957528,LEAP
2025-12-02,1477761.5098808114,LEAP
2025-12-03,1476965.8338249032,LEAP
2025-12-04,1482164.3346793954,LEAP
2025-12-05,1480481.3767277352,LEAP
2025-12-08,1472138.0745438975,LEAP
2025-12-09,1467219.2291154307,LEAP
2025-12-10,1469242.103810255,LEAP
2025-12-11,1472268.6078385753,LEAP
2025-12-12,1482209.7692765635,LEAP
2025-12-15,1484090.4070634288,LEAP
2025-12-16,1477934.5328263682,LEAP
2025-12-17,1483373.6564530772,LEAP
2025-12-18,1483288.9967930429,FROG
2025-12-19,1487563.3076450936,LEAP
2025-12-22,1494018.462491285,LEAP
2025-12-23,1491984.367734205,LEAP
2025-12-24,1488674.963475172,LEAP
2025-12-26,1487861.8734483165,LEAP
2025-12-29,1486539.3249864024,LEAP
2025-12-30,1484740.9215745372,LEAP
2025-12-31,1488421.5016221446,LEAP
2026-01-01,1480440.4038682384,LEAP
2026-01-02,1485781.69354109,LEAP
2026-01-05,1487471.6920762463,LEAP
2026-01-06,1492732.7422471447,LEAP
2026-01-07,1491352.5680528088,LEAP
2026-01-08,1483089.5886009042,FROG
2026-01-09,1480684.9153831308,FROG
2026-01-12,1481883.783635084,FROG
2026-01-13,1480621.2210130137,FROG
2026-01-14,1472657.5823411387,FROG
2026-01-16,1475528.7779954355,FROG
2026-01-19,1476515.845012037,FROG
2026-01-20,1465601.9091599863,FROG
2026-01-21,1465380.005168287,FROG
2026-01-22,1473580.4148362558,FROG
2026-01-23,1471602.7698167246,FROG
2026-01-27,1472548.2898362558,FROG
2026-01-28,1468288.2932542246,FROG
2026-01-29,1462698.5091966074,FROG
2026-01-30,1466558.1022752207,FROG
2026-02-02,1464797.4662522716,FROG
2026-02-03,1472127.2476243419,FROG
2026-02-04,1457577.3334800547,FROG
2026-02-05,1456776.9073325938,FROG
2026-02-06,1458656.1166831797,FROG
