ticker,base_max,base_asof,ath_close,ath_date,history_start,sessions
20MICRONS.NS,335.4182,2026-08-24,335.4182,2024-08-23,2008-10-06,4410
21STCENMGM.NS,138.63,2026-08-24,138.63,2024-09-10,2018-01-11,2128
360ONE.NS,1275.3127,2026-08-25,1275.3127,2025-01-03,2019-09-19,1718
3IINFOLTD.NS,1472.8203,2026-08-24,1472.8203,2007-05-17,2005-04-22,5269
3MINDIA.NS,38783.0781,2026-08-21,38783.0781,2024-07-09,2002-07-01,5994
5PAISA.NS,736.05,2026-08-25,736.05,2024-01-08,2017-11-16,2169
63MOONS.NS,2088.741,2026-08-25,2088.741,2007-06-29,2005-06-20,5230
A2ZINFRA.NS,334.4047,2026-08-24,334.4047,2011-01-05,2010-12-23,3867
AAATECH.NS,141.8806,2026-08-24,141.8806,2024-09-18,2020-11-12,1430
AADHARHFC.NS,556.5,2026-08-25,556.5,2026-07-06,2024-05-15,569
AAKASH.NS,33.6,2026-08-24,33.6,2022-02-04,2018-05-15,2046
AARON.NS,238.0027,2026-08-24,238.0027,2025-08-25,2018-09-18,1958
AARTECH.NS,99.9072,2026-08-21,99.9072,2025-01-07,2023-07-10,772
AARTIDRUGS.NS,993.8735,2026-08-25,993.8735,2020-10-08,2003-09-19,5680
AARTIIND.NS,1139.3733,2026-08-25,1139.3733,2021-10-18,2002-07-01,6001
AARTIPHARM.NS,957.9382,2026-08-25,975.0,2026-10-06,2023-01-30,884
AARTISURF.NS,1751.4319,2026-08-21,1751.4319,2021-08-06,2020-07-14,1515
AARVI.NS,179.4183,2026-08-24,179.4183,2022-11-29,2017-10-06,2194
AAVAS.NS,3195.8,2026-08-24,3195.8,2022-02-02,2018-10-08,1949
ABB.NS,8796.084,2026-08-25,8796.084,2024-06-14,2002-07-01,6001
ABBOTINDIA.NS,34390.2617,2026-08-24,34390.2617,2025-07-30,2002-08-12,5970
ABCAPITAL.NS,424.7,2026-08-25,424.7,2026-08-05,2017-09-01,2222
ABCOTS.NS,496.5,2026-08-21,496.5,2024-10-07,2022-01-25,1131
ABDL.NS,702.7,2026-08-25,723.45,2026-09-28,2024-07-02,536
ABFRL.NS,358.15,2026-08-25,358.15,2022-11-01,2013-07-17,3235
ABINFRA.NS,21.9529,2026-08-21,21.9529,2025-09-05,2019-07-30,1748
ABLBL.NS,164.2976,2026-08-25,164.2976,2025-07-08,2025-06-24,294
ABREL.NS,5291.1445,2026-08-25,5291.1445,1996-05-02,1996-01-01,7693
ABSLAMC.NS,1169.6888,2026-08-25,1169.6888,2026-06-23,2021-10-11,1208
ACC.NS,2745.2202,2026-08-25,2745.2202,2024-07-02,2002-07-01,5998
ACCELYA.NS,1832.3047,2026-08-24,1832.3047,2024-02-15,2002-07-01,5997
ACCURACY.NS,29.1059,2026-08-21,29.1059,2022-05-30,2018-07-06,2006
ACE.NS,1597.5104,2026-08-25,1597.5104,2024-04-01,2006-09-26,4914
ACEINTEG.NS,74.0,2026-08-21,74.0,2023-02-09,2017-07-13,2250
ACI.NS,813.7725,2026-08-25,813.7725,2024-02-26,2022-11-21,932
ACL.NS,733.0,2026-08-21,733.0,2021-08-04,2010-11-08,3896
ACMESOLAR.NS,409.15,2026-08-25,458.65,2026-09-22,2024-11-13,444
ACUTAAS.NS,3692.0383,2026-08-25,3692.0383,2026-07-03,2021-09-14,1227
ADANIENSOL.NS,4105.3999,2026-08-25,4105.3999,2022-09-15,2015-07-31,2735
ADANIENT.NS,4157.7354,2026-08-25,4157.7354,2022-12-20,2002-07-01,6000
ADANIGREEN.NS,2970.5,2026-08-25,2970.5,2022-04-18,2018-06-18,2025
ADANIPORTS.NS,1883.2,2026-08-25,1883.2,2026-07-02,2007-11-27,4624
ADANIPOWER.NS,248.91,2026-08-25,248.91,2026-05-27,2009-08-20,4201
ADFFOODS.NS,345.0562,2026-08-25,345.0562,2024-12-17,2010-09-15,3937
ADL.NS,146.6,2026-08-21,146.6,2024-09-12,2020-10-01,1458
ADOR.NS,1684.0,2026-08-21,1730.3,2026-09-02,2002-07-01,5996
ADROITINFO.NS,60.7795,2026-08-24,60.7795,2016-01-11,2015-10-13,2683
ADSL.NS,475.2392,2026-08-24,475.2392,2008-01-07,2007-07-25,4709
ADVAIT.NS,2448.218,2026-08-24,2448.218,2026-06-22,2026-01-20,149
ADVANCE.NS,147.57,2026-08-24,147.57,2025-10-24,2025-10-08,219
ADVANIHOTR.NS,81.1758,2026-08-24,81.1758,2024-04-03,2007-06-25,4730
ADVENTHTL.NS,328.65,2026-08-24,328.65,2025-11-13,2025-11-13,196
ADVENZYMES.NS,538.1049,2026-08-25,538.1049,2024-09-16,2016-08-01,2490
AEGISLOG.NS,1417.9,2026-08-25,1486.0,2026-09-21,2002-07-01,5995
AEGISVOPAK.NS,303.49,2026-08-25,318.3,2026-09-21,2025-06-02,310
AEQUS.NS,262.45,2026-08-25,288.15,2026-10-07,2025-12-10,178
AEROENTER.NS,146.992,2026-08-25,154.73,2026-09-07,2022-11-21,932
AEROFLEX.NS,510.4152,2026-08-25,573.5,2026-09-08,2023-08-31,739
AERONEU.NS,131.1,2026-08-21,131.1,2024-01-08,2023-01-12,892
AETHER.NS,1667.8,2026-08-25,1799.8,2026-10-06,2022-06-03,1048
AFCONS.NS,538.5333,2026-08-25,538.5333,2024-12-06,2024-11-04,451
AFFLE.NS,2146.7,2026-08-25,2146.7,2025-09-22,2019-08-08,1745
AFSL.NS,607.35,2026-08-21,607.35,2024-08-26,2022-12-23,905
AGARIND.NS,1345.9254,2026-08-24,1345.9254,2024-12-18,2014-05-26,3023
AGARWALEYE.NS,560.7,2026-08-21,560.7,2026-08-10,2025-02-04,383
AGI.NS,1263.24,2026-08-24,1263.24,2024-12-19,2002-07-01,5999
AGIIL.NS,418.8387,2026-08-24,418.8387,2026-05-15,2024-07-15,527
AGROPHOS.NS,149.195,2026-08-21,149.195,2019-12-24,2017-03-15,2335
AHCL.NS,16.861,2026-08-24,36.39,2026-09-29,2025-09-03,244
AHLADA.NS,219.9266,2026-08-24,219.9266,2021-08-03,2018-10-12,1944
AHLEAST.NS,194.5618,2026-08-24,194.5618,2018-01-23,2010-08-11,3958
AHLUCONT.NS,1492.3413,2026-08-24,1492.3413,2024-07-08,2009-12-14,4124
AIAENG.NS,5062.3701,2026-08-21,5062.3701,2026-06-30,2005-12-14,5105
AIIL.NS,667.9,2026-08-25,667.9,2026-01-13,2024-04-23,584
AIRAN.NS,44.35,2026-08-21,44.35,2024-08-12,2017-07-25,2245
AIROLAM.NS,190.3,2026-08-21,190.3,2024-02-20,2017-10-06,2193
AJANTPHARM.NS,3718.2,2026-08-24,3718.2,2026-08-17,2002-07-01,5996
AJAXENGG.NS,742.3,2026-08-24,742.3,2025-05-15,2025-02-17,376
AJMERA.NS,506.3487,2026-08-25,506.3487,2006-12-06,2006-09-27,4914
AJOONI.NS,12.7191,2026-08-24,12.7191,2022-02-09,2018-01-02,2132
AKASH.NS,268.837,2026-08-21,268.837,2020-11-09,2017-03-15,2333
AKG.NS,49.0675,2026-08-21,49.0675,2021-03-16,2018-10-10,1944
AKI.NS,32.35,2026-08-24,32.35,2024-01-03,2023-04-06,836
AKSHAR.NS,10.5916,2026-08-24,10.5916,2022-08-23,2022-05-23,1055
AKSHARCHEM.NS,884.0005,2026-08-24,884.0005,2017-05-15,2017-03-29,2326
AKUMS.NS,1114.6792,2026-08-25,1114.6792,2024-08-19,2024-08-06,510
ALANKIT.NS,80.4623,2026-08-24,80.4623,2018-01-04,2015-06-30,2755
ALBERTDAVD.NS,1675.8942,2026-08-24,1675.8942,2024-09-02,2016-06-14,2520
ALEMBICLTD.NS,160.4466,2026-08-25,160.4466,2003-12-10,2002-07-01,6005
ALGOQUANT.NS,69.34,2026-08-25,73.37,2026-09-24,2026-01-06,159
ALICON.NS,1487.7499,2026-08-24,1487.7499,2024-09-03,2006-10-03,4907
ALIVUS.NS,1393.7249,2026-08-25,1443.7,2026-09-01,2021-08-06,1251
ALKEM.NS,6244.3638,2026-08-24,6244.3638,2024-09-13,2015-12-23,2637
ALKYLAMINE.NS,4520.8462,2026-08-25,4520.8462,2021-07-27,2007-11-26,4625
ALLCARGO.NS,114.1046,2026-08-25,114.1046,2022-11-16,2006-06-23,4980
ALLDIGI.NS,1062.9756,2026-08-21,1062.9756,2024-07-01,2005-05-09,5255
ALLTIME.NS,328.35,2026-08-24,328.35,2025-08-25,2025-08-14,256
ALMONDZ.NS,37.27,2026-08-24,37.27,2024-08-01,2008-06-16,4488
ALOKINDS.NS,79.8149,2026-08-25,79.8149,2008-01-01,1996-01-02,7692
ALPA.NS,139.2,2026-08-21,139.2,2024-09-30,2007-08-06,4698
ALPHAGEO.NS,883.7562,2026-08-24,883.7562,2016-10-07,2007-05-11,4761
AMAGI.NS,674.7,2026-08-24,674.7,2026-08-04,2026-01-21,148
AMBER.NS,8842.5,2026-08-24,8842.5,2026-05-07,2018-01-30,2118
AMBICAAGAR.NS,42.75,2026-08-24,42.75,2004-08-05,2004-06-29,5474
AMBIKCO.NS,2456.9177,2026-08-24,2456.9177,2022-02-04,2008-01-29,4579
AMBUJACEM.NS,689.0544,2026-08-25,689.0544,2024-07-01,2002-07-01,5999
AMDIND.NS,101.8187,2026-08-24,101.8187,2022-08-19,2007-03-19,4795
AMJLAND.NS,72.0199,2026-08-24,72.0199,2024-12-16,2002-07-01,5998
AMNPLST.NS,342.5663,2026-08-24,342.5663,2024-08-19,2023-11-10,689
AMRUTANJAN.NS,958.0628,2026-08-24,958.0628,2021-11-08,2009-11-05,4151
ANANDRATHI.NS,2198.8,2026-08-25,2229.5,2026-09-08,2021-12-14,1165
ANANTRAJ.NS,932.8923,2026-08-25,932.8923,2025-01-08,2006-09-27,4913
ANDHRAPAP.NS,280.9856,2026-08-25,280.9856,1996-01-03,1996-01-01,7694
ANDHRSUGAR.NS,159.2765,2026-08-24,159.2765,2022-04-22,2002-07-01,5998
ANGELONE.NS,365.3257,2026-08-25,365.3257,2024-01-08,2020-10-05,1461
ANMOL.NS,65.4,2026-08-24,65.4,2023-12-29,2021-06-04,1294
ANTELOPUS.NS,1022.95,2026-08-25,1261.7,2026-09-25,2006-09-26,4914
ANTGRAPHIC.NS,3.2,2026-08-24,3.2,2022-01-31,2002-07-01,5997
ANTHEM.NS,898.0,2026-08-25,957.8,2026-09-08,2025-07-21,275
ANUHPHR.NS,111.4308,2026-08-25,111.4308,2025-01-01,2024-12-20,418
ANUP.NS,3693.4895,2026-08-24,3693.4895,2024-12-12,2019-03-01,1849
ANURAS.NS,1374.2528,2026-08-25,1374.2528,2026-05-15,2021-03-24,1342
APARINDS.NS,17937.7227,2026-08-25,18945.0,2026-09-21,2004-07-12,5470
APCL.NS,467.5456,2026-08-24,467.5456,2021-07-26,2017-04-10,2318
APCOTEXIND.NS,681.6,2026-08-24,681.6,2026-07-29,2002-08-12,5965
APEX.NS,836.7976,2026-08-25,836.7976,2017-12-06,2017-09-05,2220
APLAPOLLO.NS,2272.0476,2026-08-24,2272.0476,2026-02-11,2011-12-14,3628
APLLTD.NS,1215.8971,2026-08-24,1215.8971,2024-09-11,2011-09-20,3683
APOLLO.NS,449.7734,2026-08-25,449.7734,2026-07-03,2018-01-22,2124
APOLLOHOSP.NS,9039.4766,2026-08-25,9069.0,2026-09-23,2002-07-01,5998
APOLLOPIPE.NS,775.9398,2026-08-24,775.9398,2024-02-09,2019-11-11,1684
APOLLOTYRE.NS,551.2614,2026-08-25,551.2614,2024-09-26,2002-01-01,6130
APOLSINHOT.NS,2519.9216,2026-08-21,2519.9216,2024-01-11,2015-02-16,2844
APTUS.NS,378.095,2026-08-25,378.095,2024-10-14,2021-08-24,1241
AQYLON.NS,88452.5312,2026-08-24,88452.5312,2002-07-05,2002-07-01,5999
ARCHIDPLY.NS,144.54,2026-08-24,144.54,2024-08-20,2008-07-04,4473
ARCHIES.NS,53.3,2026-08-21,53.3,2017-12-21,2002-08-12,5963
ARE&M.NS,1673.4135,2026-08-25,1673.4135,2024-07-01,2002-07-01,6001
ARENTERP.NS,85.21,2026-08-21,85.21,2024-12-09,2017-11-07,2172
ARFIN.NS,99.639,2026-08-24,103.06,2026-10-07,2025-07-22,271
ARIES.NS,450.2546,2026-08-21,501.25,2026-10-05,2008-01-11,4589
ARIHANTCAP.NS,118.1804,2026-08-24,118.1804,2024-10-16,2021-06-15,1288
ARIHANTSUP.NS,540.3088,2026-08-21,540.3088,2025-01-08,2017-03-29,2324
ARIS.NS,177.15,2026-08-24,177.15,2025-06-27,2025-06-25,292
ARKADE.NS,207.7418,2026-08-24,207.7418,2025-07-22,2024-09-24,477
ARMANFIN.NS,2641.45,2026-08-24,2641.45,2023-12-21,2016-06-14,2521
AROGRANITE.NS,93.3496,2026-08-21,93.3496,2018-01-04,2007-04-24,4770
ARSSBL.NS,767.1166,2026-08-25,767.1166,2025-11-18,2025-09-30,226
ARTNIRMAN.NS,186.6,2026-08-20,186.6,2021-12-13,2017-03-15,2332
ARVIND.NS,582.4404,2026-08-25,582.4404,2026-06-30,2002-07-01,6001
ARVINDFASN.NS,776.8472,2026-08-24,776.8472,2019-03-25,2019-03-08,1846
ARVSMART.NS,993.7835,2026-08-24,993.7835,2024-11-28,2015-08-26,2715
ASAHIINDIA.NS,1064.2152,2026-08-24,1064.2152,2025-12-02,2002-07-01,6003
ASAHISONG.NS,566.8444,2026-08-24,566.8444,2024-07-30,2011-08-29,3696
ASAL.NS,1043.8,2026-08-24,1043.8,2024-07-03,2002-07-01,5998
ASALCBR.NS,1449.4194,2026-08-24,1449.4194,2025-02-03,2020-02-12,1618
ASHAPURMIN.NS,899.0589,2026-08-24,899.0589,2026-01-07,1996-01-05,7691
ASHIANA.NS,443.3047,2026-08-24,443.3047,2024-06-20,2011-06-29,3739
ASHIMASYN.NS,49.4,2026-08-24,49.4,2024-07-02,2002-07-01,5997
ASHOKA.NS,313.19,2026-08-24,313.19,2024-12-30,2010-10-14,3915
ASHOKAMET.NS,34.5,2026-08-24,34.5,2023-12-29,2023-06-27,782
ASHOKLEY.NS,208.3655,2026-08-25,208.3655,2026-02-26,2002-07-01,6000
ASIANENE.NS,483.6733,2026-08-25,552.1496,2026-09-08,2021-12-09,1168
ASIANHOTNR.NS,816.7321,2026-08-24,816.7321,2007-02-05,2002-07-01,5995
ASIANPAINT.NS,3430.4917,2026-08-25,3430.4917,2023-07-24,2002-07-01,5998
ASIANTILES.NS,376.0101,2026-08-25,376.0101,2018-01-12,2007-08-23,4690
ASKAUTOLTD.NS,678.8,2026-08-24,678.8,2026-08-06,2023-11-15,688
ASPINWALL.NS,454.3707,2026-08-21,454.3707,2017-12-26,2016-06-14,2519
ASTEC.NS,2248.1914,2026-08-25,2248.1914,2022-10-20,2009-11-25,4137
ASTERDM.NS,869.7,2026-08-24,869.7,2026-08-07,2018-02-26,2100
ASTRAL.NS,2402.4526,2026-08-24,2402.4526,2024-06-27,2007-03-20,4796
ASTRAMICRO.NS,1858.9669,2026-08-25,1858.9669,2026-07-31,2004-11-01,5391
ASTRAZEN.NS,10427.1191,2026-08-25,10427.1191,2025-06-13,2002-07-01,6000
ATALREAL.NS,36.13,2026-08-24,36.13,2026-08-14,2020-11-19,1425
ATAM.NS,249.3461,2026-08-24,249.3461,2023-05-11,2023-05-10,816
ATGL.NS,3913.5322,2026-08-25,3913.5322,2023-01-20,2018-11-05,1931
ATHERENERG.NS,1569.4,2026-08-25,1725.6,2026-09-01,2025-05-06,329
ATL.NS,78.75,2026-08-24,78.75,2024-01-10,2023-08-10,749
ATLANTAA.NS,273.2133,2026-08-21,273.2133,2007-01-17,2006-09-25,4912
ATLANTAELE.NS,2151.5,2026-08-25,2151.5,2026-06-04,2025-09-29,226
ATLASCYCLE.NS,341.525,2026-08-24,341.525,2017-01-16,2002-07-01,5995
ATUL.NS,10621.6816,2026-08-25,10621.6816,2021-10-11,2002-07-01,5998
ATULAUTO.NS,794.3646,2026-08-24,794.3646,2024-07-02,2013-06-26,3249
AUBANK.NS,1128.6,2026-08-25,1128.6,2026-08-25,2017-07-11,2258
AURIONPRO.NS,1934.2378,2026-08-24,1934.2378,2024-08-29,2005-10-25,5141
AUROPHARMA.NS,1667.0,2026-08-25,1734.0,2026-09-18,1996-01-15,7683
AURUM.NS,260.7,2026-08-21,260.7,2025-01-03,2015-08-19,2720
AUTOAXLES.NS,2454.3542,2026-08-21,2454.3542,2023-05-15,2002-07-01,5996
AVALON.NS,2245.6001,2026-08-25,2537.7,2026-09-18,2023-04-18,833
AVANTEL.NS,211.3907,2026-08-25,211.3907,2025-10-06,2024-07-31,516
AVANTIFEED.NS,1486.5439,2026-08-25,1486.5439,2026-04-20,2010-01-08,4108
AVG.NS,624.9503,2026-08-21,624.9503,2024-02-29,2018-04-25,2058
AVL.NS,667.1299,2026-08-24,667.1299,2026-06-29,2024-11-06,446
AVONMORE.NS,28.68,2026-08-24,28.68,2025-01-08,2023-01-04,898
AVROIND.NS,23.052,2026-08-25,23.052,2025-01-17,2018-08-09,1985
AVTNPL.NS,125.0991,2026-08-24,125.0991,2022-04-01,2007-01-10,4840
AWFIS.NS,899.9,2026-08-24,899.9,2024-08-23,2024-05-30,558
AWHCL.NS,879.9766,2026-08-25,879.9766,2024-07-26,2021-01-01,1399
AWL.NS,836.6296,2026-08-25,836.6296,2022-04-27,2022-02-08,1126
AXISBANK.NS,1401.9188,2026-08-25,1401.9188,2026-02-25,1998-11-27,6934
AXISCADES.NS,2173.6001,2026-08-25,2307.3,2026-10-01,2002-07-01,5999
AYE.NS,189.13,2026-08-24,189.13,2026-07-21,2026-02-16,131
AYMSYNTEX.NS,310.59,2026-08-21,320.1,2026-09-08,2015-08-14,2722
AZAD.NS,2899.8999,2026-08-25,3062.6001,2026-10-06,2023-12-28,660
BAGFILMS.NS,97.0156,2026-08-24,97.0156,2007-11-14,2003-10-17,5661
BAIDFIN.NS,43.6172,2026-08-21,43.6172,2023-06-19,2023-01-20,885
BAJAJ-AUTO.NS,12181.8789,2026-08-25,12361.0,2026-09-01,2002-07-01,6001
BAJAJCON.NS,670.25,2026-08-25,670.25,2026-07-10,2010-08-18,3956
BAJAJELEC.NS,1409.2018,2026-08-24,1409.2018,2021-09-23,2007-11-02,4639
BAJAJFINSV.NS,3197.4614,2026-08-25,3197.4614,2006-05-17,2002-08-12,5967
BAJAJHCARE.NS,707.3336,2026-08-24,707.3336,2025-03-25,2021-11-25,1177
BAJAJHFL.NS,181.5,2026-08-25,181.5,2024-09-17,2024-09-16,485
BAJAJHIND.NS,442.935,2026-08-25,442.935,2006-04-24,2002-07-01,6000
BAJAJHLDNG.NS,14191.9082,2026-08-24,14191.9082,2025-08-18,2002-08-12,5966
BAJAJINDEF.NS,545.2675,2026-08-25,545.2675,2025-07-03,2025-02-21,373
BAJEL.NS,319.8557,2026-08-25,319.8557,2024-07-05,2023-12-19,666
BAJFINANCE.NS,1158.8,2026-08-25,1158.8,2026-08-05,2002-07-01,5998
BALAJEE.NS,99.22,2026-08-21,99.22,2024-09-13,2024-09-12,483
BALAJITELE.NS,336.3793,2026-08-25,336.3793,2007-11-26,2002-07-01,6000
BALAMINES.NS,4865.3862,2026-08-25,4865.3862,2021-09-14,2007-04-05,4786
BALKRISHNA.NS,83.2779,2026-08-21,83.2779,2017-12-29,2015-07-28,2735
BALKRISIND.NS,3298.7764,2026-08-24,3298.7764,2024-08-01,2006-01-27,5077
BALMLAWRIE.NS,277.0176,2026-08-25,277.0176,2024-05-24,2002-07-01,5998
BALPHARMA.NS,147.4362,2026-08-21,147.4362,2024-08-28,2006-05-08,5010
BALRAMCHIN.NS,767.1,2026-08-25,767.1,2026-08-20,2002-07-01,6001
BALUFORGE.NS,853.7298,2026-08-25,853.7298,2024-09-09,2024-04-29,580
BANARBEADS.NS,154.4073,2026-08-24,154.4073,2024-12-04,2011-12-29,3615
BANARISUG.NS,4291.5601,2026-08-24,4291.5601,2025-05-22,2002-07-01,5997
BANCOINDIA.NS,844.2435,2026-08-25,844.2435,2025-10-06,2006-12-22,4853
BANDHANBNK.NS,700.4844,2026-08-25,700.4844,2018-08-09,2018-03-27,2081
BANG.NS,302.25,2026-08-24,302.25,2008-06-17,2008-02-20,4563
BANKBARODA.NS,314.2848,2026-08-25,314.2848,2026-02-26,2002-07-01,5998
BANKINDIA.NS,433.7389,2026-08-25,433.7389,2010-10-07,2002-07-01,5998
BANSALWIRE.NS,488.25,2026-08-24,488.25,2024-12-06,2024-07-10,528
BANSWRAS.NS,175.8304,2026-08-24,175.8304,2023-06-05,2007-04-11,4780
BASF.NS,8464.8799,2026-08-24,8464.8799,2024-10-15,2002-07-01,5997
BASML.NS,113.1225,2026-08-24,113.1225,2018-01-10,2005-11-14,5128
BATAINDIA.NS,2008.0048,2026-08-24,2008.0048,2021-11-15,2002-07-01,5997
BAYERCROP.NS,6569.269,2026-08-24,6569.269,2024-08-07,2010-01-08,4108
BBL.NS,5330.0942,2026-08-24,5330.0942,2024-07-11,2006-11-21,4876
BBOX.NS,1076.741,2026-08-25,1076.741,2026-06-04,2002-07-01,6000
BBTC.NS,2831.239,2026-08-24,2831.239,2024-10-01,2002-07-01,5998
BBTCL.NS,324.2621,2026-08-21,324.2621,2022-09-14,2018-10-31,1929
BCLIND.NS,81.3953,2026-08-24,81.3953,2024-02-15,2021-03-04,1354
BCONCEPTS.NS,929.4,2026-08-21,929.4,2024-01-29,2018-01-12,2124
BDL.NS,2006.8676,2026-08-25,2006.8676,2025-05-30,2018-03-23,2083
BEARDSELL.NS,87.2159,2026-08-24,87.2159,2016-11-03,2010-01-08,4106
BECTORFOOD.NS,418.9566,2026-08-24,418.9566,2024-09-20,2020-12-24,1403
BEL.NS,467.8149,2026-08-25,467.8149,2026-03-06,2002-07-01,5998
BELLACASA.NS,471.7,2026-08-21,471.7,2025-10-23,2025-07-18,273
BELRISE.NS,260.7196,2026-08-25,260.7196,2026-08-12,2025-05-28,313
BEML.NS,2552.2249,2026-08-24,2552.2249,2024-07-08,2002-07-01,5997
BEPL.NS,160.22,2026-08-25,160.22,2024-09-04,2005-03-21,5293
BERGEPAINT.NS,697.3714,2026-08-24,697.3714,2021-07-20,2002-07-01,5999
BETA.NS,2668.3,2026-08-21,2668.3,2026-08-11,2017-10-13,2189
BFINVEST.NS,752.1142,2026-08-25,752.1142,2024-10-21,2011-01-14,3852
BHAGCHEM.NS,427.0304,2026-08-21,427.0304,2024-08-27,2021-10-18,1200
BHARATFORG.NS,2265.2,2026-08-25,2265.2,2026-08-07,1996-01-01,7692
BHARATGEAR.NS,166.0312,2026-08-24,166.0312,2022-09-14,2002-07-01,5997
BHARATRAS.NS,3544.9966,2026-08-24,3544.9966,2021-06-30,2002-07-01,5997
BHARATSE.NS,252.9884,2026-08-25,252.9884,2026-07-13,2025-03-25,354
BHARATWIRE.NS,396.0,2026-08-24,396.0,2024-01-15,2016-04-01,2571
BHARTIARTL.NS,2135.8201,2026-08-25,2135.8201,2025-11-21,2002-07-01,5998
BHARTIHEXA.NS,1952.2465,2026-08-25,1952.2465,2025-07-01,2024-04-12,590
BHEL.NS,435.95,2026-08-25,452.0,2026-10-06,1996-01-01,7693
BIGBLOC.NS,142.98,2026-08-21,142.98,2024-10-15,2016-09-02,2465
BIKAJI.NS,975.5601,2026-08-24,975.5601,2024-09-23,2022-11-16,934
BIL.NS,954.1,2026-08-21,1108.2,2026-09-09,2002-07-01,5996
BIOCON.NS,478.1534,2026-08-25,478.1534,2020-12-23,2004-04-07,5537
BIOFILCHEM.NS,339.15,2026-08-24,339.15,2020-12-11,2017-07-27,2244
BIRLACORPN.NS,1719.5488,2026-08-25,1719.5488,2024-02-27,2002-07-01,5998
BIRLAMONEY.NS,294.76,2026-08-25,294.76,2024-12-24,2008-02-07,4573
BIRLANU.NS,6131.1157,2026-08-21,6131.1157,2021-08-02,1996-01-01,7692
BLACKBUCK.NS,733.5,2026-08-24,733.5,2025-10-21,2024-11-22,437
BLAL.NS,343.55,2026-08-24,343.55,2024-02-05,2023-04-19,831
BLBLIMITED.NS,71.6974,2026-08-24,71.6974,2008-01-03,2002-08-12,5967
BLISSGVS.NS,580.15,2026-08-24,737.65,2026-09-28,2010-07-26,3972
BLKASHYAP.NS,212.3609,2026-08-24,212.3609,2008-01-01,2006-03-17,5045
BLS.NS,499.4318,2026-08-25,499.4318,2025-01-03,2016-06-15,2522
BLSE.NS,395.3898,2026-08-25,395.3898,2024-02-20,2024-02-06,634
BLUEDART.NS,9263.9229,2026-08-21,9263.9229,2022-10-04,2002-07-01,5996
BLUEJET.NS,1006.3224,2026-08-24,1006.3224,2025-07-18,2023-11-01,697
BLUESTARCO.NS,2315.0217,2026-08-25,2315.0217,2025-01-03,2002-07-01,5998
BLUESTONE.NS,894.5,2026-08-24,930.4,2026-09-22,2025-08-19,253
BLUSPRING.NS,133.01,2026-08-24,149.44,2026-09-28,2025-06-11,301
BMWVENTLTD.NS,72.3087,2026-08-24,72.3087,2025-10-01,2025-10-01,224
BOMDYEING.NS,301.2487,2026-08-25,301.2487,2018-05-08,1996-01-01,7693
BOROLTD.NS,500.5,2026-08-24,500.5,2024-11-06,2020-07-22,1512
BORORENEW.NS,782.35,2026-08-24,782.35,2022-04-22,2018-05-25,2040
BOROSCI.NS,223.77,2026-08-25,223.77,2024-07-01,2024-06-07,552
BOSCH-HCIL.NS,3127.9106,2026-08-24,3127.9106,2020-03-05,1999-01-01,6911
BOSCHLTD.NS,48750.0,2026-08-24,50000.0,2026-08-31,2002-07-01,5998
BPCL.NS,388.3,2026-08-25,388.3,2026-02-09,1996-01-02,7692
BPL.NS,168.25,2026-08-24,168.25,2021-10-11,2002-07-01,5997
BRIGADE.NS,1066.9175,2026-08-24,1066.9175,2024-10-01,2007-12-31,4601
BRIGHOTEL.NS,90.83,2026-08-24,90.83,2025-08-19,2025-07-31,264
BRITANNIA.NS,6258.4365,2026-08-25,6258.4365,2024-10-01,1996-01-02,7695
BRNL.NS,205.5142,2026-08-21,205.5142,2017-09-18,2017-09-18,2208
BSE.NS,4391.7295,2026-08-25,4391.7295,2026-05-26,2017-02-03,2364
BSL.NS,325.8307,2026-08-24,325.8307,2024-12-23,2002-07-01,5998
BSOFT.NS,819.6,2026-08-24,819.6,2024-02-06,2002-07-01,6001
BTML.NS,21.7607,2026-08-24,21.7607,2024-01-18,2020-11-12,1429
BUILDPRO.NS,1347.8,2026-08-25,1347.8,2026-08-05,2026-01-09,156
BUTTERFLY.NS,1814.3,2026-08-24,1814.3,2022-10-14,2014-04-28,3043
BVCL.NS,76.4,2026-08-24,76.4,2024-02-08,2007-11-23,4623
CAMLINFINE.NS,327.53,2026-08-25,327.53,2025-06-27,2015-01-20,2865
CAMPUS.NS,625.2238,2026-08-24,625.2238,2022-10-19,2022-05-09,1066
CAMS.NS,1024.7272,2026-08-25,1024.7272,2024-12-12,2020-10-05,1461
CANBK.NS,153.8547,2026-08-25,153.8547,2026-02-25,2002-12-23,5873
CANFINHOME.NS,941.5863,2026-08-24,941.5863,2026-02-09,2002-07-01,5997
CANHLIFE.NS,155.24,2026-08-24,157.23,2026-09-04,2025-10-17,213
CANTABIL.NS,326.7012,2026-08-21,326.7012,2025-02-07,2010-10-12,3914
CAPACITE.NS,455.2,2026-08-24,455.2,2024-12-19,2017-09-25,2205
CAPILLARY.NS,732.15,2026-08-24,732.15,2025-11-25,2025-11-21,190
CAPITALSFB.NS,440.4604,2026-08-24,440.4604,2024-02-15,2024-02-14,625
CAPLIPOINT.NS,2667.3845,2026-08-25,2867.3999,2026-09-24,2014-06-23,3005
CARBORUNIV.NS,1783.0985,2026-08-24,1783.0985,2024-06-19,2002-07-01,5998
CARERATING.NS,1901.0251,2026-08-25,1901.0251,2025-06-11,2012-12-26,3374
CARRARO.NS,646.9851,2026-08-24,646.9851,2025-01-03,2024-12-30,411
CARTRADE.NS,3268.0,2026-08-25,3268.0,2025-11-17,2021-08-20,1243
CARYSIL.NS,1248.4681,2026-08-24,1248.4681,2026-08-10,2021-01-14,1389
CASTROLIND.NS,244.0339,2026-08-25,244.0339,2024-08-27,2002-08-12,5971
CCAVENUE.NS,49.4233,2026-08-25,49.4233,2018-09-17,2016-04-04,2571
CCCL.NS,226.0285,2026-08-21,226.0285,2008-01-15,2007-10-15,4648
CCHHL.NS,29.51,2026-08-21,29.51,2024-07-04,2015-02-03,2853
CCL.NS,1226.2834,2026-08-25,1226.2834,2026-07-13,2004-06-07,5495
CDSL.NS,1930.5558,2026-08-25,1930.5558,2024-12-17,2017-06-30,2265
CEATLTD.NS,4259.2261,2026-08-24,4259.2261,2025-10-23,2008-02-01,4577
CEIGALL.NS,403.1855,2026-08-25,403.1855,2024-08-27,2024-08-08,509
CEINSYS.NS,1222.913,2026-08-25,1222.913,2026-04-17,2026-02-19,129
CELEBRITY.NS,234.1741,2026-08-21,234.1741,2006-01-24,2006-01-12,5086
CELLO.NS,981.8702,2026-08-25,981.8702,2024-07-16,2023-11-06,693
CEMPRO.NS,1639.6,2026-08-24,1639.6,2026-07-21,2002-07-01,5997
CENTENKA.NS,790.2593,2026-08-25,790.2593,2024-08-21,1999-01-01,6911
CENTEXT.NS,33.95,2026-08-24,33.95,2025-10-10,2002-07-01,5998
CENTRALBK.NS,183.1819,2026-08-25,183.1819,2010-11-08,2007-08-21,4692
CENTRUM.NS,62.8249,2026-08-24,62.8249,2018-04-06,2018-04-04,2076
CENTUM.NS,3861.2,2026-08-25,4920.7002,2026-09-29,2003-09-12,5685
CENTURYPLY.NS,914.11,2026-08-25,914.11,2024-09-23,2006-03-23,5041
CERA.NS,10204.1162,2026-08-25,10204.1162,2024-08-09,2007-11-02,4639
CESC.NS,191.622,2026-08-25,191.622,2026-05-04,2002-07-01,5998
CEWATER.NS,827.1,2026-08-24,827.1,2024-12-27,2024-12-27,413
CGCL.NS,814.9247,2026-08-24,814.9247,2023-06-15,2010-10-29,3904
CGPOWER.NS,976.5,2026-08-25,976.5,2026-07-01,2002-07-01,6001
CHALET.NS,1062.2073,2026-08-24,1062.2073,2025-09-16,2019-02-07,1865
CHAMBLFERT.NS,702.6833,2026-08-25,702.6833,2025-05-06,2002-07-01,5998
CHEMPLASTS.NS,802.5,2026-08-25,802.5,2021-10-18,2021-08-24,1241
CHENNPETRO.NS,1440.3,2026-08-25,1626.4,2026-09-10,2002-07-01,5998
CHEVIOT.NS,1529.6396,2026-08-21,1529.6396,2024-06-21,2022-06-20,1035
CHOICEIN.NS,850.3,2026-08-24,850.3,2026-01-02,2022-04-08,1083
CHOLAFIN.NS,1940.0,2026-08-25,1940.0,2026-08-06,2002-07-01,5998
CHOLAHLDNG.NS,2162.801,2026-08-24,2162.801,2025-06-30,2002-07-01,6000
CIEINDIA.NS,600.1489,2026-08-25,600.1489,2024-07-09,2007-08-30,4683
CIFL.NS,43.2247,2026-08-21,43.2247,2025-06-20,2025-04-17,336
CINELINE.NS,169.2976,2026-08-21,169.2976,2007-02-15,2007-02-14,4817
CINEVISTA.NS,24.45,2026-08-21,24.45,2024-04-08,2002-07-01,5998
CIPLA.NS,1648.1379,2026-08-25,1648.1379,2025-10-21,1996-01-01,7695
CLEAN.NS,2606.7468,2026-08-24,2606.7468,2022-01-04,2021-07-19,1264
CLSEL.NS,420.2061,2026-08-21,420.2061,2024-12-31,2021-05-12,1308
CMSINFO.NS,581.4968,2026-08-25,581.4968,2024-10-09,2021-12-31,1152
CNL.NS,1263.5796,2026-08-21,1279.0226,2026-08-31,2017-07-27,2241
COALINDIA.NS,469.3598,2026-08-25,469.3598,2026-06-04,2010-11-04,3901
COCHINSHIP.NS,2823.5862,2026-08-25,2823.5862,2024-07-11,2017-08-11,2235
COFORGE.NS,1968.5992,2026-08-25,2014.6,2026-08-28,2004-08-30,5436
COHANCE.NS,1334.2,2026-08-24,1334.2,2024-11-05,2020-03-09,1602
COLPAL.NS,3683.4141,2026-08-25,3683.4141,2024-10-03,2002-07-01,6001
COMPUSOFT.NS,41.7818,2026-08-24,41.7818,2023-11-29,2012-03-02,3572
COMSYN.NS,289.2935,2026-08-24,306.046,2026-09-18,2024-01-23,641
CONCOR.NS,1133.8073,2026-08-24,1133.8073,2024-06-03,2002-07-01,5997
CONCORDBIO.NS,2569.2344,2026-08-25,2569.2344,2024-09-20,2023-08-18,748
CONFIPET.NS,114.0998,2026-08-25,114.0998,2024-02-19,2020-10-23,1447
CONTROLPR.NS,1017.861,2026-08-24,1017.861,2024-01-19,2016-06-24,2512
CORALFINAC.NS,91.373,2026-08-24,91.373,2017-10-23,2017-03-29,2326
COROMANDEL.NS,2678.2249,2026-08-24,2678.2249,2025-07-31,2002-08-12,5970
COSMOFIRST.NS,1350.3306,2026-08-24,1350.3306,2022-04-08,1999-01-01,6910
COUNCODOS.NS,11.92,2026-08-21,11.92,2025-04-28,2002-07-01,5997
CPEDU.NS,328.1262,2026-08-21,328.1262,2025-10-28,2025-09-05,240
CPPLUS.NS,3899.1001,2026-08-25,4064.8999,2026-10-07,2025-08-05,264
CRAFTSMAN.NS,10890.5,2026-08-25,11851.0,2026-09-10,2021-03-25,1340
CRAMC.NS,345.5556,2026-08-25,345.5556,2025-10-27,2025-10-16,215
CREATIVEYE.NS,40.0,2026-08-24,40.0,2008-01-02,2002-07-01,5994
CREDITACC.NS,1749.6262,2026-08-24,1749.6262,2023-12-12,2018-08-23,1978
CREST.NS,585.2852,2026-08-24,585.2852,2024-09-20,2006-12-27,4849
CRISIL.NS,6492.001,2026-08-21,6492.001,2024-12-31,2002-07-01,5999
CRIZAC.NS,362.3312,2026-08-25,362.3312,2025-09-08,2025-07-09,283
CROMPTON.NS,470.4598,2026-08-25,470.4598,2021-09-09,2016-05-13,2545
CROWN.NS,310.06,2026-08-24,310.06,2024-06-28,2017-03-16,2332
CSBBANK.NS,557.45,2026-08-25,557.45,2026-01-05,2019-12-04,1669
CSLFINANCE.NS,492.5137,2026-08-24,492.5137,2024-07-26,2022-07-21,1011
CTE.NS,161.8,2026-08-21,161.8,2016-01-08,2007-02-07,4821
CUB.NS,235.9297,2026-08-25,238.48,2026-09-07,2002-07-01,6001
CUBEXTUB.NS,134.03,2026-08-24,175.74,2026-09-29,2008-01-25,4581
CUMMINSIND.NS,5977.9175,2026-08-25,5977.9175,2026-05-27,2002-07-01,5998
CUPID.NS,294.86,2026-08-25,343.95,2026-10-07,2016-09-16,2459
CYIENT.NS,2293.9031,2026-08-24,2293.9031,2023-12-22,2006-07-28,4954
CYIENTDLM.NS,869.8,2026-08-25,988.3,2026-10-07,2023-07-10,776
DABUR.NS,645.6913,2026-08-25,645.6913,2024-09-20,2002-07-01,5998
DALBHARAT.NS,2464.3359,2026-08-24,2464.3359,2025-09-17,2018-12-21,1897
DALMIASUG.NS,550.7731,2026-08-24,550.7731,2024-10-08,2002-07-01,5995
DAMCAPITAL.NS,410.8038,2026-08-25,410.8038,2024-12-27,2024-12-27,415
DAMODARIND.NS,74.7394,2026-08-21,74.7394,2022-02-07,2016-07-04,2506
DANGEE.NS,29.9367,2026-08-24,29.9367,2022-09-01,2018-09-18,1958
DATAMATICS.NS,1071.0421,2026-08-24,1071.0421,2025-08-07,2004-05-07,5515
DATAPATTNS.NS,4855.6157,2026-08-24,4932.2998,2026-09-08,2021-12-24,1156
DAVANGERE.NS,10.96,2026-08-24,10.96,2024-03-04,2024-01-25,640
DBCORP.NS,362.1997,2026-08-25,362.1997,2024-07-11,2010-01-06,4110
DBL.NS,1185.4408,2026-08-24,1185.4408,2018-05-15,2016-08-11,2479
DBREALTY.NS,468.6,2026-08-24,468.6,2010-03-09,2010-02-24,4076
DBSTOCKBRO.NS,105.1762,2026-08-21,105.1762,2012-04-02,2012-02-29,3571
DCAL.NS,389.6162,2026-08-25,389.6162,2018-01-23,2004-04-22,5527
DCBBANK.NS,228.8834,2026-08-25,229.55,2026-09-08,2006-10-27,4894
DCMSHRIRAM.NS,1424.3784,2026-08-25,1424.3784,2025-07-23,2002-07-01,5997
DCMSRIND.NS,231.4499,2026-08-24,231.4499,2024-06-14,2021-12-24,1156
DCW.NS,109.4314,2026-08-24,109.4314,2024-11-06,2002-07-01,5997
DCXINDIA.NS,444.1,2026-08-25,444.1,2024-07-04,2022-11-11,939
DDEVPLSTIK.NS,348.3513,2026-08-25,348.3513,2025-09-16,2025-01-15,401
DECCANCE.NS,1138.7953,2026-08-24,1138.7953,2025-09-24,2002-08-12,5968
DEEPAKFERT.NS,1719.3756,2026-08-25,1719.3756,2025-07-01,1996-01-01,7693
DEEPAKNTR.NS,3075.7651,2026-08-25,3075.7651,2024-08-07,2010-09-29,3926
DEEPINDS.NS,715.2241,2026-08-25,818.7,2026-09-08,2021-04-27,1323
DELHIVERY.NS,699.2,2026-08-25,699.2,2022-07-21,2022-05-24,1056
DELPHIFX.NS,95.71,2026-08-21,95.71,2017-12-05,2011-06-28,3738
DELTACORP.NS,360.0501,2026-08-25,360.0501,2018-01-23,2007-11-02,4640
DELTAMAGNT.NS,134.8,2026-08-24,134.8,2018-09-21,2002-07-01,5996
DEN.NS,239.9,2026-08-24,239.9,2010-09-06,2009-11-24,4135
DENORA.NS,2239.4441,2026-08-24,2239.4441,2023-07-14,2002-07-01,5996
DENTA.NS,463.4186,2026-08-24,463.4186,2025-10-06,2025-01-29,391
DEVIT.NS,73.8283,2026-08-24,73.8283,2025-01-03,2017-07-27,2244
DEVX.NS,64.05,2026-08-24,64.05,2025-09-17,2025-09-17,233
DEVYANI.NS,224.7,2026-08-25,224.7,2023-09-11,2021-08-16,1246
DGCONTENT.NS,67.02,2026-08-21,67.02,2025-01-07,2019-06-18,1778
DHAMPURSUG.NS,548.3157,2026-08-25,548.3157,2022-04-22,2002-07-01,5998
DHANBANK.NS,208.5424,2026-08-24,208.5424,2010-10-27,2004-04-01,5540
DHANUKA.NS,1906.5283,2026-08-25,1906.5283,2025-07-31,2011-06-29,3738
DHARMAJ.NS,374.95,2026-08-21,374.95,2024-08-30,2022-12-08,917
DHUNINV.NS,2575.1492,2026-08-24,2575.1492,2024-09-11,2011-03-18,3807
DIACABS.NS,1768.0592,2026-08-25,1768.0592,2010-10-01,2010-09-29,3927
DIAMINESQ.NS,665.5595,2026-08-24,665.5595,2024-07-09,2023-09-25,718
DIAMONDYD.NS,1405.136,2026-08-21,1405.136,2018-04-16,2017-10-05,2195
DICIND.NS,811.4429,2026-08-21,811.4429,2024-10-21,2002-07-01,5994
DIFFNKG.NS,485.5325,2026-08-24,485.5325,2024-10-22,2024-10-04,469
DIGIDRIVE.NS,98.4,2026-08-21,98.4,2024-01-10,2024-01-10,649
DIGITIDE.NS,267.99,2026-08-24,267.99,2025-07-22,2025-06-11,301
DIGJAMLMTD.NS,2687.3816,2026-08-24,2687.3816,2005-08-31,2002-07-01,5997
DIVGIITTS.NS,1297.3492,2026-08-24,1297.3492,2026-08-14,2023-03-14,851
DIVISLAB.NS,8744.5,2026-08-25,9624.0,2026-09-23,2003-03-12,5818
DIXON.NS,18917.168,2026-08-25,18917.168,2024-12-17,2017-09-18,2211
DLF.NS,1011.5051,2026-08-25,1011.5051,2008-01-14,2007-07-05,4724
DLINKINDIA.NS,634.4254,2026-08-25,634.4254,2024-09-17,2009-12-18,4120
DMART.NS,5391.4502,2026-08-25,5391.4502,2024-09-24,2017-03-21,2334
DMCC.NS,445.0317,2026-08-25,445.0317,2022-05-02,2021-12-01,1172
DNAMEDIA.NS,13.9,2026-08-21,13.9,2017-12-29,2017-12-11,2150
DODLA.NS,1456.2667,2026-08-21,1456.2667,2025-07-17,2021-06-28,1276
DOLATALGO.NS,181.7131,2026-08-21,181.7131,2024-09-10,2019-08-19,1737
DOLLAR.NS,631.6426,2026-08-24,631.6426,2022-01-20,2017-04-21,2311
DOLPHIN.NS,3419.3074,2026-08-24,3419.3074,2010-01-14,2006-10-06,4905
DOMS.NS,3060.2009,2026-08-21,3060.2009,2024-11-25,2023-12-20,662
DONEAR.NS,200.0206,2026-08-25,200.0206,2007-01-31,2006-12-20,4855
DPABHUSHAN.NS,1854.9,2026-08-25,2262.7,2026-10-07,2017-10-23,2185
DPWIRES.NS,639.55,2026-08-24,639.55,2023-11-24,2017-10-06,2194
DRCSYSTEMS.NS,34.5,2026-08-21,34.5,2024-12-10,2021-03-10,1348
DREAMFOLKS.NS,813.1902,2026-08-25,813.1902,2023-08-02,2022-09-06,983
DREDGECORP.NS,1438.4,2026-08-24,1438.4,2024-07-16,2004-01-15,5595
DRREDDY.NS,1394.7433,2026-08-25,1394.7433,2024-08-21,1996-01-01,7693
DSSL.NS,1894.274,2026-08-21,1894.274,2026-05-25,2008-01-01,4598
DTIL.NS,353.0404,2026-08-21,353.0404,2021-06-22,2015-01-20,2862
DVL.NS,513.5532,2026-08-24,513.5532,2024-01-31,2008-01-11,4590
DWARKESH.NS,137.4534,2026-08-25,137.4534,2022-04-07,2004-12-31,5346
DYCL.NS,529.1028,2026-08-24,544.3,2026-09-03,2022-07-27,1009
DYNAMATECH.NS,12521.0752,2026-08-25,14279.0,2026-10-06,2006-09-14,4921
DYNPRO.NS,720.0882,2026-08-24,720.0882,2021-10-05,2017-07-19,2250
EASEMYTRIP.NS,34.1136,2026-08-25,34.1136,2022-11-22,2021-03-19,1346
EBGNG.NS,674.85,2026-08-25,731.35,2026-10-07,2025-07-30,267
ECLERX.NS,2472.1294,2026-08-25,2472.1294,2026-02-03,2007-12-31,4602
EDELWEISS.NS,154.8959,2026-08-25,154.8959,2018-05-29,2007-12-12,4613
EFCIL.NS,344.85,2026-08-24,344.85,2025-08-20,2025-08-20,253
EICHERMOT.NS,8105.124,2026-08-25,8105.124,2026-02-26,1996-01-01,7693
EIDPARRY.NS,1236.2,2026-08-25,1236.2,2025-07-30,2002-07-01,6000
EIEL.NS,380.59,2026-08-25,380.59,2024-12-17,2024-11-29,434
EIHAHOTELS.NS,478.5911,2026-08-24,478.5911,2024-08-12,2008-04-08,4532
EIHOTEL.NS,486.6073,2026-08-25,486.6073,2024-05-07,1996-01-01,7696
EIMCOELECO.NS,3357.1394,2026-08-21,3357.1394,2024-07-26,2002-07-01,5994
EKC.NS,1056.8611,2026-08-25,1056.8611,2007-05-14,2005-12-15,5107
ELDEHSG.NS,1098.5865,2026-08-24,1098.5865,2024-04-29,2022-04-12,1080
ELECON.NS,726.1973,2026-08-24,726.1973,2024-10-16,2006-09-29,4910
ELECTCAST.NS,224.8478,2026-08-25,224.8478,2024-09-13,2002-07-01,5998
ELECTHERM.NS,1434.55,2026-08-21,1434.55,2024-12-11,2007-08-20,4690
ELGIEQUIP.NS,760.3094,2026-08-25,760.3094,2024-06-24,2002-07-01,5998
ELGIRUBCO.NS,148.1207,2026-08-25,148.1207,2009-05-25,2008-01-01,4601
ELIN.NS,265.49,2026-08-24,265.49,2024-09-16,2022-12-30,902
ELLEN.NS,613.3,2026-08-25,613.3,2025-07-10,2025-07-01,288
EMAMILTD.NS,807.6493,2026-08-24,807.6493,2024-08-28,2006-08-03,4950
EMAMIPAP.NS,119.9968,2026-08-21,121.34,2026-09-07,2024-10-17,460
EMCURE.NS,2005.6993,2026-08-25,2009.3,2026-09-21,2024-07-10,530
EMIL.NS,242.75,2026-08-25,242.75,2024-06-12,2022-10-17,956
EMKAY.NS,377.195,2026-08-21,377.195,2025-09-24,2006-04-28,5016
EMMBI.NS,239.7139,2026-08-24,239.7139,2017-10-06,2010-02-24,4074
EMMVEE.NS,364.2276,2026-08-25,364.2276,2026-07-16,2025-11-18,194
EMSLIMITED.NS,964.5694,2026-08-25,964.5694,2024-12-18,2023-09-21,725
EMUDHRA.NS,986.0999,2026-08-25,986.0999,2024-12-19,2022-06-01,1049
ENDURANCE.NS,3029.5,2026-08-24,3029.5,2026-08-21,2016-10-19,2437
ENERGYDEV.NS,235.1909,2026-08-21,235.1909,2007-11-21,2007-11-02,4636
ENGINERSIN.NS,276.8121,2026-08-25,315.65,2026-09-25,1997-09-16,7250
ENIL.NS,904.6271,2026-08-25,904.6271,2017-07-05,2006-02-16,5065
ENRIN.NS,3872.1001,2026-08-25,3872.1001,2026-05-29,2025-06-19,297
ENTERO.NS,1549.55,2026-08-21,1898.4,2026-09-07,2024-02-16,623
EPACK.NS,642.35,2026-08-24,642.35,2025-01-07,2024-01-30,638
EPACKPEB.NS,330.05,2026-08-25,330.05,2025-11-10,2025-10-06,223
EPIGRAL.NS,2326.4858,2026-08-21,2326.4858,2024-10-15,2021-08-18,1240
EPL.NS,278.7538,2026-08-24,278.7538,2024-12-03,2002-07-01,5999
EQUITASBNK.NS,113.0987,2026-08-25,113.0987,2024-01-05,2020-11-02,1441
ERIS.NS,1837.8376,2026-08-25,1837.8376,2025-06-16,2017-06-30,2263
ESABINDIA.NS,7119.6099,2026-08-24,7119.6099,2026-05-06,2002-07-01,5995
ESAFSFB.NS,77.5482,2026-08-24,77.5482,2024-02-07,2023-11-10,689
ESCORTS.NS,4266.8633,2026-08-25,4266.8633,2024-09-25,1996-01-01,7693
ESSARSHPNG.NS,71.54,2026-08-21,71.54,2024-07-16,2011-11-15,3646
ESTER.NS,179.7239,2026-08-24,179.7239,2022-10-06,2011-06-20,3746
ETERNAL.NS,354.35,2026-08-25,354.35,2025-10-15,2021-07-23,1262
ETHOSLTD.NS,3442.3,2026-08-24,3442.3,2024-09-30,2022-05-30,1050
EUREKAFORB.NS,652.8,2026-08-25,652.8,2025-12-01,2024-09-11,487
EUROBOND.NS,243.52,2026-08-21,243.52,2025-08-19,2022-01-07,1142
EUROPRATIK.NS,381.4711,2026-08-24,381.4711,2025-11-17,2025-09-23,229
EVEREADY.NS,476.594,2026-08-24,476.594,2024-08-23,2002-07-01,5999
EVERESTIND.NS,1389.4977,2026-08-21,1389.4977,2024-01-04,2002-07-01,5995
EXCELINDUS.NS,1662.973,2026-08-25,1662.973,2018-09-17,2002-07-01,5998
EXCELSOFT.NS,125.97,2026-08-25,125.97,2025-11-26,2025-11-26,188
EXICOM.NS,518.85,2026-08-25,518.85,2024-07-02,2024-03-05,614
EXIDEIND.NS,571.7539,2026-08-25,571.7539,2024-06-25,2002-07-01,6001
EXPLEOSOL.NS,1524.9807,2026-08-24,1524.9807,2022-01-04,2009-10-26,4155
EXXARO.NS,16.265,2026-08-24,16.265,2021-09-15,2021-08-16,1243
FABTECH.NS,254.3729,2026-08-24,254.3729,2025-10-28,2025-10-07,220
FACT.NS,1132.8751,2026-08-25,1132.8751,2024-06-21,2002-07-01,5998
FAIRCHEMOR.NS,2233.9165,2026-08-21,2233.9165,2022-10-10,2020-12-24,1400
FCL.NS,49.5687,2026-08-25,60.48,2026-09-25,2015-01-15,2869
FDC.NS,598.7059,2026-08-25,598.7059,2024-09-12,2002-07-01,5998
FEDERALBNK.NS,370.4345,2026-08-25,370.4345,2026-08-03,1996-01-01,7695
FEDFINA.NS,176.39,2026-08-24,176.39,2026-01-14,2023-11-30,678
FIEMIND.NS,2645.8999,2026-08-24,2645.8999,2026-08-12,2006-10-19,4897
FILATEX.NS,86.4523,2026-08-25,112.0,2026-09-29,2011-08-29,3697
FINCABLES.NS,1629.9435,2026-08-24,1629.9435,2024-07-05,2002-07-01,6000
FINEORG.NS,7137.9316,2026-08-21,7137.9316,2022-09-14,2018-07-02,2013
FINKURVE.NS,123.73,2026-08-25,123.73,2025-10-10,2025-10-06,221
FINOPB.NS,543.9,2026-08-25,543.9,2021-11-12,2021-11-12,1186
FINPIPE.NS,335.7698,2026-08-25,335.7698,2024-06-07,2002-07-01,5996
FIRSTCRY.NS,722.8,2026-08-24,722.8,2024-10-15,2024-08-13,507
FISCHER.NS,117.5309,2026-08-25,117.5309,2025-10-31,2025-07-10,282
FIVESTAR.NS,894.045,2026-08-25,894.045,2024-10-16,2022-11-21,932
FLAIR.NS,447.8758,2026-08-25,447.8758,2023-12-01,2023-12-01,677
FLUOROCHEM.NS,4805.6694,2026-08-25,4805.6694,2024-10-21,2019-10-16,1702
FMGOETZE.NS,561.4064,2026-08-25,561.4064,2020-01-14,2002-07-01,5996
FOCUS.NS,213.443,2026-08-21,213.443,2024-01-11,2017-07-27,2240
FOODSIN.NS,214.8838,2026-08-24,214.8838,2023-10-10,2021-11-16,1182
FORCEMOT.NS,25702.877,2026-08-25,25702.877,2026-02-17,2019-08-19,1699
FORTIS.NS,1096.7366,2026-08-25,1096.7366,2025-10-21,2007-05-09,4765
FOSECOIND.NS,6467.1733,2026-08-25,6846.5,2026-09-16,2002-07-01,5997
FRACTAL.NS,1101.55,2026-08-24,1101.55,2026-05-07,2026-02-16,131
FSL.NS,393.6956,2026-08-24,393.6956,2025-01-07,2007-02-22,4814
FUSION.NS,670.9,2026-08-25,670.9,2023-08-01,2022-11-15,936
GABRIEL.NS,1584.4218,2026-08-25,1584.4218,2026-08-05,2005-04-20,5273
GAEL.NS,204.5251,2026-08-24,204.5251,2024-02-26,2002-07-01,6000
GAIL.NS,223.2327,2026-08-25,223.2327,2024-07-31,1997-04-02,7366
GALAPREC.NS,1379.65,2026-08-24,1379.65,2025-01-02,2024-09-09,488
GALAXYSURF.NS,3363.8535,2026-08-21,3363.8535,2021-09-14,2018-02-08,2108
GALLANTT.NS,923.7021,2026-08-24,923.7021,2026-04-16,2006-04-04,5032
GANDHAR.NS,303.6812,2026-08-25,303.6812,2023-12-15,2023-11-30,679
GANDHITUBE.NS,987.0756,2026-08-21,1003.2,2026-09-22,2007-01-31,4826
GANECOS.NS,2385.2688,2026-08-21,2385.2688,2024-11-29,2015-03-09,2833
GANESHBE.NS,211.45,2026-08-21,211.45,2024-02-06,2021-09-16,1222
GANESHCP.NS,298.2829,2026-08-24,298.2829,2025-10-06,2025-09-29,224
GANESHHOU.NS,1468.7441,2026-08-21,1468.7441,2025-02-06,2007-03-02,4806
GANGAFORGE.NS,22.7,2026-08-24,22.7,2022-02-08,2018-07-25,1995
GANGESSECU.NS,224.23,2026-08-21,224.23,2024-10-21,2017-07-31,2240
GARFIBRES.NS,961.3648,2026-08-24,961.3648,2024-12-03,2002-08-12,5969
GARUDA.NS,242.37,2026-08-21,242.37,2025-11-07,2024-10-15,463
GATECH.NS,44.35,2026-08-25,44.35,2016-07-25,2016-07-25,2492
GATECHDVR.NS,19.7,2026-08-21,19.7,2023-04-17,2017-10-10,2191
GATEWAY.NS,108.4008,2026-08-25,108.4008,2024-01-10,2022-03-22,1098
GAYAHWS.NS,10.4,2026-08-24,10.4,2018-06-28,2018-06-28,2015
GEECEE.NS,447.0045,2026-08-21,447.0045,2024-12-03,2006-10-04,4906
GEEKAYWIRE.NS,67.1042,2026-08-25,67.1042,2024-09-03,2017-08-24,2226
GEMAROMA.NS,319.05,2026-08-21,319.05,2025-08-26,2025-08-26,247
GENCON.NS,68.3248,2026-08-21,68.3248,2023-01-19,2021-02-16,1366
GENESYS.NS,1029.7,2026-08-25,1029.7,2025-01-20,2003-01-23,5853
GENUSPAPER.NS,28.9,2026-08-21,28.9,2024-09-18,2015-02-16,2844
GENUSPOWER.NS,461.0388,2026-08-25,461.0388,2024-08-29,2005-07-08,5216
GEOJITFSL.NS,164.4035,2026-08-21,164.4035,2024-09-04,2005-07-01,5218
GESHIP.NS,1701.2969,2026-08-25,1701.2969,2026-05-21,2002-07-01,6001
GFLLIMITED.NS,147.451,2026-08-21,147.451,2009-04-30,2002-07-01,5997
GHCL.NS,724.4958,2026-08-25,724.4958,2025-01-03,1996-01-01,7693
GHCLTEXTIL.NS,127.94,2026-08-24,140.45,2026-09-01,2023-06-12,793
GICHSGFIN.NS,543.7188,2026-08-24,543.7188,2019-10-16,1999-01-01,6910
GICRE.NS,469.4118,2026-08-25,469.4118,2024-12-20,2017-10-25,2186
GILLANDERS.NS,151.75,2026-08-21,151.75,2024-01-24,2009-12-14,4121
GILLETTE.NS,10891.0078,2026-08-24,10891.0078,2025-07-18,2002-07-01,5997
GINNIFILA.NS,63.6,2026-08-21,63.6,2017-07-05,2002-07-01,5995
GIPCL.NS,248.7029,2026-08-24,248.7029,2024-06-19,2002-07-01,5997
GKENERGY.NS,232.2842,2026-08-25,232.2842,2025-10-23,2025-09-26,227
GKSL.NS,157.25,2026-08-24,194.27,2026-10-01,2025-12-30,164
GKWLIMITED.NS,3939.55,2026-08-21,3939.55,2024-08-22,2002-07-01,5997
GLAND.NS,4200.998,2026-08-25,4200.998,2021-08-12,2020-11-20,1426
GLAXO.NS,3380.1562,2026-08-24,3380.1562,2025-06-05,2002-07-01,5997
GLENMARK.NS,2415.4963,2026-08-25,2512.5,2026-08-28,2002-07-01,6001
GLOBALVECT.NS,345.5,2026-08-21,345.5,2024-09-27,2006-10-27,4890
GLOBE.NS,15.1543,2026-08-24,15.1543,2021-12-14,2018-07-13,2002
GLOBUSSPR.NS,1682.4924,2026-08-24,1682.4924,2022-01-14,2009-09-23,4176
GLOSTERLTD.NS,850.7658,2026-08-21,850.7658,2024-04-26,2024-04-26,578
GMBREW.NS,1251.8864,2026-08-24,1251.8864,2025-10-24,2002-07-01,5998
GMDCLTD.NS,734.164,2026-08-25,734.164,2026-04-16,2002-07-01,6001
GMMPFAUDLR.NS,2143.0017,2026-08-24,2143.0017,2020-08-11,2018-03-05,2095
GMRAIRPORT.NS,114.98,2026-08-25,114.98,2026-07-07,2006-08-21,4940
GMRP&UI.NS,162.55,2026-08-25,162.55,2024-09-25,2022-03-23,1097
GNA.NS,592.0,2026-08-25,620.45,2026-09-24,2016-09-26,2453
GNFC.NS,773.1274,2026-08-25,773.1274,2022-04-05,2002-07-01,5998
GOACARBON.NS,1072.2477,2026-08-24,1072.2477,2018-01-12,2007-06-05,4744
GOCLCORP.NS,566.2969,2026-08-25,566.2969,2023-10-27,2007-11-08,4635
GOCOLORS.NS,1410.0,2026-08-25,1410.0,2022-10-06,2021-11-30,1174
GODAVARIB.NS,393.25,2026-08-24,393.25,2024-12-09,2024-10-30,452
GODFRYPHLP.NS,3619.3447,2026-08-25,3619.3447,2025-08-21,1999-01-04,6908
GODIGIT.NS,398.4,2026-08-24,398.4,2024-10-03,2024-05-23,562
GODREJAGRO.NS,831.0516,2026-08-25,831.0516,2025-07-31,2017-10-16,2192
GODREJCP.NS,1460.9652,2026-08-25,1460.9652,2024-09-12,2002-07-01,6001
GODREJIND.NS,1417.7,2026-08-25,1417.7,2026-07-10,2002-07-01,6001
GODREJPROP.NS,3365.1338,2026-08-25,3365.1338,2024-07-16,2010-01-05,4112
GOKEX.NS,1249.9,2026-08-25,1249.9,2024-12-18,2005-04-27,5268
GOKUL.NS,107.6702,2026-08-21,107.6702,2010-08-02,2008-06-04,4493
GOKULAGRO.NS,244.05,2026-08-24,252.85,2026-08-25,2016-03-14,2583
GOLDIAM.NS,402.058,2026-08-24,402.058,2025-02-04,2005-08-29,5180
GOLDTECH.NS,261.0966,2026-08-21,261.0966,2008-01-15,2002-07-01,5995
GOODLUCK.NS,542.1239,2026-08-25,542.1239,2026-07-13,2016-09-07,2465
GOPAL.NS,511.2282,2026-08-21,511.2282,2024-11-07,2024-03-14,605
GPIL.NS,745.2003,2026-08-25,745.2003,2023-12-29,2006-04-25,5022
GPPL.NS,209.6578,2026-08-25,209.6578,2024-08-13,2010-09-09,3940
GPTHEALTH.NS,191.7391,2026-08-24,191.7391,2024-02-29,2024-02-29,614
GPTINFRA.NS,190.7888,2026-08-24,190.7888,2024-07-12,2016-07-11,2503
GRANULES.NS,901.3724,2026-08-24,909.3,2026-09-11,2005-06-20,5228
GRAPHITE.NS,880.8403,2026-08-25,880.8403,2018-08-10,2002-07-01,5999
GRASIM.NS,3380.5,2026-08-24,3380.5,2026-08-10,2002-07-01,5997
GRAVITA.NS,2655.771,2026-08-25,2655.771,2024-09-17,2010-11-16,3894
GREAVESCOT.NS,291.1995,2026-08-25,291.1995,2024-12-30,2002-08-12,5970
GREENLAM.NS,311.4692,2026-08-25,311.4692,2024-04-29,2015-03-02,2837
GREENPANEL.NS,598.1502,2026-08-25,598.1502,2022-05-05,2019-10-23,1698
GREENPLY.NS,403.1584,2026-08-24,403.1584,2024-08-22,2002-07-03,5997
GREENPOWER.NS,41.1586,2026-08-25,41.1586,2010-10-08,2010-10-08,3920
GRINDWELL.NS,2877.0229,2026-08-24,2877.0229,2024-07-04,2006-09-11,4923
GRINFRA.NS,2125.8198,2026-08-24,2125.8198,2021-10-22,2021-07-19,1264
GRMOVER.NS,171.12,2026-08-24,171.12,2026-01-05,2022-09-07,982
GROBTEA.NS,2433.8401,2026-08-21,2433.8401,2018-01-16,2016-07-14,2500
GROWW.NS,221.56,2026-08-25,221.56,2026-05-05,2025-11-12,198
GRPLTD.NS,4696.4829,2026-08-21,4696.4829,2024-08-20,2015-02-12,2846
GRSE.NS,3458.4084,2026-08-25,3458.4084,2025-06-23,2018-10-24,1939
GRWRHITECH.NS,7396.0352,2026-08-24,7396.0352,2026-08-05,2022-02-03,1128
GSFC.NS,288.2549,2026-08-25,288.2549,2024-01-29,1996-01-01,7693
GSLSU.NS,316.85,2026-08-21,316.85,2024-02-07,2023-03-23,843
GTL.NS,461.924,2026-08-21,461.924,2010-07-12,2002-07-01,5996
GTLINFRA.NS,178.15,2026-08-25,178.15,2006-05-09,2002-08-12,5967
GTPL.NS,271.1103,2026-08-24,271.1103,2021-10-12,2017-07-04,2262
GUFICBIO.NS,485.201,2026-08-21,485.201,2024-11-08,2004-10-19,5398
GUJALKALI.NS,918.9525,2026-08-25,918.9525,2022-04-26,1999-01-01,6911
GUJAPOLLO.NS,520.4502,2026-08-24,520.4502,2025-08-28,2007-06-04,4744
GUJTHEM.NS,469.1352,2026-08-25,469.1352,2025-10-27,2025-02-25,372
GULFOILLUB.NS,1338.6453,2026-08-25,1338.6453,2024-09-02,2014-07-31,2979
GULPOLY.NS,345.2899,2026-08-25,345.2899,2022-02-04,2015-01-28,2860
GVPTECH.NS,379.685,2026-08-21,379.685,2018-01-30,2017-03-15,2332
GVT&D.NS,5519.8374,2026-08-25,5519.8374,2026-06-19,2002-08-12,5971
HAL.NS,5490.6699,2026-08-25,5490.6699,2024-07-08,2018-04-02,2079
HALDER.NS,304.56,2026-08-21,304.56,2026-08-21,2026-01-19,148
HALEOSLABS.NS,1743.9491,2026-08-21,1743.9491,2024-09-09,2017-08-18,2227
HAPPSTMNDS.NS,1466.5425,2026-08-25,1466.5425,2021-07-19,2020-09-17,1472
HAPPYFORGE.NS,2328.2,2026-08-25,2420.3999,2026-09-01,2023-12-27,661
HARIOMPIPE.NS,865.2621,2026-08-24,865.2621,2024-08-26,2022-04-13,1081
HARRMALAYA.NS,332.1,2026-08-24,332.1,2025-01-03,2002-07-01,5997
HARSHA.NS,594.6588,2026-08-25,594.6588,2024-07-03,2022-09-26,969
HATHWAY.NS,74.07,2026-08-24,74.07,2014-12-02,2010-02-25,4075
HATSUN.NS,1402.5951,2026-08-25,1402.5951,2021-10-18,2014-06-20,3006
HAVELLS.NS,2052.6191,2026-08-25,2052.6191,2024-09-23,2002-07-01,5999
HAVISHA.NS,4.4,2026-08-24,4.4,2022-01-20,2018-04-13,2067
HBLENGINE.NS,1094.4512,2026-08-25,1094.4512,2025-11-10,2007-01-04,4847
HCC.NS,429.1186,2026-08-25,429.1186,2005-11-07,1996-01-01,7696
HCG.NS,776.3,2026-08-25,776.3,2025-10-29,2016-03-31,2573
HCL-INSYS.NS,205.2705,2026-08-24,205.2705,2008-01-01,2002-08-12,5966
HCLTECH.NS,1853.4236,2026-08-25,1853.4236,2025-01-10,2002-08-12,5972
HDBFS.NS,859.2234,2026-08-24,859.2234,2025-07-03,2025-07-02,287
HDFCAMC.NS,2882.9438,2026-08-25,2882.9438,2025-08-25,2018-08-06,1990
HDFCBANK.NS,996.4198,2026-08-25,996.4198,2025-07-30,1996-01-01,7696
HDFCLIFE.NS,811.408,2026-08-25,811.408,2025-06-30,2017-11-17,2169
HEADSUP.NS,242.15,2026-08-24,242.15,2017-03-17,2016-12-14,2397
HECPROJECT.NS,183.06,2026-08-21,183.06,2025-06-25,2017-03-21,2329
HEG.NS,739.25,2026-08-24,739.25,2026-08-18,2026-07-17,27
HEIDELBERG.NS,219.9278,2026-08-25,219.9278,2021-09-16,1996-01-01,7693
HEMIPROP.NS,251.65,2026-08-24,251.65,2024-02-05,2020-10-22,1447
HERANBA.NS,833.5276,2026-08-21,833.5276,2021-08-12,2021-03-05,1353
HERITGFOOD.NS,683.1234,2026-08-25,683.1234,2024-06-10,2002-07-01,5998
HEROMOTOCO.NS,6138.7886,2026-08-25,6138.7886,2025-12-05,2002-07-01,5998
HESTERBIO.NS,3180.0825,2026-08-21,3180.0825,2024-07-26,2015-03-13,2828
HEXATRADEX.NS,371.6,2026-08-21,371.6,2024-09-03,2012-04-20,3538
HEXT.NS,867.4288,2026-08-25,867.4288,2025-07-09,2025-02-19,375
HFCL.NS,238.1975,2026-08-25,271.9,2026-10-07,2002-08-12,5967
HGINFRA.NS,1811.4128,2026-08-25,1811.4128,2024-06-24,2018-03-09,2093
HGM.NS,385.15,2026-08-21,385.15,2017-12-18,2006-09-27,4910
HGS.NS,2425.0732,2026-08-24,2425.0732,2007-03-30,2002-08-12,5966
HIKAL.NS,696.6933,2026-08-24,696.6933,2021-09-15,2002-07-01,5997
HIMATSEIDE.NS,392.4906,2026-08-24,392.4906,2018-01-09,2002-07-01,5997
HINDALCO.NS,1143.7334,2026-08-25,1143.7334,2026-05-27,1996-01-01,7696
HINDCOMPOS.NS,744.3731,2026-08-24,744.3731,2017-04-10,2002-07-01,5998
HINDCOPPER.NS,755.9652,2026-08-25,755.9652,2026-01-29,2010-01-08,4109
HINDOILEXP.NS,380.5774,2026-08-24,380.5774,2009-09-09,1996-01-01,7692
HINDPETRO.NS,474.5992,2026-08-25,474.5992,2025-12-31,1996-01-02,7692
HINDUNILVR.NS,2909.8569,2026-08-25,2909.8569,2024-09-23,1996-01-01,7696
HINDWAREAP.NS,649.5087,2026-08-24,649.5087,2023-08-10,2019-12-26,1652
HINDZINC.NS,717.115,2026-08-25,717.115,2024-05-22,2002-08-12,5971
HIRECT.NS,1338.0,2026-08-24,1338.0,2026-08-03,2006-12-27,4851
HISARMETAL.NS,221.5485,2026-08-21,221.5485,2023-11-17,2017-01-05,2380
HITECH.NS,205.567,2026-08-24,205.567,2024-10-10,2016-02-25,2594
HLEGLAS.NS,1446.5457,2026-08-24,1446.5457,2021-10-14,2021-02-22,1363
HLVLTD.NS,78.8138,2026-08-24,78.8138,2006-05-02,2002-07-01,5999
HMAAGRO.NS,82.7023,2026-08-25,82.7023,2023-12-29,2023-07-04,779
HMVL.NS,296.2766,2026-08-21,296.2766,2016-10-19,2010-07-21,3972
HNDFDS.NS,720.95,2026-08-21,720.95,2022-12-02,2019-08-19,1737
HOMEFIRST.NS,1472.1202,2026-08-25,1472.1202,2025-07-25,2021-02-03,1376
HONASA.NS,538.3979,2026-08-24,538.3979,2024-09-10,2023-11-07,692
HONAUT.NS,58192.7969,2026-08-21,58192.7969,2024-07-04,2002-07-01,5997
HONDAPOWER.NS,4108.3218,2026-08-21,4108.3218,2024-10-08,2002-07-01,5994
HPAL.NS,123.6726,2026-08-24,123.6726,2024-02-06,2021-12-27,1154
HPIL.NS,196.8916,2026-08-21,196.8916,2024-01-30,2020-02-11,1617
HPL.NS,667.5909,2026-08-25,667.5909,2024-08-22,2016-10-04,2447
HSCL.NS,800.9,2026-08-25,800.9,2026-07-21,2007-03-02,4809
HTMEDIA.NS,221.8363,2026-08-21,221.8363,2008-01-02,2005-09-01,5174
HUDCO.NS,319.8175,2026-08-25,319.8175,2024-07-11,2017-05-19,2294
HUHTAMAKI.NS,431.4257,2026-08-25,431.4257,2024-08-21,2002-07-01,6001
HYUNDAI.NS,2782.7256,2026-08-25,2782.7256,2025-09-19,2024-10-22,460
ICDSLTD.NS,153.55,2026-08-21,153.55,2021-09-13,2021-07-06,1270
ICEMAKE.NS,1039.526,2026-08-21,1039.526,2025-04-24,2017-12-08,2151
ICICIAMC.NS,3524.8149,2026-08-25,3524.8149,2026-05-29,2025-12-19,171
ICICIBANK.NS,1464.8524,2026-08-25,1464.8524,2025-07-23,2002-07-01,5998
ICICIGI.NS,2244.4126,2026-08-25,2244.4126,2024-09-23,2017-09-27,2204
ICICIPRULI.NS,787.2709,2026-08-24,787.2709,2024-09-23,2016-09-29,2449
ICIL.NS,443.8,2026-08-25,476.55,2026-09-23,2005-09-12,5172
ICRA.NS,7056.8911,2026-08-24,7056.8911,2024-10-01,2007-04-13,4778
IDBI.NS,160.4388,2026-08-25,160.4388,2010-11-10,1996-01-01,7696
IDEA.NS,120.8852,2026-08-25,120.8852,2015-04-16,2007-03-09,4804
IDFCFIRSTB.NS,98.5867,2026-08-25,98.5867,2023-09-05,2015-11-06,2669
IEX.NS,272.7894,2026-08-25,272.7894,2021-12-10,2017-10-23,2188
IFBIND.NS,2329.8,2026-08-24,2329.8,2024-10-21,2002-07-01,5998
IFCI.NS,91.1081,2026-08-25,102.51,2026-09-07,2002-07-01,5998
IGIL.NS,602.786,2026-08-25,602.786,2025-01-08,2024-12-30,413
IGL.NS,268.7031,2026-08-25,268.7031,2024-09-30,2003-12-26,5610
IIFL.NS,696.4,2026-08-24,696.4,2026-08-24,2005-05-17,5253
IIFLCAPS.NS,434.577,2026-08-24,434.577,2024-10-18,2019-09-20,1716
IKS.NS,2145.7,2026-08-24,2145.7,2024-12-26,2024-12-19,418
IMAGICAA.NS,192.65,2026-08-24,192.65,2015-04-06,2015-04-06,2815
IMFA.NS,1644.9291,2026-08-24,1644.9291,2026-04-29,2010-07-23,3973
INDGN.NS,727.0607,2026-08-24,727.0607,2024-10-01,2024-05-13,570
INDHOTEL.NS,883.1086,2026-08-24,883.1086,2024-12-30,2002-07-01,6000
INDIACEM.NS,478.55,2026-08-25,478.55,2026-01-16,1996-01-02,7692
INDIAGLYCO.NS,1191.3,2026-08-24,1203.3,2026-08-27,2002-08-12,5970
INDIAMART.NS,4675.6006,2026-08-25,4675.6006,2020-11-14,2019-07-04,1770
INDIANB.NS,970.8679,2026-08-25,970.8679,2026-02-26,2007-03-01,4810
INDIASHLTR.NS,989.0552,2026-08-24,989.0552,2025-07-21,2023-12-20,662
INDIGO.NS,6155.5,2026-08-25,6155.5,2025-08-20,2015-11-10,2666
INDIGOPNTS.NS,3074.6934,2026-08-25,3074.6934,2021-02-02,2021-02-02,1378
INDUSINDBK.NS,1940.2522,2026-08-25,1940.2522,2018-08-02,2002-07-01,5999
INDUSTOWER.NS,460.4223,2026-08-25,460.4223,2026-02-18,2012-12-28,3373
INFY.NS,1901.0829,2026-08-25,1901.0829,2024-12-13,1996-01-01,7696
INGERRAND.NS,4705.6001,2026-08-25,4883.5,2026-09-02,2002-07-01,5998
INNOVACAP.NS,1236.3384,2026-08-25,1297.6,2026-09-23,2023-12-29,658
INOXGREEN.NS,272.2,2026-08-25,272.2,2025-11-03,2022-11-23,931
INOXINDIA.NS,2093.8,2026-08-25,2295.8,2026-09-10,2023-12-21,663
INOXWIND.NS,254.34,2026-08-25,254.34,2024-09-20,2015-04-09,2814
INTELLECT.NS,1209.077,2026-08-25,1209.077,2025-06-17,2014-12-18,2888
IOB.NS,168.2741,2026-08-25,168.2741,2008-01-07,2002-07-01,5998
IOC.NS,183.5003,2026-08-25,183.5003,2026-02-27,1996-04-15,7618
IONEXCHANG.NS,725.4604,2026-08-25,725.4604,2024-07-29,2022-02-22,1115
IPCALAB.NS,1928.5,2026-08-25,2009.6,2026-09-18,1996-01-01,7692
IRB.NS,37.8539,2026-08-25,37.8539,2024-06-07,2008-02-25,4562
IRCON.NS,324.9771,2026-08-25,324.9771,2024-07-12,2018-09-28,1955
IRCTC.NS,1123.3041,2026-08-24,1123.3041,2021-10-18,2019-10-14,1703
IREDA.NS,286.2154,2026-08-25,286.2154,2024-07-15,2023-11-29,680
IRFC.NS,210.0433,2026-08-25,210.0433,2024-07-12,2021-01-29,1380
ISGEC.NS,1590.1251,2026-08-25,1590.1251,2024-12-11,2021-05-05,1316
ITC.NS,463.9492,2026-08-25,463.9492,2024-09-26,1996-01-01,7693
ITCHOTELS.NS,253.0906,2026-08-25,253.0906,2025-07-18,2025-01-29,391
ITI.NS,544.35,2026-08-25,544.35,2025-01-06,2002-07-01,5998
IXIGO.NS,335.55,2026-08-24,335.55,2025-10-16,2024-06-18,546
J&KBANK.NS,192.65,2026-08-25,192.65,2026-07-10,2002-08-12,5967
JAIBALAJI.NS,256.51,2026-08-24,256.51,2024-02-29,2003-12-09,5622
JAMNAAUTO.NS,146.5294,2026-08-25,151.77,2026-10-07,2010-12-10,3877
JBMA.NS,1186.7145,2026-08-24,1186.7145,2024-02-19,2004-12-17,5356
JINDALSAW.NS,367.0508,2026-08-25,367.0508,2024-09-24,2002-07-01,5998
JINDALSTEL.NS,1286.4963,2026-08-25,1286.4963,2026-04-21,1999-09-22,6724
JINDWORLD.NS,91.9901,2026-08-25,91.9901,2023-01-04,2010-11-25,3888
JIOFIN.NS,386.441,2026-08-25,386.441,2024-04-23,2023-08-21,747
JISLJALEQS.NS,219.1679,2026-08-25,219.1679,2010-08-02,2002-01-18,6117
JKCEMENT.NS,7511.0439,2026-08-25,7511.0439,2025-08-20,2006-03-14,5048
JKIL.NS,885.4855,2026-08-24,885.4855,2024-07-05,2008-02-12,4570
JKLAKSHMI.NS,996.9809,2026-08-25,996.9809,2025-07-22,2006-06-19,4984
JKPAPER.NS,612.0898,2026-08-24,612.0898,2024-07-02,2005-06-16,5230
JKTYRE.NS,598.8743,2026-08-25,598.8743,2026-02-11,2004-06-14,5491
JMFINANCIL.NS,188.2498,2026-08-25,188.2498,2025-08-22,2006-10-10,4905
JPPOWER.NS,133.998,2026-08-25,133.998,2008-01-07,2005-04-18,5275
JSFB.NS,736.2,2026-08-24,736.2,2024-06-20,2024-02-14,627
JSL.NS,860.9695,2026-08-24,860.9695,2026-01-05,2003-11-17,5638
JSWCEMENT.NS,158.5816,2026-08-25,158.5816,2025-09-03,2025-08-14,257
JSWENERGY.NS,786.2582,2026-08-25,786.2582,2024-09-23,2010-01-04,4112
JSWINFRA.NS,354.0886,2026-08-25,367.6,2026-09-22,2023-10-03,718
JSWSTEEL.NS,1330.0,2026-08-25,1341.0,2026-08-26,2003-05-08,5778
JUBLFOOD.NS,895.0112,2026-08-24,895.0112,2021-10-13,2010-02-08,4087
JUBLINGREA.NS,847.4439,2026-08-24,847.4439,2025-01-03,2021-03-19,1345
JUBLPHARMA.NS,1250.7521,2026-08-25,1250.7521,2024-11-01,2002-07-01,6000
JUSTDIAL.NS,1844.0791,2026-08-24,1844.0791,2014-08-05,2013-06-05,3264
JWL.NS,726.3259,2026-08-25,726.3259,2024-07-05,2010-10-18,3914
JYOTHYLAB.NS,563.2518,2026-08-25,563.2518,2024-09-11,2007-12-19,4608
JYOTICNC.NS,1435.9,2026-08-25,1435.9,2024-12-17,2024-01-16,647
KAJARIACER.NS,1519.0743,2026-08-24,1519.0743,2024-09-24,2002-07-01,5997
KALYANKJIL.NS,782.4087,2026-08-25,782.4087,2025-01-02,2021-03-26,1341
KANSAINER.NS,420.4371,2026-08-24,420.4371,2021-01-21,2002-07-01,5995
KARURVYSYA.NS,348.1,2026-08-25,354.35,2026-08-26,1996-01-01,7693
KAYNES.NS,7597.5498,2026-08-25,7597.5498,2025-01-01,2022-11-22,932
KEC.NS,1218.4318,2026-08-25,1218.4318,2024-12-04,2002-08-12,5967
KEI.NS,5873.0,2026-08-25,5873.0,2026-08-17,2006-03-23,5042
KFINTECH.NS,1560.4816,2026-08-25,1560.4816,2024-12-26,2022-12-29,905
KIMS.NS,850.65,2026-08-25,850.65,2026-07-03,2021-06-28,1280
KIRLOSBROS.NS,2577.3496,2026-08-24,2577.3496,2024-07-05,2006-04-07,5031
KIRLOSENG.NS,2558.1914,2026-08-25,2558.1914,2026-06-24,2002-08-12,5967
KIRLPNU.NS,1040.98,2026-08-24,1040.98,2026-06-22,2023-04-26,826
KITEX.NS,306.8753,2026-08-25,306.8753,2025-05-22,2012-09-25,3434
KNRCON.NS,407.9683,2026-08-25,407.9683,2024-07-30,2008-02-18,4567
KOTAKBANK.NS,452.4563,2026-08-25,452.4563,2025-04-22,2001-07-02,6260
KPIGREEN.NS,729.3947,2026-08-25,729.3947,2024-08-12,2021-07-27,1260
KPIL.NS,1428.2589,2026-08-24,1458.4,2026-10-07,2002-07-01,5997
KPITTECH.NS,1831.6021,2026-08-25,1831.6021,2024-07-16,2019-04-22,1820
KPRMILL.NS,1297.0519,2026-08-21,1297.0519,2025-05-09,2007-08-28,4685
KRBL.NS,607.639,2026-08-25,607.639,2017-11-02,2002-01-24,6108
KRN.NS,1539.7,2026-08-25,1660.2,2026-09-08,2024-10-03,473
KSB.NS,996.9165,2026-08-24,996.9165,2024-07-15,2002-07-01,5997
KSCL.NS,1560.745,2026-08-25,1560.745,2025-04-15,2007-10-04,4660
KSL.NS,1221.1382,2026-08-24,1221.1382,2024-12-18,2008-10-21,4402
KTKBANK.NS,329.9009,2026-08-25,343.05,2026-09-23,2000-05-10,6557
LALPATHLAB.NS,2027.2286,2026-08-24,2027.2286,2021-09-15,2015-12-23,2638
LATENTVIEW.NS,701.9,2026-08-25,701.9,2021-11-25,2021-11-23,1180
LAURUSLABS.NS,1866.2,2026-08-25,2052.8,2026-10-07,2016-12-19,2397
LEMONTREE.NS,177.93,2026-08-25,177.93,2025-09-08,2018-04-09,2074
LICHSGFIN.NS,776.0595,2026-08-25,776.0595,2024-07-01,2002-07-01,5998
LICI.NS,572.848,2026-08-25,572.848,2024-07-30,2022-05-17,1061
LINDEINDIA.NS,9642.5146,2026-08-25,9642.5146,2024-05-21,2000-05-31,6544
LLOYDSENGG.NS,96.6143,2026-08-25,102.2,2026-10-05,2016-07-20,2498
LLOYDSENT.NS,92.5401,2026-08-25,92.5401,2025-07-10,2024-10-17,462
LLOYDSME.NS,2101.2,2026-08-25,2101.2,2026-08-07,2023-07-17,771
LMW.NS,20047.0,2026-08-21,20047.0,2026-08-17,2002-07-01,5997
LODHA.NS,1581.2201,2026-08-25,1581.2201,2024-06-21,2021-04-19,1328
LT.NS,4375.3643,2026-08-25,4375.3643,2026-02-23,2002-07-01,6001
LTF.NS,335.6,2026-08-25,335.6,2026-07-06,2011-08-12,3708
LTFOODS.NS,504.3512,2026-08-24,504.3512,2025-07-17,2006-12-19,4856
LTTS.NS,5652.1777,2026-08-25,5652.1777,2024-08-29,2016-09-23,2454
LUMAXTECH.NS,2076.3,2026-08-25,2116.3999,2026-09-22,2007-01-16,4838
LUPIN.NS,2514.8,2026-08-24,2514.8,2026-07-21,2001-09-10,6208
LUXIND.NS,4511.4443,2026-08-25,4511.4443,2021-11-17,2015-12-01,2655
LXCHEM.NS,591.5551,2026-08-25,591.5551,2021-09-15,2021-03-25,1342
M&M.NS,3762.884,2026-08-25,3762.884,2026-01-02,1996-01-01,7694
M&MFIN.NS,412.3,2026-08-25,412.3,2026-08-10,2006-03-17,5046
MAHABANK.NS,93.85,2026-08-25,93.85,2026-06-29,2004-04-12,5534
MAHLIFE.NS,656.5977,2026-08-24,656.5977,2024-04-24,2002-07-01,5997
MAHSCOOTER.NS,17578.1367,2026-08-21,17578.1367,2025-09-24,2002-07-01,5995
MAHSEAMLES.NS,1015.9589,2026-08-25,1015.9589,2023-12-05,2002-07-01,6001
MANAPPURAM.NS,370.7845,2026-08-25,370.7845,2026-07-31,2010-06-30,3991
MANINFRA.NS,251.5434,2026-08-24,251.5434,2024-12-27,2010-03-11,4065
MANKIND.NS,2997.2185,2026-08-25,2997.2185,2024-12-23,2023-05-09,818
MANORAMA.NS,1957.9485,2026-08-25,2132.0815,2026-09-08,2022-07-01,1028
MANYAVAR.NS,1412.4655,2026-08-24,1412.4655,2023-12-08,2022-02-16,1118
MAPMYINDIA.NS,2515.3472,2026-08-25,2515.3472,2024-06-21,2021-12-21,1159
MARICO.NS,885.35,2026-08-25,885.35,2026-07-30,1996-05-01,7609
MARKSANS.NS,351.1877,2026-08-25,351.1877,2024-12-02,2002-07-19,5984
MARUTI.NS,17120.0625,2026-08-25,17120.0625,2026-01-06,2003-07-09,5734
MASTEK.NS,3279.9138,2026-08-25,3279.9138,2021-10-19,2002-07-01,6001
MAXESTATES.NS,684.35,2026-08-21,684.35,2024-08-26,2023-10-30,696
MAXHEALTH.NS,1297.594,2026-08-25,1297.594,2025-07-03,2020-08-21,1491
MAZDOCK.NS,3721.2805,2026-08-25,3721.2805,2025-05-29,2020-10-12,1456
MCX.NS,3433.2876,2026-08-25,3433.2876,2026-05-20,2012-03-09,3570
MEDANTA.NS,1485.9879,2026-08-24,1508.9,2026-08-27,2022-11-18,932
MEDPLUS.NS,1290.0,2026-08-24,1290.0,2022-01-20,2021-12-23,1155
METROPOLIS.NS,854.4668,2026-08-25,854.4668,2021-12-29,2019-04-15,1823
MFSL.NS,1870.0,2026-08-24,1870.0,2026-02-23,1996-01-01,7692
MGL.NS,1871.3694,2026-08-25,1871.3694,2024-09-26,2016-07-01,2509
MIDHANI.NS,526.8176,2026-08-25,526.8176,2024-07-11,2018-04-04,2077
MINDACORP.NS,745.25,2026-08-25,745.25,2026-08-18,2012-03-19,3563
MMTC.NS,1193.5907,2026-08-25,1193.5907,2010-01-18,2010-01-08,4109
MOIL.NS,534.878,2026-08-24,534.878,2024-07-08,2010-12-15,3873
MOTHERSON.NS,170.4,2026-08-25,170.68,2026-08-31,2002-07-01,5999
MOTILALOFS.NS,1513.2651,2026-08-25,1513.2651,2018-01-05,2007-09-11,4677
MPHASIS.NS,3161.4316,2026-08-25,3161.4316,2021-10-19,2002-07-01,5998
MRF.NS,162005.7969,2026-08-24,162005.7969,2025-10-23,2002-07-01,5996
MRPL.NS,277.4161,2026-08-25,277.4161,2024-02-19,1996-01-01,7693
MSTCLTD.NS,992.6107,2026-08-24,992.6107,2024-01-30,2019-04-01,1832
MSUMI.NS,51.3053,2026-08-25,51.3053,2026-01-05,2022-03-28,1094
MTARTECH.NS,8374.5,2026-08-25,8374.5,2026-06-19,2021-03-15,1350
MUTHOOTFIN.NS,4057.3928,2026-08-25,4057.3928,2026-01-29,2011-05-06,3778
NAM-INDIA.NS,1251.0,2026-08-25,1251.0,2026-08-21,2017-11-06,2178
NATCOPHARM.NS,1576.4958,2026-08-25,1576.4958,2024-09-12,1996-01-01,7694
NATIONALUM.NS,438.1979,2026-08-25,438.1979,2026-04-28,1999-04-28,6826
NAUKRI.NS,1788.0149,2026-08-24,1788.0149,2025-01-03,2006-11-21,4876
NAVA.NS,723.6393,2026-08-24,723.6393,2026-05-11,2002-07-01,5997
NAVINFLUOR.NS,8650.0,2026-08-25,8775.5,2026-09-09,2007-06-01,4747
NAZARA.NS,400.2812,2026-08-24,400.2812,2021-10-11,2021-03-30,1339
NBCC.NS,127.4665,2026-08-25,127.4665,2024-08-28,2012-04-12,3548
NCC.NS,346.6256,2026-08-25,346.6256,2024-07-31,2002-08-12,5969
NEOGEN.NS,2353.6128,2026-08-25,2488.3999,2026-09-18,2019-05-08,1810
NESCO.NS,1568.0024,2026-08-24,1568.0024,2025-09-11,2008-04-08,4531
NESTLEIND.NS,1540.0,2026-08-24,1540.0,2026-08-07,2002-08-12,5970
NETWEB.NS,5601.0,2026-08-25,5601.0,2026-08-21,2023-07-27,763
NETWORK18.NS,676.9033,2026-08-25,676.9033,2006-05-02,2002-08-12,5971
NEULANDLAB.NS,23661.0,2026-08-24,23995.0,2026-09-08,2008-10-13,4407
NEWGEN.NS,1727.9946,2026-08-25,1727.9946,2025-01-15,2018-01-29,2120
NFL.NS,154.7184,2026-08-25,154.7184,2024-07-22,2006-12-28,4851
NH.NS,2252.8889,2026-08-25,2252.8889,2025-06-27,2016-01-06,2630
NHPC.NS,110.0685,2026-08-25,110.0685,2024-07-15,2009-09-01,4193
NIACL.NS,348.8287,2026-08-25,348.8287,2018-05-29,2017-11-13,2173
NIVABUPA.NS,100.0,2026-08-24,100.0,2024-12-05,2024-11-14,441
NLCINDIA.NS,370.5522,2026-08-25,370.5522,2026-05-14,2000-08-23,6483
NMDC.NS,96.04,2026-08-25,96.04,2026-06-03,2008-03-03,4557
NSLNISP.NS,70.9,2026-08-25,70.9,2024-02-02,2023-02-20,869
NTPC.NS,421.2889,2026-08-25,421.2889,2024-09-30,2004-11-05,5387
NTPCGREEN.NS,148.61,2026-08-25,148.61,2024-12-11,2024-11-27,436
NUVAMA.NS,1980.1,2026-08-24,1980.1,2026-07-24,2023-09-26,721
NUVOCO.NS,567.4,2026-08-24,567.4,2021-09-06,2021-08-23,1241
NYKAA.NS,415.5167,2026-08-25,415.5167,2021-12-01,2021-11-10,1188
OBEROIRLTY.NS,2303.3677,2026-08-24,2303.3677,2024-12-26,2010-10-20,3910
OFSS.NS,12007.8359,2026-08-25,12540.0,2026-08-31,2002-06-28,6000
OIL.NS,702.6891,2026-08-24,702.6891,2024-08-30,2009-09-30,4173
OLAELEC.NS,146.38,2026-08-25,146.38,2024-08-19,2024-08-09,510
OLECTRA.NS,2133.0022,2026-08-25,2133.0022,2024-02-19,2002-07-01,5998
ONESOURCE.NS,2197.8,2026-08-24,2197.8,2025-06-30,2025-01-24,394
ONGC.NS,306.5691,2026-08-25,306.5691,2024-08-01,1996-01-01,7693
OPTIEMUS.NS,851.2,2026-08-25,889.9,2026-10-06,2017-08-08,2237
ORCHPHARMA.NS,2527.8999,2026-08-25,2527.8999,2021-04-01,2002-07-01,5997
ORIENTCEM.NS,358.0156,2026-08-24,358.0156,2025-04-21,2013-07-12,3236
OSWALPUMPS.NS,873.8,2026-08-25,873.8,2025-08-22,2025-06-20,296
PAGEIND.NS,50936.0742,2026-08-25,50936.0742,2022-10-20,2007-03-16,4797
PARADEEP.NS,228.2619,2026-08-25,228.2619,2025-08-06,2022-05-27,1053
PARAS.NS,1558.1272,2026-08-25,1558.1272,2024-07-04,2021-10-01,1214
PARKHOTELS.NS,224.7054,2026-08-24,224.7054,2024-02-22,2024-02-12,629
PATANJALI.NS,4922.2036,2026-08-25,4922.2036,2008-01-01,2002-07-01,5998
PATELENG.NS,691.0514,2026-08-25,691.0514,2008-01-04,2005-02-24,5310
PAYTM.NS,1798.75,2026-08-25,1849.9,2026-09-18,2021-11-18,1182
PCBL.NS,551.8152,2026-08-25,551.8152,2024-09-30,2002-07-01,5998
PCJEWELLER.NS,58.3733,2026-08-25,58.3733,2018-01-19,2012-12-27,3374
PERSISTENT.NS,6587.6812,2026-08-25,6587.6812,2024-12-19,2010-04-06,4051
PETRONET.NS,356.3872,2026-08-24,356.3872,2024-08-22,2004-03-26,5546
PFC.NS,517.2625,2026-08-25,517.2625,2024-07-11,2007-02-23,4814
PFIZER.NS,6042.0952,2026-08-24,6042.0952,2024-09-02,2002-07-01,5996
PGEL.NS,1022.7657,2026-08-25,1022.7657,2025-01-01,2011-09-26,3680
PGHH.NS,17484.4062,2026-08-24,17484.4062,2023-11-17,2002-08-12,5967
PGIL.NS,1240.2,2026-08-25,1329.1,2026-09-25,2007-02-15,4819
PHOENIXLTD.NS,2151.1509,2026-08-25,2151.1509,2026-07-13,2007-04-23,4773
PIDILITIND.NS,1701.5,2026-08-25,1701.5,2026-08-12,2002-07-01,5998
PIIND.NS,4686.4419,2026-08-25,4686.4419,2024-10-01,2011-06-15,3750
PNB.NS,219.9322,2026-08-25,219.9322,2010-11-09,2002-07-01,6000
PNBHOUSING.NS,1353.5156,2026-08-25,1353.5156,2017-08-30,2016-11-07,2426
PNCINFRA.NS,555.0397,2026-08-24,555.0397,2024-05-24,2015-05-26,2782
PNGJL.NS,808.35,2026-08-25,808.35,2024-09-24,2024-09-17,484
POLICYBZR.NS,2215.8501,2026-08-25,2215.8501,2025-01-03,2021-11-15,1184
POLYCAB.NS,10083.0,2026-08-25,10083.0,2026-06-19,2019-04-16,1822
POLYMED.NS,3117.0317,2026-08-24,3117.0317,2024-11-01,2011-12-07,3633
POLYPLEX.NS,2584.7898,2026-08-25,2584.7898,2022-04-11,2002-07-01,5998
POONAWALLA.NS,542.5,2026-08-25,542.5,2025-10-15,2004-04-27,5524
POWERGRID.NS,343.2435,2026-08-25,343.2435,2024-09-26,2007-10-05,4660
POWERINDIA.NS,38435.8242,2026-08-24,38435.8242,2026-05-29,2020-03-30,1588
POWERMECH.NS,3501.6716,2026-08-25,3501.6716,2024-08-26,2015-08-26,2716
PPLPHARMA.NS,293.3599,2026-08-25,293.3599,2024-11-06,2022-10-19,954
PRAJIND.NS,824.3494,2026-08-25,824.3494,2025-01-01,2002-07-01,5998
PREMIERENE.NS,1370.7861,2026-08-25,1370.7861,2024-12-16,2024-09-03,494
PRESTIGE.NS,2049.8865,2026-08-25,2049.8865,2024-06-24,2010-10-27,3907
PRICOLLTD.NS,806.55,2026-08-25,806.55,2026-08-17,2002-07-01,5999
PRINCEPIPE.NS,849.084,2026-08-24,849.084,2021-11-09,2019-12-30,1650
PRIVISCL.NS,3740.3022,2026-08-21,3740.3022,2026-07-02,2015-05-08,2792
PRSMJOHNSN.NS,232.61,2026-08-24,232.61,2024-09-11,2002-07-01,5995
PRUDENT.NS,3513.1699,2026-08-24,3674.3999,2026-08-31,2022-05-20,1056
PTC.NS,201.6557,2026-08-25,201.6557,2026-05-07,2004-04-07,5537
PTCIL.NS,21672.0,2026-08-24,24685.0,2026-10-07,2023-06-09,794
PURVA.NS,549.7,2026-08-24,549.7,2024-07-03,2007-08-30,4683
PVRINOX.NS,2192.95,2026-08-25,2192.95,2022-08-03,2006-01-04,5093
QUESS.NS,1118.661,2026-08-25,1118.661,2018-06-12,2016-07-12,2504
RADICO.NS,4732.8999,2026-08-25,4732.8999,2026-08-18,2003-06-18,5748
RAILTEL.NS,583.4875,2026-08-25,583.4875,2024-07-12,2021-02-26,1360
RAIN.NS,432.8195,2026-08-25,432.8195,2018-01-08,2002-08-12,5971
RAINBOW.NS,1669.9895,2026-08-21,1669.9895,2024-12-04,2022-05-10,1063
RALLIS.NS,376.2294,2026-08-25,376.2294,2025-08-25,2002-07-01,5998
RAMCOCEM.NS,1201.6207,2026-08-21,1201.6207,2026-02-09,2002-07-01,5996
RATEGAIN.NS,990.05,2026-08-24,990.05,2026-08-21,2021-12-17,1160
RATNAMANI.NS,3820.0315,2026-08-24,3820.0315,2024-09-12,2006-05-09,5011
RAYMONDLSL.NS,2865.3909,2026-08-25,2865.3909,2024-09-05,2024-09-05,492
RBA.NS,194.4,2026-08-25,194.4,2020-12-16,2020-12-14,1411
RBLBANK.NS,678.9327,2026-08-25,678.9327,2019-05-28,2016-08-31,2469
RCF.NS,226.7945,2026-08-25,226.7945,2024-07-22,2002-07-01,5998
RECLTD.NS,583.855,2026-08-25,583.855,2024-07-11,2008-03-12,4551
REDINGTON.NS,365.1,2026-08-25,412.75,2026-10-05,2007-02-15,4819
REFEX.NS,571.1638,2026-08-25,571.1638,2024-09-27,2009-12-03,4131
RELAXO.NS,1398.6971,2026-08-24,1398.6971,2021-11-04,2011-06-17,3746
RELIANCE.NS,1584.9718,2026-08-25,1584.9718,2026-01-02,1996-01-01,7693
RELIGARE.NS,659.7374,2026-08-24,659.7374,2008-01-03,2007-11-21,4626
RENUKA.NS,114.9895,2026-08-25,114.9895,2010-01-06,2005-10-31,5138
RHIM.NS,860.3721,2026-08-24,860.3721,2023-01-05,2012-03-12,3567
RITES.NS,369.731,2026-08-25,369.731,2024-02-08,2018-07-03,2014
RKFORGE.NS,1043.3243,2026-08-24,1043.3243,2024-10-15,2004-05-05,5517
ROUTE.NS,2190.7263,2026-08-24,2190.7263,2021-10-12,2020-09-21,1469
RPOWER.NS,275.9563,2026-08-25,275.9563,2008-02-25,2008-02-11,4572
RRKABEL.NS,2919.3,2026-08-25,2928.3999,2026-08-31,2023-09-20,724
RTNINDIA.NS,90.35,2026-08-24,90.35,2024-02-08,2012-07-30,3471
RTNPOWER.NS,39.5,2026-08-25,39.5,2009-10-30,2009-10-30,4154
RVNL.NS,620.4066,2026-08-25,620.4066,2024-07-11,2019-04-11,1825
SAFARI.NS,2716.1472,2026-08-24,2716.1472,2024-12-11,2019-09-12,1721
SAGILITY.NS,54.4009,2026-08-25,54.4009,2025-10-30,2024-11-12,445
SAIL.NS,203.3967,2026-08-25,203.3967,2026-05-27,1996-01-01,7696
SAILIFE.NS,1471.6,2026-08-25,1675.4,2026-09-09,2024-12-18,421
SAMHI.NS,248.97,2026-08-25,248.97,2025-07-21,2023-09-22,724
SAMMAANCAP.NS,1041.4475,2026-08-25,1041.4475,2018-01-29,2013-07-23,3231
SANDUMA.NS,264.0624,2026-08-25,264.0624,2026-01-02,2023-09-07,734
SANOFI.NS,9606.5273,2026-08-25,9606.5273,2024-06-12,2002-07-01,5997
SANOFICONR.NS,5609.6729,2026-08-21,5609.6729,2025-06-30,2024-09-13,483
SANSERA.NS,3999.1677,2026-08-25,4662.3999,2026-09-25,2021-09-24,1219
SAPPHIRE.NS,381.6,2026-08-24,381.6,2024-09-26,2021-11-18,1181
SARDAEN.NS,623.757,2026-08-24,623.757,2025-09-15,2009-12-03,4131
SAREGAMA.NS,661.5131,2026-08-25,661.5131,2024-10-01,2002-07-01,5997
SBFC.NS,119.02,2026-08-25,119.02,2025-07-11,2023-08-16,749
SBICARD.NS,1122.0286,2026-08-25,1122.0286,2021-10-18,2020-03-16,1599
SBILIFE.NS,2106.6716,2026-08-25,2106.6716,2026-02-23,2017-10-03,2201
SBIN.NS,1206.0607,2026-08-25,1206.0607,2026-02-23,1996-01-01,7694
SCHAEFFLER.NS,4746.0493,2026-08-24,4746.0493,2024-06-14,2002-07-01,5997
SCI.NS,343.5313,2026-08-25,343.5313,2026-05-18,2002-07-01,5998
SENCO.NS,733.0508,2026-08-25,733.0508,2024-10-01,2023-07-14,772
SFL.NS,1969.5363,2026-08-24,1969.5363,2022-04-12,2016-12-12,2401
SHAILY.NS,3454.8337,2026-08-25,3454.8337,2026-08-11,2022-04-04,1089
SHAKTIPUMP.NS,1340.7314,2026-08-25,1340.7314,2025-01-08,2011-10-25,3660
SHARDACROP.NS,1242.2582,2026-08-24,1242.2582,2026-02-13,2014-09-23,2941
SHARDAMOTR.NS,2810.2766,2026-08-21,2810.2766,2024-07-09,2015-09-03,2708
SHAREINDIA.NS,392.1039,2026-08-25,392.1039,2024-02-26,2020-09-21,1470
SHILPAMED.NS,861.0093,2026-08-25,1073.7,2026-10-06,2009-12-03,4132
SHREECEM.NS,32169.9785,2026-08-24,32169.9785,2025-07-22,2001-07-02,6257
SHRIPISTON.NS,4746.7998,2026-08-25,4749.2002,2026-09-29,2016-06-09,2525
SHRIRAMFIN.NS,1141.0,2026-08-25,1141.0,2026-08-06,2002-07-01,6001
SHYAMMETL.NS,1057.99,2026-08-25,1105.8,2026-09-23,2021-06-24,1282
SIEMENS.NS,4648.6567,2026-08-25,4648.6567,2024-10-16,1999-01-04,6910
SIGNATURE.NS,1612.9,2026-08-24,1612.9,2024-10-01,2023-09-27,718
SJVN.NS,147.56,2026-08-25,147.56,2024-07-15,2010-05-20,4020
SKFINDIA.NS,6600.8818,2026-08-25,6600.8818,2024-06-14,2002-08-12,5968
SKIPPER.NS,637.6269,2026-08-24,637.6269,2024-12-11,2015-05-27,2780
SKYGOLD.NS,842.3,2026-08-25,876.95,2026-10-07,2023-01-06,899
SOBHA.NS,2106.7573,2026-08-24,2106.7573,2024-06-14,2006-12-20,4854
SOLARINDS.NS,20324.0,2026-08-25,22455.0,2026-09-08,2006-04-03,5034
SONACOMS.NS,824.0,2026-08-25,833.0,2026-09-23,2021-06-24,1282
SONATSOFTW.NS,819.7395,2026-08-25,819.7395,2024-02-27,2002-07-01,5998
SOUTHBANK.NS,48.0179,2026-08-25,49.95,2026-09-25,1998-12-14,6923
SPARC.NS,539.976,2026-08-25,539.976,2015-03-09,2003-01-14,5860
SRF.NS,3269.9387,2026-08-24,3269.9387,2025-07-08,2002-07-01,5997
STAR.NS,1628.2816,2026-08-24,1628.2816,2024-10-17,2002-06-26,6003
STARCEMENT.NS,297.3878,2026-08-24,297.3878,2025-09-03,2017-06-19,2271
STARHEALTH.NS,906.85,2026-08-25,906.85,2021-12-10,2021-12-10,1167
STLTECH.NS,660.8,2026-08-25,1016.8,2026-10-07,2000-12-08,6407
STYRENIX.NS,3350.9492,2026-08-24,3350.9492,2025-06-10,2002-08-12,5966
SUBROS.NS,1189.1725,2026-08-24,1189.1725,2025-09-29,2005-07-13,5211
SUDARSCHEM.NS,1517.0233,2026-08-24,1517.0233,2025-09-23,2005-03-03,5303
SUMICHEM.NS,650.6814,2026-08-25,650.6814,2025-07-30,2020-01-27,1632
SUNDARMFIN.NS,5552.2227,2026-08-25,5552.2227,2026-03-05,2002-07-01,5998
SUNDRMFAST.NS,1456.0486,2026-08-25,1456.0486,2024-10-16,2002-07-01,5999
SUNFLAG.NS,414.6461,2026-08-25,474.4,2026-10-07,2005-09-29,5159
SUNPHARMA.NS,2001.1,2026-08-25,2001.1,2026-07-30,1996-01-01,7696
SUNTECK.NS,622.9794,2026-08-24,622.9794,2024-07-16,2009-11-13,4144
SUNTV.NS,869.3317,2026-08-24,869.3317,2024-08-09,2006-04-24,5022
SUPREMEIND.NS,6056.2466,2026-08-25,6056.2466,2024-06-19,2002-07-01,5998
SUPRIYA.NS,1051.251,2026-08-24,1051.251,2026-06-01,2021-12-28,1153
SURYAROSNI.NS,399.4396,2026-08-24,399.4396,2024-01-10,2002-07-01,5997
SUZLON.NS,415.2206,2026-08-25,415.2206,2008-01-08,2005-10-19,5146
SWANCORP.NS,786.6003,2026-08-25,786.6003,2024-12-13,2012-05-29,3516
SWIGGY.NS,597.45,2026-08-25,597.45,2024-12-20,2024-11-13,444
SWSOLAR.NS,804.1,2026-08-25,804.1,2024-05-17,2019-08-20,1739
SYMPHONY.NS,1971.0968,2026-08-24,1971.0968,2018-01-11,2011-06-15,3749
SYNGENE.NS,943.2957,2026-08-25,943.2957,2024-12-02,2015-08-11,2728
SYRMA.NS,1514.8505,2026-08-25,1782.9,2026-09-30,2022-08-26,990
TANLA.NS,1922.3219,2026-08-25,1922.3219,2022-01-14,2007-01-05,4846
TARC.NS,266.1,2026-08-21,266.1,2024-10-04,2020-12-18,1405
TARIL.NS,618.7821,2026-08-25,618.7821,2025-01-03,2007-12-28,4603
TATACHEM.NS,1263.2151,2026-08-25,1263.2151,2024-03-07,1996-01-01,7696
TATACOMM.NS,2107.8311,2026-08-24,2107.8311,2024-10-01,2002-07-01,5997
TATACONSUM.NS,1260.3354,2026-08-25,1260.3354,2026-05-11,1996-01-01,7693
TATAELXSI.NS,10199.0908,2026-08-25,10199.0908,2022-08-17,2002-07-01,5998
TATAINVEST.NS,1052.5715,2026-08-25,1052.5715,2025-10-01,1996-01-01,7696
TATAPOWER.NS,479.687,2026-08-25,479.687,2024-09-27,1996-01-01,7693
TATASTEEL.NS,216.6618,2026-08-25,216.6618,2026-05-14,1996-01-01,7696
TATATECH.NS,1260.9783,2026-08-25,1260.9783,2023-11-30,2023-11-30,679
TBOTEK.NS,1928.6,2026-08-24,1928.6,2024-09-04,2024-05-15,568
TCS.NS,4230.7095,2026-08-25,4230.7095,2024-08-30,2002-08-12,5969
TDPOWERSYS.NS,793.3,2026-08-25,821.1,2026-10-07,2011-09-08,3692
TEAMLEASE.NS,5280.75,2026-08-24,5280.75,2021-10-11,2016-02-12,2602
TECHM.NS,1723.6083,2026-08-25,1723.6083,2026-01-29,2006-08-28,4935
TECHNOE.NS,1757.0341,2026-08-24,1757.0341,2024-10-14,2007-04-02,4788
TEGA.NS,2193.0701,2026-08-24,2193.0701,2024-11-11,2021-12-13,1164
TEJASNET.NS,1447.0486,2026-08-25,1447.0486,2024-07-03,2017-06-27,2268
TEXRAIL.NS,283.726,2026-08-25,283.726,2024-07-12,2004-09-09,5427
THANGAMAYL.NS,7309.5,2026-08-24,7309.5,2026-07-27,2010-02-19,4079
THELEELA.NS,561.7,2026-08-21,602.45,2026-10-07,2025-06-02,307
THERMAX.NS,5620.7236,2026-08-25,5620.7236,2024-07-08,2002-07-01,6000
THOMASCOOK.NS,259.2203,2026-08-25,259.2203,2024-07-30,2002-07-01,5998
THYROCARE.NS,942.4683,2026-08-24,942.4683,2020-11-14,2016-05-09,2548
TI.NS,581.6827,2026-08-25,601.5,2026-09-23,2010-07-16,3979
TIINDIA.NS,4704.46,2026-08-25,4704.46,2024-10-24,2017-11-02,2180
TIMETECHNO.NS,247.2435,2026-08-25,247.2435,2024-12-11,2007-06-13,4740
TIMKEN.NS,4657.7236,2026-08-24,4657.7236,2024-06-18,2002-08-12,5969
TIPSMUSIC.NS,910.6339,2026-08-24,910.6339,2024-11-06,2002-07-01,5997
TITAGARH.NS,1854.4044,2026-08-25,1854.4044,2024-06-28,2008-04-21,4527
TITAN.NS,5128.0,2026-08-25,5169.2002,2026-08-28,1996-01-01,7696
TMPV.NS,1142.4686,2026-08-25,1142.4686,2024-07-30,1991-01-02,8999
TORNTPHARM.NS,5122.7998,2026-08-25,5122.7998,2026-07-31,2002-07-01,6001
TORNTPOWER.NS,1918.5884,2026-08-25,1918.5884,2024-10-18,2006-11-28,4872
TRANSRAILL.NS,795.7595,2026-08-25,795.7595,2025-08-18,2024-12-27,415
TRENT.NS,8218.0547,2026-08-25,8218.0547,2024-10-11,2002-07-01,5998
TRIDENT.NS,63.6611,2026-08-25,63.6611,2022-01-17,2002-07-01,5998
TRITURBINE.NS,822.1929,2026-08-24,822.1929,2024-11-27,2011-10-28,3658
TRIVENI.NS,499.6628,2026-08-21,499.6628,2024-09-16,2005-12-13,5108
TSFINV.NS,673.7361,2026-08-24,673.7361,2025-10-14,2018-03-27,2080
TTML.NS,290.15,2026-08-25,290.15,2022-01-11,2000-10-26,6438
TVSMOTOR.NS,4466.2002,2026-08-25,4466.2002,2026-08-10,2000-08-02,6499
UBL.NS,2211.6885,2026-08-24,2211.6885,2025-04-23,2008-07-28,4458
UCOBANK.NS,123.9936,2026-08-25,123.9936,2010-11-22,2003-10-09,5666
UJJIVANSFB.NS,72.47,2026-08-25,72.47,2026-08-14,2019-12-12,1663
ULTRACEMCO.NS,12790.917,2026-08-25,12790.917,2026-02-18,2002-08-12,5968
UNIMECH.NS,1522.6,2026-08-25,1873.1,2026-10-06,2024-12-31,412
UNIONBANK.NS,290.6385,2026-08-25,290.6385,2010-10-26,2002-09-24,5939
UNITDSPR.NS,1653.5225,2026-08-25,1653.5225,2025-01-02,2002-07-01,5998
UNOMINDA.NS,1363.1884,2026-08-24,1363.1884,2025-10-07,2007-02-02,4827
UPL.NS,803.0562,2026-08-25,803.0562,2021-06-08,2002-07-01,5999
USHAMART.NS,516.3706,2026-08-25,535.05,2026-09-23,2002-01-01,6130
UTIAMC.NS,1371.6835,2026-08-25,1371.6835,2025-07-22,2020-10-13,1455
V2RETAIL.NS,256.4,2026-08-25,256.4,2026-06-04,2007-07-04,4725
VAIBHAVGBL.NS,898.708,2026-08-24,898.708,2021-05-07,2004-04-06,5537
VARROC.NS,1128.2714,2026-08-25,1128.2714,2018-09-03,2018-07-09,2009
VBL.NS,669.417,2026-08-25,669.417,2024-07-29,2016-11-08,2425
VEDL.NS,787.5,2026-08-25,787.5,2026-04-17,1996-01-01,7696
VENTIVE.NS,825.6,2026-08-21,825.6,2025-07-18,2024-12-30,412
VESUVIUS.NS,617.2001,2026-08-24,617.2001,2025-06-10,2002-07-01,5996
VGUARD.NS,519.6566,2026-08-25,519.6566,2024-08-16,2008-03-13,4549
VIJAYA.NS,1508.5073,2026-08-25,1570.7,2026-09-23,2021-09-14,1226
VINATIORGA.NS,2299.5081,2026-08-25,2299.5081,2022-09-09,2009-07-28,4219
VIPIND.NS,740.0533,2026-08-25,740.0533,2022-03-30,2002-07-01,5997
VIYASH.NS,322.8907,2026-08-25,322.8907,2021-06-29,2016-03-10,2586
VMART.NS,1122.3655,2026-08-24,1122.3655,2021-10-18,2013-02-20,3333
VMM.NS,153.18,2026-08-25,153.18,2025-09-09,2024-12-18,421
VOLTAMP.NS,14167.2158,2026-08-25,14167.2158,2024-08-22,2006-09-20,4918
VOLTAS.NS,1912.4827,2026-08-25,1912.4827,2024-09-19,2002-07-01,6001
VSTIND.NS,444.896,2026-08-24,444.896,2024-09-06,2002-07-01,5998
VTL.NS,660.6475,2026-08-25,660.6475,2026-07-03,2002-07-01,5998
WAAREEENER.NS,3734.7695,2026-08-25,3734.7695,2025-09-11,2024-10-28,456
WAAREERTL.NS,1330.5,2026-08-25,1330.5,2025-10-27,2025-04-09,344
WABAG.NS,2215.7939,2026-08-25,2277.8999,2026-09-11,2010-10-13,3917
WEBELSOLAR.NS,183.0944,2026-08-25,183.0944,2024-12-26,2007-05-15,4761
WELCORP.NS,2409.2,2026-08-25,2842.0,2026-09-29,2000-06-23,6525
WELENT.NS,647.9,2026-08-24,823.35,2026-09-18,2004-11-04,5387
WELSPUNLIV.NS,204.6812,2026-08-25,239.17,2026-10-01,2003-12-04,5626
WESTLIFE.NS,987.2365,2026-08-25,987.2365,2023-09-26,2019-08-19,1739
WHIRLPOOL.NS,2625.77,2026-08-25,2625.77,2021-01-21,2002-08-12,5970
WIPRO.NS,329.5331,2026-08-25,329.5331,2022-01-04,1996-01-01,7696
WOCKPHARMA.NS,2152.8999,2026-08-25,2329.7,2026-09-23,2002-07-01,6000
YATHARTH.NS,923.05,2026-08-25,1162.2,2026-09-23,2023-08-07,756
YESBANK.NS,388.6685,2026-08-25,388.6685,2018-08-20,2005-07-12,5214
ZAGGLE.NS,581.7,2026-08-25,581.7,2024-12-16,2023-09-22,724
ZEEL.NS,558.1127,2026-08-25,558.1127,2018-01-16,2002-07-01,5998
ZENSARTECH.NS,929.2764,2026-08-25,929.2764,2025-02-01,2002-07-01,5998
ZENTEC.NS,2572.0264,2026-08-25,2572.0264,2024-12-23,2015-03-30,2820
ZFCVINDIA.NS,2938.2034,2026-08-25,2938.2034,2024-06-11,2002-08-12,5968
ZYDUSLIFE.NS,1285.0118,2026-08-24,1285.0118,2024-08-09,2000-04-27,6567
ZYDUSWELL.NS,602.5,2026-08-25,602.5,2026-07-20,2009-11-13,4146
