date,strong_momentum,total_uptrends,avg_trend_score,breakout_alerts
2024-03-13,0.0,2.0,16.6,2.1
2024-03-14,0.0,6.4,22.4,6.5
2024-03-15,0.0,5.6,22.3,6.1
2024-03-18,0.0,6.4,22.9,6.8
2024-03-19,0.0,4.5,20.1,4.8
2024-03-20,0.0,4.5,20.1,4.7
2024-03-21,0.0,7.4,24.3,8.2
2024-03-22,0.0,10.3,26.4,10.8
2024-03-26,0.0,11.5,26.6,12.0
2024-03-27,0.0,12.1,27.9,12.4
2024-03-28,0.0,14.2,29.8,14.8
2024-04-01,0.0,17.5,35.5,19.1
2024-04-02,0.0,22.7,38.2,23.9
2024-04-03,0.0,25.1,40.7,26.3
2024-04-04,0.0,25.4,41.6,26.0
2024-04-05,0.0,26.8,42.7,27.0
2024-04-08,0.0,25.4,42.2,25.5
2024-04-09,0.0,24.5,41.4,24.5
2024-04-10,0.0,24.9,42.7,25.2
2024-04-12,0.0,22.3,40.7,22.4
2024-04-15,0.0,14.6,35.8,14.7
2024-04-16,0.0,17.1,37.0,17.4
2024-04-18,0.0,16.8,35.8,17.0
2024-04-19,0.0,17.4,35.9,17.6
2024-04-22,0.0,23.5,39.0,23.6
2024-04-23,0.0,24.7,41.0,24.9
2024-04-24,0.0,25.6,43.0,25.8
2024-04-25,0.0,27.1,44.4,27.5
2024-04-26,0.0,27.4,44.3,27.5
2024-04-29,0.0,27.5,45.1,27.8
2024-04-30,0.0,27.0,44.8,27.5
2024-05-02,0.0,29.4,45.3,29.5
2024-05-03,0.0,26.8,43.8,26.8
2024-05-06,0.0,20.2,40.5,20.2
2024-05-07,0.0,10.1,36.5,10.1
2024-05-08,0.0,16.4,38.0,16.4
2024-05-09,0.0,7.0,32.0,7.0
2024-05-10,0.0,10.7,34.1,10.9
2024-05-13,0.0,11.1,34.1,11.3
2024-05-14,0.0,16.7,37.9,16.7
2024-05-15,0.0,19.4,39.3,19.4
2024-05-16,0.0,22.7,40.7,22.7
2024-05-17,0.0,25.4,42.7,25.5
2024-05-21,0.0,24.9,43.2,24.9
2024-05-22,0.0,25.2,43.4,25.2
2024-05-23,0.0,24.8,43.6,24.9
2024-05-24,0.0,23.0,42.3,23.3
2024-05-27,0.0,20.8,42.1,20.8
2024-05-28,0.0,16.3,39.6,16.3
2024-05-29,0.0,16.6,38.9,16.9
2024-05-30,0.0,11.9,35.3,11.9
2024-05-31,0.0,15.2,35.9,15.2
2024-06-03,0.0,23.3,40.0,23.5
2024-06-04,0.0,3.1,25.2,3.1
2024-06-05,0.0,10.0,32.7,10.3
2024-06-06,0.0,15.2,38.0,15.5
2024-06-07,0.0,23.2,42.9,23.3
2024-06-10,0.0,24.0,45.2,24.0
2024-06-11,0.0,27.0,46.8,27.0
2024-06-12,0.0,29.5,48.2,29.6
2024-06-13,0.0,32.7,49.3,32.7
2024-06-14,0.0,34.5,50.3,34.5
2024-06-18,0.0,35.6,50.8,35.9
2024-06-19,0.0,28.3,48.9,28.3
2024-06-20,0.0,30.8,50.3,30.8
2024-06-21,0.0,27.3,49.2,27.3
2024-06-24,0.0,29.3,49.1,29.5
2024-06-25,0.0,26.5,48.8,26.5
2024-06-26,0.0,27.2,48.4,27.2
2024-06-27,0.0,23.1,46.8,23.1
2024-06-28,0.0,23.1,47.5,23.3
2024-07-01,0.0,30.7,50.1,30.7
2024-07-02,0.0,27.7,49.5,27.8
2024-07-03,0.0,31.3,50.7,31.5
2024-07-04,0.0,34.1,51.4,34.2
2024-07-05,0.0,34.8,51.9,34.9
2024-07-08,0.0,31.7,50.5,31.7
2024-07-09,0.0,31.3,51.1,31.4
2024-07-10,0.0,27.7,49.9,27.7
2024-07-11,0.0,32.0,50.7,32.0
2024-07-12,0.0,27.2,49.7,27.2
2024-07-15,0.0,29.6,50.7,29.6
2024-07-16,0.0,28.2,50.7,28.2
2024-07-18,0.0,22.3,48.7,22.3
2024-07-19,0.0,12.6,42.9,12.6
2024-07-22,0.0,15.8,45.2,15.9
2024-07-23,0.0,17.2,43.9,17.2
2024-07-24,0.0,25.8,47.1,25.8
2024-07-25,0.0,23.3,46.3,23.3
2024-07-26,0.0,29.4,49.0,29.4
2024-07-29,0.0,33.7,50.3,33.7
2024-07-30,0.0,34.7,51.0,34.7
2024-07-31,0.0,34.4,51.1,34.6
2024-08-01,0.0,27.8,48.8,27.8
2024-08-02,0.0,23.9,46.5,23.9
2024-08-05,0.0,9.7,37.0,9.9
2024-08-06,0.0,7.7,35.8,7.7
2024-08-07,0.0,18.0,40.9,18.0
2024-08-08,0.0,17.0,39.7,17.0
2024-08-09,0.0,20.7,41.0,20.7
2024-08-12,0.0,20.8,40.6,20.8
2024-08-13,0.0,13.7,37.5,13.7
2024-08-14,0.0,12.7,36.3,12.9
2024-08-16,0.0,19.5,39.2,19.5
2024-08-19,0.0,23.8,40.8,23.8
2024-08-20,0.0,23.7,41.9,23.8
2024-08-21,0.0,28.2,43.2,28.2
2024-08-22,0.0,30.3,44.3,30.3
2024-08-23,0.0,28.2,43.8,28.2
2024-08-26,0.0,29.2,43.9,29.2
2024-08-27,0.0,30.3,45.0,30.3
2024-08-28,0.0,27.6,44.3,28.3
2024-08-29,0.0,22.3,42.3,22.8
2024-08-30,0.0,28.0,44.2,28.6
2024-09-02,0.0,24.9,43.2,25.7
2024-09-03,0.0,26.4,43.9,27.0
2024-09-04,0.0,27.6,43.8,28.5
2024-09-05,0.0,30.9,44.8,31.6
2024-09-06,0.0,23.3,41.5,24.2
2024-09-09,0.0,22.7,40.8,23.0
2024-09-10,0.0,26.6,43.2,27.6
2024-09-11,0.0,22.2,40.9,23.0
2024-09-12,0.0,25.0,43.1,26.1
2024-09-13,0.0,25.8,44.5,27.0
2024-09-16,0.0,25.5,44.2,26.5
2024-09-17,0.0,25.6,43.8,26.4
2024-09-18,0.0,20.7,42.0,21.5
2024-09-19,0.0,18.1,39.7,18.8
2024-09-20,0.0,23.0,41.6,23.7
2024-09-23,0.0,25.0,42.9,26.4
2024-09-24,0.0,25.5,43.3,26.5
2024-09-25,0.0,24.0,42.5,24.7
2024-09-26,0.0,21.8,42.2,22.5
2024-09-27,0.0,22.4,42.0,23.0
2024-09-30,0.0,21.3,41.6,21.9
2024-10-01,0.0,22.8,42.3,23.3
2024-10-03,0.0,13.2,37.4,13.3
2024-10-04,0.0,9.6,34.8,9.8
2024-10-07,0.0,5.0,29.2,5.0
2024-10-08,0.0,9.9,33.1,10.1
2024-10-09,0.0,12.3,35.3,12.4
2024-10-10,0.0,12.9,35.7,12.9
2024-10-11,0.0,14.7,36.3,14.7
2024-10-14,0.0,15.4,36.8,15.4
2024-10-15,0.0,17.8,38.0,17.9
2024-10-16,0.0,18.2,38.4,18.2
2024-10-17,0.0,11.3,34.8,11.3
2024-10-18,0.0,13.5,35.0,13.6
2024-10-21,0.0,7.4,31.2,7.4
2024-10-22,0.0,3.1,24.8,3.1
2024-10-23,23.2,59.1,55.5,4.4
2024-10-24,20.4,57.3,54.0,4.7
2024-10-25,14.9,52.0,49.4,2.7
2024-10-28,16.8,54.1,51.3,4.3
2024-10-29,18.0,56.0,52.6,5.9
2024-10-30,22.3,58.9,55.4,6.6
2024-10-31,25.8,59.7,56.9,6.8
2024-11-01,29.1,61.7,59.1,7.7
2024-11-04,23.8,57.9,55.2,6.1
2024-11-05,25.3,59.7,56.4,6.9
2024-11-06,32.6,63.1,60.7,11.4
2024-11-07,31.8,61.7,59.5,10.8
2024-11-08,26.0,57.3,55.9,6.4
2024-11-11,25.0,55.4,53.9,4.1
2024-11-12,22.1,51.5,51.1,3.7
2024-11-13,14.0,44.1,44.8,1.2
2024-11-14,17.6,45.6,46.4,3.7
2024-11-18,16.2,43.5,45.0,3.8
2024-11-19,18.0,45.7,46.4,4.6
2024-11-21,17.3,42.3,44.6,5.9
2024-11-22,20.5,45.9,47.2,6.8
2024-11-25,25.1,50.3,50.9,8.7
2024-11-26,26.5,51.6,51.9,9.1
2024-11-27,28.3,53.5,54.0,10.0
2024-11-28,29.2,53.8,54.9,8.5
2024-11-29,31.7,56.0,56.5,10.8
2024-12-02,34.5,57.7,58.3,11.9
2024-12-03,38.3,60.5,61.5,12.2
2024-12-04,39.2,61.1,62.8,13.1
2024-12-05,41.4,62.2,63.9,13.3
2024-12-06,43.3,62.2,64.7,14.0
2024-12-09,44.3,63.9,65.8,16.9
2024-12-10,44.5,64.8,66.5,17.7
2024-12-11,46.5,65.4,67.6,18.4
2024-12-12,43.6,63.8,65.4,14.4
2024-12-13,42.5,62.2,64.0,15.0
2024-12-16,43.5,63.1,65.0,16.5
2024-12-17,41.3,60.1,62.5,16.0
2024-12-18,39.3,58.4,60.4,11.6
2024-12-19,38.1,57.4,59.0,11.5
2024-12-20,28.8,50.7,52.5,5.6
2024-12-23,29.4,50.6,52.0,6.2
2024-12-24,28.7,50.4,51.8,7.6
2024-12-26,29.0,49.1,51.2,7.1
2024-12-27,30.0,49.1,51.5,7.4
2024-12-30,30.0,47.9,50.2,8.1
2024-12-31,31.7,48.9,51.7,8.4
2025-01-01,35.2,51.1,54.3,10.1
2025-01-02,36.2,53.4,56.4,12.6
2025-01-03,36.1,54.0,56.6,12.2
2025-01-06,26.4,45.7,48.0,5.4
2025-01-07,31.4,48.7,51.3,9.4
2025-01-08,26.2,46.9,48.5,5.9
2025-01-09,22.4,44.2,46.1,4.5
2025-01-10,17.7,38.9,41.0,2.2
2025-01-13,10.2,30.7,33.5,0.6
2025-01-14,12.4,34.4,36.2,1.0
2025-01-15,11.3,33.9,36.0,1.5
2025-01-16,13.0,36.0,38.1,1.5
2025-01-17,13.2,34.2,38.1,1.5
2025-01-20,15.3,35.6,40.0,2.4
2025-01-21,11.1,32.8,36.2,1.1
2025-01-22,9.7,29.1,33.6,1.0
2025-01-23,11.4,31.0,35.5,1.8
2025-01-24,8.3,26.9,31.6,2.0
2025-01-27,5.2,19.9,26.1,0.7
2025-01-28,4.3,17.5,24.6,0.7
2025-01-29,6.4,22.5,28.4,1.7
2025-01-30,6.9,22.2,28.8,2.0
2025-01-31,7.5,25.7,32.0,2.2
2025-02-01,8.4,25.8,32.2,3.1
2025-02-03,8.1,25.4,30.4,2.5
2025-02-04,9.9,27.2,32.0,3.2
2025-02-05,11.4,29.0,33.9,3.5
2025-02-06,12.2,29.5,34.5,3.3
2025-02-07,12.2,29.1,34.0,3.9
2025-02-10,8.6,24.3,29.6,2.8
2025-02-11,5.7,17.9,24.5,0.7
2025-02-12,6.1,18.9,24.7,1.4
2025-02-13,5.3,17.8,24.4,2.1
2025-02-14,3.6,13.8,20.2,1.3
2025-02-17,4.0,13.2,20.1,1.3
2025-02-18,3.6,12.4,19.2,1.5
2025-02-19,4.9,14.6,21.2,1.8
2025-02-20,5.7,16.1,22.6,1.8
2025-02-21,5.0,16.9,22.3,1.1
2025-02-24,4.0,13.1,19.6,1.0
2025-02-25,4.7,13.2,19.7,1.1
2025-02-27,3.9,12.0,18.0,1.4
2025-02-28,3.2,8.8,15.7,0.8
2025-03-03,2.9,9.5,15.4,0.8
2025-03-04,4.0,10.1,16.2,0.7
2025-03-05,5.5,11.9,18.6,1.4
2025-03-06,7.2,14.2,21.3,1.5
2025-03-07,7.4,14.7,22.2,1.9
2025-03-10,6.2,12.2,19.5,1.5
2025-03-11,6.5,12.4,19.4,2.1
2025-03-12,6.7,11.7,19.0,2.1
2025-03-13,5.9,11.4,18.0,1.7
2025-03-17,7.2,11.3,18.8,2.2
2025-03-18,7.3,11.3,18.9,2.2
2025-03-19,10.6,16.4,26.1,3.3
2025-03-20,11.6,18.0,28.0,3.6
2025-03-21,12.5,20.5,31.7,4.1
2025-03-24,14.6,22.7,35.0,4.0
2025-03-25,13.7,21.2,32.0,3.8
2025-03-26,12.5,18.7,29.5,2.9
2025-03-27,13.9,21.2,32.0,3.8
2025-03-28,14.3,20.9,31.5,3.4
2025-04-01,12.9,19.6,30.8,2.7
2025-04-02,13.7,21.2,33.2,3.3
2025-04-03,15.0,23.1,35.3,3.6
2025-04-04,11.8,18.8,28.3,1.9
2025-04-07,6.4,12.8,19.8,0.7
2025-04-08,10.3,15.9,25.0,1.6
2025-04-09,8.6,15.2,23.2,1.2
2025-04-11,11.6,18.9,29.1,2.7
2025-04-15,14.0,24.0,35.8,4.1
2025-04-16,15.5,25.8,38.3,4.1
2025-04-17,16.3,28.4,40.3,4.8
2025-04-21,17.5,30.5,43.6,6.0
2025-04-22,18.6,31.9,45.2,6.3
2025-04-23,18.7,32.8,46.4,5.6
2025-04-24,18.9,32.4,46.3,5.9
2025-04-25,15.6,28.6,41.4,4.2
2025-04-28,16.8,29.0,42.0,4.9
2025-04-29,16.8,29.0,42.2,4.4
2025-04-30,15.5,26.3,38.8,3.6
2025-05-02,14.8,25.0,37.7,3.4
2025-05-05,16.1,27.6,41.0,5.2
2025-05-06,13.9,23.8,35.4,3.6
2025-05-07,15.4,26.4,38.4,4.6
2025-05-08,12.4,24.7,35.0,3.4
2025-05-09,12.3,22.5,33.3,3.3
2025-05-12,17.2,31.4,45.1,5.9
2025-05-13,18.1,32.9,46.7,6.1
2025-05-14,20.9,35.6,49.4,7.0
2025-05-15,22.5,37.8,51.2,8.5
2025-05-16,22.9,40.0,53.1,8.0
2025-05-19,23.9,42.4,54.4,8.7
2025-05-20,22.4,40.0,52.0,6.8
2025-05-21,23.9,41.5,53.6,7.6
2025-05-22,22.6,41.2,52.9,7.1
2025-05-23,25.0,42.8,53.9,7.9
2025-05-26,25.8,43.8,54.7,7.2
2025-05-27,24.7,43.9,54.5,7.6
2025-05-28,24.8,43.9,53.9,7.5
2025-05-29,26.9,46.1,54.8,7.5
2025-05-30,26.6,44.7,53.9,8.6
2025-06-02,27.1,45.4,54.4,9.1
2025-06-03,27.7,45.0,54.0,8.9
2025-06-04,28.0,45.2,54.5,9.0
2025-06-05,28.9,47.7,55.8,10.4
2025-06-06,31.0,48.0,57.0,9.8
2025-06-09,33.6,53.1,60.5,11.3
2025-06-10,32.2,54.0,60.8,12.4
2025-06-11,32.2,55.8,61.2,12.0
2025-06-12,29.6,51.2,57.9,8.9
2025-06-13,28.8,49.1,56.0,9.0
2025-06-16,31.2,52.0,57.4,9.1
2025-06-17,28.5,49.8,55.4,6.7
2025-06-18,28.8,47.6,54.0,6.3
2025-06-19,25.8,41.2,48.6,4.6
2025-06-20,27.6,43.4,50.6,5.3
2025-06-23,27.9,44.7,51.2,6.0
2025-06-24,31.1,48.0,53.9,8.3
2025-06-25,34.2,51.4,57.7,10.5
2025-06-26,34.3,53.0,58.3,11.4
2025-06-27,36.0,54.4,59.8,13.4
2025-06-30,37.6,55.6,60.8,14.9
2025-07-01,37.1,54.2,60.1,14.0
2025-07-02,36.6,53.3,59.6,11.9
2025-07-03,36.9,54.5,60.4,12.7
2025-07-04,38.4,55.7,61.3,12.3
2025-07-07,38.6,54.5,60.5,11.4
2025-07-08,38.4,54.9,60.4,10.8
2025-07-09,39.2,56.5,61.3,11.7
2025-07-10,39.1,56.7,61.2,11.9
2025-07-11,36.9,54.1,58.5,10.4
2025-07-14,37.3,53.5,58.3,12.0
2025-07-15,40.3,57.6,62.0,13.3
2025-07-16,41.0,59.2,63.4,13.5
2025-07-17,42.4,60.9,64.1,14.1
2025-07-18,39.1,58.2,61.5,12.6
2025-07-21,39.3,58.7,61.2,13.3
2025-07-22,37.2,57.9,59.9,13.0
2025-07-23,37.1,57.9,59.8,13.3
2025-07-24,36.0,58.0,59.1,12.4
2025-07-25,28.0,52.9,52.9,7.9
2025-07-28,24.5,48.8,49.5,7.6
2025-07-29,27.4,52.0,52.2,9.4
2025-07-30,29.2,52.0,53.1,10.6
2025-07-31,25.7,48.5,50.1,8.7
2025-08-01,22.6,45.2,46.6,7.3
2025-08-04,23.8,47.0,48.1,8.4
2025-08-05,23.9,47.6,47.8,9.4
2025-08-06,21.4,45.7,46.0,7.6
2025-08-07,21.7,46.4,46.1,7.1
2025-08-08,17.8,42.3,43.2,5.8
2025-08-11,20.7,43.6,44.5,8.0
2025-08-12,20.4,43.8,44.6,6.9
2025-08-13,21.6,45.4,45.9,8.5
2025-08-14,20.9,44.7,45.1,8.4
2025-08-18,24.7,48.5,48.5,10.7
2025-08-19,27.4,50.3,50.8,11.8
2025-08-20,27.7,51.4,51.3,11.1
2025-08-21,28.2,50.7,51.3,11.1
2025-08-22,26.4,49.1,49.7,9.9
2025-08-25,27.0,50.1,50.3,9.7
2025-08-26,21.9,46.6,46.2,7.3
2025-08-28,19.5,44.1,43.9,6.1
2025-08-29,19.0,42.8,43.4,6.2
2025-09-01,22.0,47.0,46.9,8.5
2025-09-02,24.1,50.5,49.2,7.4
2025-09-03,26.9,52.8,51.4,9.8
2025-09-04,24.6,51.0,50.0,8.5
2025-09-05,25.3,50.7,50.1,9.8
2025-09-08,26.1,51.4,50.9,9.2
2025-09-09,27.1,51.1,51.3,9.8
2025-09-10,30.0,53.2,53.7,10.2
2025-09-11,29.9,55.2,54.3,9.6
2025-09-12,31.6,55.6,55.2,9.0
2025-09-15,33.0,58.4,57.2,10.1
2025-09-16,37.6,61.0,60.0,10.6
2025-09-17,39.3,62.4,61.7,10.6
2025-09-18,38.9,62.0,61.8,11.0
2025-09-19,40.0,63.8,62.5,12.8
2025-09-22,37.3,60.7,59.8,10.9
2025-09-23,35.3,59.8,58.5,10.5
2025-09-24,33.1,56.9,56.1,10.4
2025-09-25,30.4,53.7,53.5,8.6
2025-09-26,22.2,47.5,47.3,4.8
2025-09-29,22.1,47.4,47.1,5.5
2025-09-30,22.9,47.5,47.4,5.1
2025-10-01,27.3,52.4,51.2,7.4
2025-10-03,29.9,55.3,53.9,9.6
2025-10-06,31.5,55.2,54.2,10.4
2025-10-07,32.6,56.7,55.1,10.2
2025-10-08,30.1,54.1,53.2,8.7
2025-10-09,32.6,54.2,54.3,10.2
2025-10-10,33.1,56.5,55.9,10.5
2025-10-13,32.6,55.0,54.6,10.4
2025-10-14,29.1,52.1,51.9,8.5
2025-10-15,32.4,54.8,54.4,11.4
2025-10-16,33.8,57.2,56.2,12.8
2025-10-17,33.2,55.5,54.8,11.0
2025-10-20,34.2,56.1,55.7,12.8
2025-10-21,35.4,58.1,57.3,13.6
2025-10-23,34.3,58.4,57.8,11.6
2025-10-24,34.1,57.1,57.0,10.0
2025-10-27,35.5,57.6,58.3,12.4
2025-10-28,35.3,57.0,57.8,13.0
2025-10-29,37.2,60.2,60.5,13.0
2025-10-30,36.7,59.4,60.1,12.0
2025-10-31,33.6,57.0,57.9,12.0
2025-11-03,37.0,58.9,60.3,13.7
2025-11-04,33.9,55.8,57.4,13.2
2025-11-06,28.6,50.7,52.4,9.4
2025-11-07,28.5,50.4,52.2,11.0
2025-11-10,28.6,50.4,52.2,11.8
2025-11-11,29.7,50.3,52.5,11.8
2025-11-12,31.7,53.4,54.7,13.3
2025-11-13,31.6,53.2,54.3,12.9
2025-11-14,31.0,52.7,54.1,13.3
2025-11-17,32.5,55.3,55.7,15.6
2025-11-18,31.5,52.9,53.8,14.0
2025-11-19,31.0,52.1,53.5,13.3
2025-11-20,30.3,52.3,53.0,11.8
2025-11-21,24.9,48.0,48.9,9.2
2025-11-24,24.0,45.2,47.4,7.9
2025-11-25,24.6,45.6,47.6,9.2
2025-11-26,27.7,48.5,50.4,12.7
2025-11-27,27.9,48.0,49.9,10.9
2025-11-28,27.7,47.8,49.5,11.1
2025-12-01,26.4,47.7,49.3,11.6
2025-12-02,25.5,46.9,48.6,10.5
2025-12-03,23.5,45.9,47.0,8.9
2025-12-04,23.6,45.2,46.8,9.4
2025-12-05,24.7,44.3,46.4,10.4
2025-12-08,18.7,38.4,40.8,6.8
2025-12-09,20.9,40.4,43.1,7.8
2025-12-10,19.5,39.8,41.8,6.3
2025-12-11,21.2,40.3,42.8,7.7
2025-12-12,23.1,42.3,44.5,10.0
2025-12-15,23.2,42.9,44.9,10.5
2025-12-16,27.2,29.2,43.0,4.6
2025-12-17,26.6,33.2,45.0,4.4
2025-12-18,25.6,29.0,46.0,4.8
2025-12-19,29.4,31.0,43.0,5.0
2025-12-20,30.6,30.4,47.0,5.0
2025-12-21,23.2,34.4,44.0,4.6
2025-12-22,32.6,38.2,56.0,6.0
2025-12-23,36.8,39.2,56.0,6.0
2025-12-24,36.2,45.8,56.0,6.4
2025-12-25,43.6,50.6,64.0,8.0
2025-12-26,36.0,38.8,55.0,8.0
2025-12-27,32.6,37.2,54.0,8.2
2025-12-28,34.6,39.8,60.0,6.8
2025-12-29,34.0,41.2,50.0,5.8
2025-12-30,29.2,43.6,51.0,5.2
2025-12-31,31.6,33.2,52.0,5.8
2026-01-01,32.6,39.8,58.0,6.4
2026-01-02,41.8,44.0,63.0,9.6
2026-01-03,35.2,43.4,59.0,9.2
2026-01-04,36.6,40.0,54.0,7.4
2026-01-05,33.2,39.8,57.0,8.6
2026-01-06,40.4,43.6,64.0,8.2
2026-01-07,40.8,50.4,63.0,7.2
2026-01-08,25.2,35.4,41.0,6.2
2026-01-09,28.0,37.0,42.0,4.8
2026-01-10,24.0,25.6,35.0,5.0
2026-01-11,30.2,31.8,44.0,4.4
2026-01-12,18.0,22.8,33.0,4.0
2026-01-13,21.4,30.8,36.0,5.8
2026-01-14,22.4,28.8,39.0,4.4
2026-01-15,19.2,26.2,30.0,2.8
2026-01-16,27.2,35.0,45.0,6.6
2026-01-17,29.4,29.2,44.0,4.8
2026-01-18,26.2,29.8,37.0,5.6
2026-01-19,26.0,35.4,47.0,7.2
2026-01-20,18.6,30.0,33.0,3.0
2026-01-21,25.0,22.4,37.0,4.8
2026-01-22,17.6,22.0,30.0,4.8
2026-01-23,16.6,26.6,32.0,4.4
2026-01-24,19.8,26.6,35.0,5.6
2026-01-25,21.2,25.8,32.0,3.4
2026-01-26,22.2,26.6,39.0,5.6
2026-01-27,17.8,23.0,31.0,3.8
2026-01-28,20.4,19.8,32.0,5.4
2026-01-29,21.0,33.0,36.0,5.2
2026-01-30,20.4,24.0,35.0,5.0
2026-01-31,21.6,22.4,36.0,3.2
2026-02-01,18.6,24.4,31.0,4.8
2026-02-02,21.6,25.6,30.0,2.4
2026-02-03,14.8,26.0,30.0,3.0
2026-02-04,23.0,26.2,33.0,3.6
2026-02-05,31.8,41.8,48.0,7.0
2026-02-06,26.6,27.2,42.0,6.8
2026-02-07,20.0,26.8,30.0,3.6
2026-02-08,24.8,34.8,43.0,6.6
2026-02-09,32.0,40.8,50.0,6.0
2026-02-10,35.2,37.6,52.0,7.4
2026-02-11,34.2,37.2,52.0,5.2
2026-02-12,26.8,26.6,42.0,7.0
2026-02-13,22.4,34.4,38.0,4.8
2026-02-14,19.6,25.4,34.0,2.8
2026-02-15,21.6,24.8,39.0,5.4
2026-02-16,30.2,33.6,45.0,6.2
2026-02-17,27.2,38.8,48.0,5.4
2026-02-18,24.6,38.8,46.0,6.4
2026-02-19,22.2,31.0,36.0,5.0
2026-02-20,15.6,25.6,30.0,3.4
2026-02-21,26.6,23.0,38.0,5.6
2026-02-22,15.4,17.6,31.0,4.2
2026-02-23,29.2,38.4,46.8,14.2
2026-02-24,18.3,24.2,39.2,9.0
2026-02-25,27.1,35.0,41.4,15.7
2026-02-26,27.3,34.8,41.5,16.3
2026-02-27,23.0,31.2,38.0,11.4
2026-03-01,23.2,31.2,38.2,11.3
2026-03-02,23.2,31.2,38.2,11.3
2026-03-03,19.6,27.2,33.8,8.0
2026-03-04,14.7,25.0,30.0,3.4
2026-03-05,17.2,27.1,31.9,7.5
2026-03-06,15.2,25.8,30.9,7.7
2026-03-09,10.8,22.9,27.3,3.9
2026-03-10,15.4,25.5,30.5,6.7
2026-03-11,12.4,25.5,29.5,4.7
2026-03-12,13.1,24.5,29.3,5.7
2026-03-13,9.0,20.1,24.5,2.5
2026-03-16,8.0,19.4,23.8,2.5
2026-03-17,9.6,21.2,25.3,2.9
2026-03-18,11.3,23.4,27.9,3.9
2026-03-19,8.3,18.6,23.4,1.8
2026-03-20,10.5,19.8,25.1,3.1
2026-03-23,6.2,13.9,19.1,1.1
2026-03-24,8.7,17.5,22.5,2.3
2026-03-25,10.9,21.9,26.0,2.8
2026-03-27,9.0,18.3,22.6,2.1
2026-03-30,7.4,15.0,19.8,1.3
2026-04-01,7.9,16.0,22.5,1.9
2026-04-02,7.7,15.2,22.3,1.9
2026-04-06,8.9,16.5,24.2,2.9
2026-04-07,9.6,17.3,24.8,2.8
2026-04-08,13.6,22.9,33.3,4.7
2026-04-09,14.3,23.9,33.4,5.2
2026-04-10,16.8,25.9,38.0,8.5
2026-04-13,15.6,25.9,36.7,8.3
2026-04-15,19.2,28.5,43.1,9.3
2026-04-16,19.6,30.3,45.5,10.1
2026-04-17,21.3,32.0,47.9,12.0
2026-04-20,26.1,37.3,49.6,11.9
2026-04-21,26.5,39.7,52.3,11.9
