Ticker,Company_Name,Sub_Industry
20MICRONS.NS,20 MICRONS LTD,Other Industrial Metals & Mining
21STCENMGM.NS,21ST CENTURY MGMT SERVICE,Capital Markets
360ONE.NS,360 ONE WAM LIMITED,Asset Management
3IINFOLTD.NS,3I INFOTECH LIMITED,Information Technology Services
3MINDIA.NS,3M INDIA LIMITED,Conglomerates
5PAISA.NS,5PAISA CAPITAL LIMITED,Capital Markets
63MOONS.NS,63 MOONS TECHNOLOGIES LTD,Software - Application
A2ZINFRA.NS,A2Z INFRA ENGINEERING LTD,Engineering & Construction
AAATECH.NS,AAA TECHNOLOGIES LIMITED,Information Technology Services
AADHARHFC.NS,AADHAR HOUSING FINANCE L,Mortgage Finance
AAKASH.NS,AAKASH EXPLORATION SER L,Oil & Gas Equipment & Services
AARON.NS,AARON INDUSTRIES LIMITED,Specialty Industrial Machinery
AARTECH.NS,AARTECH SOLONICS LIMITED,Electrical Equipment & Parts
AARTIDRUGS.NS,AARTI DRUGS LTD.,Drug Manufacturers - Specialty & Generic
AARTIIND.NS,AARTI INDUSTRIES LTD,Specialty Chemicals
AARTIPHARM.NS,AARTI PHARMALABS LIMITED,Drug Manufacturers - Specialty & Generic
AARTISURF.NS,AARTI SURFACTANTS LIMITED,Specialty Chemicals
AARVI.NS,AARVI ENCON LIMITED,Staffing & Employment Services
AAVAS.NS,AAVAS FINANCIERS LIMITED,Mortgage Finance
ABB.NS,ABB INDIA LIMITED,Specialty Industrial Machinery
ABBOTINDIA.NS,ABBOTT INDIA LIMITED,Drug Manufacturers - Specialty & Generic
ABCAPITAL.NS,ADITYA BIRLA CAPITAL LTD.,Financial Conglomerates
ABCOTS.NS,A B COTSPIN INDIA LIMITED,Textile Manufacturing
ABDL.NS,ALLIED BLEND N DISTILS L,Beverages - Wineries & Distilleries
ABFRL.NS,ADITYA BIRLA FASHION & RT,Apparel Manufacturing
ABINFRA.NS,A B INFRABUILD LIMITED,Engineering & Construction
ABLBL.NS,ADITYA BIRLA LIFES BRAN L,Apparel Retail
ABMINTLLTD.NS,ABM INTERNATIONAL LTD,Specialty Chemicals
ABREL.NS,ADITYA BIRLA REAL EST LTD,Real Estate Services
ABSLAMC.NS,ADIT BIRL SUN LIF AMC LTD,Asset Management
ACC.NS,ACC LIMITED,Building Materials
ACCELYA.NS,ACCELYA SOLN INDIA LTD,Information Technology Services
ACCURACY.NS,ACCURACY SHIPPING LIMITED,Integrated Freight & Logistics
ACE.NS,ACTION CONST EQUIP LTD,Farm & Heavy Construction Machinery
ACEINTEG.NS,ACE INTEGRATED SOLU. LTD.,Staffing & Employment Services
ACI.NS,ARCHEAN CHEMICAL IND LTD,Chemicals
ACL.NS,ANDHRA CEMENTS LIMITED,Building Materials
ACMESOLAR.NS,ACME SOLAR HOLDINGS LTD,Utilities - Renewable
ACUTAAS.NS,ACUTAAS CHEMICALS LIMITED,Specialty Chemicals
ADANIENSOL.NS,ADANI ENERGY SOLUTION LTD,Utilities - Independent Power Producers
ADANIENT.NS,ADANI ENTERPRISES LIMITED,Thermal Coal
ADANIGREEN.NS,ADANI GREEN ENERGY LTD,Utilities - Renewable
ADANIPORTS.NS,ADANI PORT & SEZ LTD,Marine Shipping
ADANIPOWER.NS,ADANI POWER LTD,Utilities - Independent Power Producers
ADFFOODS.NS,ADF FOODS LIMITED,Packaged Foods
ADL.NS,ARCHIDPLY DECOR LIMITED,"Furnishings, Fixtures & Appliances"
ADOR.NS,ADOR WELDING LTD,Specialty Industrial Machinery
ADROITINFO.NS,ADROIT INFOTECH LIMITED,Information Technology Services
ADSL.NS,ALLIED DIGITAL SERV. LTD,Information Technology Services
ADVAIT.NS,ADVAIT ENRGY TRANSITION L,Specialty Industrial Machinery
ADVANCE.NS,ADVANCE AGROLIFE LIMITED,Agricultural Inputs
ADVANIHOTR.NS,ADVANI HOT.& RES.(I) LTD,Lodging
ADVENTHTL.NS,ADVENT HOTELS INTERNATI L,Lodging
ADVENZYMES.NS,ADVANCED ENZYME TECH LTD,Specialty Chemicals
AEGISLOG.NS,AEGIS LOGISTICS LIMITED,Oil & Gas Refining & Marketing
AEGISVOPAK.NS,AEGIS VOPAK TERMINALS LTD,Oil & Gas Equipment & Services
AEPL.NS,ARTEMIS ELECTRICALS & P L,Electrical Equipment & Parts
AEQUS.NS,AEQUS LIMITED,Aerospace & Defense
AEROENTER.NS,AEROFLEX ENTERPRISES LTD,Steel
AEROFLEX.NS,AEROFLEX INDUSTRIES LTD,Metal Fabrication
AERONEU.NS,AEROFLEX NEU LIMITED,Packaging & Containers
AETHER.NS,AETHER INDUSTRIES LIMITED,Specialty Chemicals
AFCONS.NS,AFCONS INFRASTRUCTURE LTD,Engineering & Construction
AFFLE.NS,AFFLE 3I LIMITED,Advertising Agencies
AFSL.NS,ABANS FINANCIAL SRVCS LTD,Capital Markets
AGARIND.NS,AGARWAL INDS CORP LTD.,Specialty Chemicals
AGARWALEYE.NS,DR AGARWALS HEALTH CARE L,Medical Instruments & Supplies
AGI.NS,AGI GREENPAC LIMITED,Packaging & Containers
AGIIL.NS,AGI INFRA LIMITED,Real Estate - Development
AGROPHOS.NS,AGRO PHOS INDIA LIMITED,Agricultural Inputs
AHCL.NS,ANLON HEALTHCARE LIMITED,Drug Manufacturers - Specialty & Generic
AHLADA.NS,AHLADA ENGINEERS LIMITED,Building Products & Equipment
AHLEAST.NS,ASIAN HOTELS (EAST) LTD,Lodging
AHLUCONT.NS,AHLUWALIA CONT IND LTD,Engineering & Construction
AIAENG.NS,AIA ENGINEERING LIMITED,Specialty Industrial Machinery
AIIL.NS,AUTHUM INVEST & INFRA LTD,Capital Markets
AIRAN.NS,AIRAN LIMITED,Information Technology Services
AIROLAM.NS,AIRO LAM LIMITED,"Furnishings, Fixtures & Appliances"
AJANTPHARM.NS,AJANTA PHARMA LIMITED,Drug Manufacturers - Specialty & Generic
AJAXENGG.NS,AJAX ENGINEERING LIMITED,Farm & Heavy Construction Machinery
AJMERA.NS,AJMERA REALTY & INF I LTD,Real Estate - Development
AJOONI.NS,AJOONI BIOTECH LIMITED,Packaged Foods
AKASH.NS,AKASH INFRA-PROJECTS LTD,Engineering & Construction
AKG.NS,AKG EXIM LIMITED,Industrial Distribution
AKI.NS,AKI INDIA LIMITED,Footwear & Accessories
AKSHAR.NS,AKSHAR SPINTEX LIMITED,Textile Manufacturing
AKSHARCHEM.NS,AKSHARCHEM INDIA LIMITED,Specialty Chemicals
AKUMS.NS,AKUMS DRUGS AND PHARMA L,Drug Manufacturers - Specialty & Generic
ALANKIT.NS,ALANKIT LIMITED,Information Technology Services
ALBERTDAVD.NS,ALBERT DAVID LIMITED,Drug Manufacturers - Specialty & Generic
ALEMBICLTD.NS,ALEMBIC LIMITED,Real Estate - Development
ALGOQUANT.NS,ALGOQUANT FINTECH LIMITED,Capital Markets
ALICON.NS,ALICON CASTALLOY LIMITED,Metal Fabrication
ALIVUS.NS,ALIVUS LIFE SCIENCES LTD,Drug Manufacturers - Specialty & Generic
ALKEM.NS,ALKEM LABORATORIES LTD.,Drug Manufacturers - Specialty & Generic
ALKYLAMINE.NS,ALKYL AMINES CHEM. LTD,Specialty Chemicals
ALLCARGO.NS,ALLCARGO LOGISTICS LTD,Integrated Freight & Logistics
ALLDIGI.NS,ALLDIGI TECH LIMITED,Specialty Business Services
ALLTIME.NS,ALL TIME PLASTICS LIMITED,Household & Personal Products
ALMONDZ.NS,ALMONDZ GLOBAL SEC LTD,Capital Markets
ALOKINDS.NS,ALOK INDUSTRIES LIMITED,Textile Manufacturing
ALPA.NS,ALPA LABORATORIES LTD,Drug Manufacturers - Specialty & Generic
ALPHAGEO.NS,ALPHAGEO (INDIA) LIMITED,Oil & Gas Equipment & Services
AMAGI.NS,AMAGI MEDIA LABS LIMITED,Software - Application
AMBER.NS,AMBER ENTERPRISES (I) LTD,"Furnishings, Fixtures & Appliances"
AMBICAAGAR.NS,AMBICA AGAR & AROMAINDLTD,Household & Personal Products
AMBIKCO.NS,AMBIKA COTTON MILL LTD.,Textile Manufacturing
AMBUJACEM.NS,AMBUJA CEMENTS LTD,Building Materials
AMDIND.NS,AMD INDUSTRIES LIMITED,Packaging & Containers
AMJLAND.NS,AMJ LAND HOLDINGS LIMITED,Real Estate - Development
AMNPLST.NS,AMINES & PLASTICIZERS LTD,Chemicals
AMRUTANJAN.NS,AMRUTAJAN HEALTH LTD,Drug Manufacturers - Specialty & Generic
ANANDRATHI.NS,ANAND RATHI WEALTH LTD,Asset Management
ANANTRAJ.NS,ANANT RAJ LIMITED,Real Estate - Development
ANDHRAPAP.NS,ANDHRA PAPER LIMITED,Paper & Paper Products
ANDHRSUGAR.NS,ANDHRA SUGARS LTD,Chemicals
ANGELONE.NS,ANGEL ONE LIMITED,Capital Markets
ANMOL.NS,ANMOL INDIA LIMITED,Thermal Coal
ANTELOPUS.NS,ANTELOPUS SELAN ENRGY LTD,Oil & Gas E&P
ANTGRAPHIC.NS,ANTARCTICA LTD,Packaging & Containers
ANTHEM.NS,ANTHEM BIOSCIENCES LTD,Biotechnology
ANUHPHR.NS,ANUH PHARMA LIMITED,Drug Manufacturers - Specialty & Generic
ANUP.NS,THE ANUP ENGINEERING LTD,Specialty Industrial Machinery
ANURAS.NS,ANUPAM RASAYAN INDIA LTD,Specialty Chemicals
APARINDS.NS,APAR INDUSTRIES LTD.,Electrical Equipment & Parts
APCL.NS,ANJANI PORTLAND CEM LTD,Building Materials
APCOTEXIND.NS,APCOTEX INDUSTRIES LIMITE,Specialty Chemicals
APEX.NS,APEX FROZEN FOODS LIMITED,Farm Products
APLAPOLLO.NS,APL APOLLO TUBES LTD,Steel
APLLTD.NS,ALEMBIC PHARMA LTD,Drug Manufacturers - Specialty & Generic
APOLLO.NS,APOLLO MICRO SYSTEMS LTD,Aerospace & Defense
APOLLOHOSP.NS,APOLLO HOSPITALS ENTER. L,Medical Care Facilities
APOLLOPIPE.NS,APOLLO PIPES LIMITED,Building Products & Equipment
APOLLOTYRE.NS,APOLLO TYRES LTD,Auto Parts
APOLSINHOT.NS,APOLLO SINDOORI HOTEL LTD,Specialty Business Services
APTUS.NS,APTUS VALUE HSG FIN I LTD,Mortgage Finance
AQYLON.NS,AQYLON NEXUS LIMITED,Broadcasting
ARCHIDPLY.NS,ARCHIDPLY IND. LTD,Lumber & Wood Production
ARCHIES.NS,ARCHIES LTD,Specialty Retail
ARE&M.NS,AMARA RAJA ENERGY MOB LTD,Electrical Equipment & Parts
ARENTERP.NS,RAJDARSHAN INDUSTRIES LTD,Other Industrial Metals & Mining
ARFIN.NS,ARFIN INDIA LIMITED,Aluminum
ARIES.NS,ARIES AGRO LTD.,Agricultural Inputs
ARIHANT.NS,ARIHANT FOUN & HOU LTD,Real Estate - Development
ARIHANTCAP.NS,ARIHANT CAPITAL MKTS LTD,Capital Markets
ARIHANTSUP.NS,ARIHANT SUPERSTRUCT LTD,Real Estate - Development
ARIS.NS,ARISINFRA SOLUTIONS LTD,Engineering & Construction
ARKADE.NS,ARKADE DEVELOPERS LIMITED,Real Estate - Development
ARMANFIN.NS,ARMAN FIN SERV LTD,Credit Services
AROGRANITE.NS,ARO GRANITE IND. LTD.,Building Products & Equipment
ARSSBL.NS,ANAND RATHI SH N STK BR L,Financial Conglomerates
ARTNIRMAN.NS,ART NIRMAN LIMITED,Real Estate - Development
ARVEE.NS,ARVEE LABORATORIES I LTD,Specialty Chemicals
ARVIND.NS,ARVIND LIMITED,Textile Manufacturing
ARVINDFASN.NS,ARVIND FASHIONS LIMITED,Apparel Retail
ARVSMART.NS,ARVIND SMARTSPACES LTD,Real Estate - Development
ASAHIINDIA.NS,ASAHI INDIA GLASS LIMITED,Auto Parts
ASAHISONG.NS,ASAHI SONGWON COLOR LTD,Specialty Chemicals
ASAL.NS,AUTOMOTIVE STAMPINGS & AS,Auto Parts
ASALCBR.NS,ASSO ALCOHOLS & BREW LTD,Beverages - Wineries & Distilleries
ASHAPURMIN.NS,ASHAPURA MINECHEM LTD,Other Industrial Metals & Mining
ASHIANA.NS,ASHIANA HOUSING LTD,Real Estate - Development
ASHIMASYN.NS,ASHIMA LTD,Real Estate - Development
ASHOKA.NS,ASHOKA BUILDCON LTD,Engineering & Construction
ASHOKAMET.NS,ASHOKA METCAST LIMITED,Steel
ASHOKLEY.NS,ASHOK LEYLAND LTD,Farm & Heavy Construction Machinery
ASIANENE.NS,ASIAN ENERGY SERVICES LTD,Oil & Gas Equipment & Services
ASIANHOTNR.NS,ASIAN HOTELS (NORTH) LTD,Lodging
ASIANPAINT.NS,ASIAN PAINTS LIMITED,Specialty Chemicals
ASIANTILES.NS,ASIAN GRANITO IND. LTD.,Building Products & Equipment
ASKAUTOLTD.NS,ASK AUTOMOTIVE LIMITED,Auto Parts
ASPINWALL.NS,ASPINWALL & CO LTD,Farm Products
ASTEC.NS,ASTEC LIFESCIENCES LTD,Agricultural Inputs
ASTERDM.NS,ASTER DM HEALTHCARE LTD.,Medical Care Facilities
ASTRAL.NS,ASTRAL LIMITED,Building Products & Equipment
ASTRAMICRO.NS,ASTRA MICROWAVE LTD,Communication Equipment
ASTRAZEN.NS,ASTRAZENECA PHARMA IND LT,Drug Manufacturers - Specialty & Generic
ATALREAL.NS,ATAL REALTECH LIMITED,Engineering & Construction
ATAM.NS,ATAM VALVES LIMITED,Specialty Industrial Machinery
ATGL.NS,ADANI TOTAL GAS LIMITED,Utilities - Regulated Gas
ATHERENERG.NS,ATHER ENERGY LIMITED,Auto Manufacturers
ATL.NS,ALLCARGO TERMINALS LTD,Integrated Freight & Logistics
ATLANTAA.NS,ATLANTAA LIMITED,Infrastructure Operations
ATLANTAELE.NS,ATLANTA ELECTRICALS LTD,Electrical Equipment & Parts
ATLASCYCLE.NS,ATLAS CYCLE (HARYANA) LTD,Leisure
ATUL.NS,ATUL LTD,Specialty Chemicals
ATULAUTO.NS,ATUL AUTO LIMITED,Auto Manufacturers
AUBANK.NS,AU SMALL FINANCE BANK LTD,Banks - Regional
AURIGROW.NS,AURI GROW INDIA LIMITED,Electrical Equipment & Parts
AURIONPRO.NS,AURIONPRO SOLN LTD,Software - Application
AUROPHARMA.NS,AUROBINDO PHARMA LTD,Drug Manufacturers - Specialty & Generic
AURUM.NS,AURUM PROPTECH LIMITED,Real Estate Services
AUTOAXLES.NS,AUTOMOTIVE AXLES LIMITED,Auto Parts
AVALON.NS,AVALON TECHNOLOGIES LTD,Electronic Components
AVANTEL.NS,AVANTEL LIMITED,Communication Equipment
AVANTIFEED.NS,AVANTI FEEDS LIMITED,Packaged Foods
AVG.NS,AVG LOGISTICS LIMITED,Integrated Freight & Logistics
AVL.NS,ADITYA VISION LIMITED,Specialty Retail
AVONMORE.NS,AVONMORE CAP&MGT SERV LTD,Capital Markets
AVROIND.NS,AVRO INDIA LIMITED,"Furnishings, Fixtures & Appliances"
AVTNPL.NS,AVT NATURAL PRODUCTS LTD,Specialty Chemicals
AWFIS.NS,AWFIS SPACE SOLUTIONS LTD,Rental & Leasing Services
AWHCL.NS,ANTONY WASTE HDG CELL LTD,Waste Management
AWL.NS,AWL AGRI BUSINESS LIMITED,Packaged Foods
AXISBANK.NS,AXIS BANK LIMITED,Banks - Regional
AXISCADES.NS,AXISCADES TECH LTD,Engineering & Construction
AXITA.NS,AXITA COTTON LIMITED,Textile Manufacturing
AYE.NS,AYE FINANCE LIMITED,Credit Services
AYMSYNTEX.NS,AYM SYNTEX LIMITED,Textile Manufacturing
AZAD.NS,AZAD ENGINEERING LIMITED,Specialty Industrial Machinery
BAGFILMS.NS,B.A.G FILMS AND MEDIA LTD,Broadcasting
BAIDFIN.NS,BAID FINSERV LIMITED,Credit Services
BAJAJ-AUTO.NS,BAJAJ AUTO LIMITED,Auto Manufacturers
BAJAJCON.NS,BAJAJ CONSUMER CARE LTD,Household & Personal Products
BAJAJELEC.NS,BAJAJ ELECT.LTD,"Furnishings, Fixtures & Appliances"
BAJAJFINSV.NS,BAJAJ FINSERV LTD.,Financial Conglomerates
BAJAJHCARE.NS,BAJAJ HEALTHCARE LIMITED,Drug Manufacturers - Specialty & Generic
BAJAJHFL.NS,BAJAJ HOUSING FINANCE LTD,Mortgage Finance
BAJAJHIND.NS,BAJAJ HINDUSTHAN SUGAR LT,Confectioners
BAJAJHLDNG.NS,BAJAJ HOLDINGS & INVS LTD,Asset Management
BAJAJINDEF.NS,INDEF MANUFACTURING LTD,Farm & Heavy Construction Machinery
BAJEL.NS,BAJEL PROJECTS LIMITED,Utilities - Regulated Electric
BAJFINANCE.NS,BAJAJ FINANCE LIMITED,Credit Services
BALAJEE.NS,SHREE TIRUPATI BALAJEE L,Packaging & Containers
BALAJITELE.NS,BALAJI TELEFILMS LIMITED.,Entertainment
BALAMINES.NS,BALAJI AMINES LIMITED,Specialty Chemicals
BALKRISHNA.NS,BALKRISHNA PAPER MILLS L,Packaging & Containers
BALKRISIND.NS,BALKRISHNA IND. LTD,Auto Parts
BALMLAWRIE.NS,BALMER LAWRIE & CO LTD,Conglomerates
BALPHARMA.NS,BAL PHARMA LTD.,Drug Manufacturers - Specialty & Generic
BALRAMCHIN.NS,BALRAMPUR CHINI MILLS LTD,Confectioners
BALUFORGE.NS,BALU FORGE INDUSTRIES LTD,Metal Fabrication
BANARBEADS.NS,BANARAS BEADS LTD,Footwear & Accessories
BANARISUG.NS,BANNARI AMMAN SUGARS LTD,Confectioners
BANCOINDIA.NS,BANCO PRODUCTS (I) LTD,Auto Parts
BANDHANBNK.NS,BANDHAN BANK LIMITED,Banks - Regional
BANG.NS,BANG OVERSEAS LTD.,Apparel Manufacturing
BANKBARODA.NS,BANK OF BARODA,Banks - Regional
BANKINDIA.NS,BANK OF INDIA,Banks - Regional
BANSALWIRE.NS,BANSAL WIRE INDUSTRIES L,Steel
BANSWRAS.NS,BANSWARA SYNTEX LIMITED,Textile Manufacturing
BASF.NS,BASF INDIA LTD,Specialty Chemicals
BASML.NS,BANNARI AM SPIN MILL LTD.,Textile Manufacturing
BATAINDIA.NS,BATA INDIA LTD,Footwear & Accessories
BATLIBOI.NS,BATLIBOI LTD.,Specialty Industrial Machinery
BAYERCROP.NS,BAYER CROPSCIENCE LTD,Agricultural Inputs
BBL.NS,BHARAT BIJLEE LTD,Electrical Equipment & Parts
BBOX.NS,BLACK BOX LIMITED,Software - Application
BBTC.NS,BOMBAY BURMAH TRADING COR,Packaged Foods
BBTCL.NS,B&B TRIPLEWALL CONT LTD,Packaging & Containers
BCG.NS,BRIGHTCOM GROUP LIMITED,Advertising Agencies
BCLIND.NS,BCL INDUSTRIES LIMITED,Beverages - Wineries & Distilleries
BCONCEPTS.NS,BRAND CONCEPTS LIMITED,Footwear & Accessories
BCPL.NS,BCPL RAILWAY INFRA LTD,Infrastructure Operations
BDL.NS,BHARAT DYNAMICS LIMITED,Aerospace & Defense
BEARDSELL.NS,BEARDSELL LIMITED,Building Products & Equipment
BECTORFOOD.NS,MRS BECTORS FOOD SPE LTD,Packaged Foods
BEDMUTHA.NS,BEDMUTHA INDUST LTD,Steel
BEL.NS,BHARAT ELECTRONICS LTD,Aerospace & Defense
BELLACASA.NS,BELLA CASA FASH AND RET L,Textile Manufacturing
BELRISE.NS,BELRISE INDUSTRIES LTD,Auto Parts
BEML.NS,BEML LIMITED,Conglomerates
BEPL.NS,BHANSALI ENG. POLYMERS LT,Chemicals
BERGEPAINT.NS,BERGER PAINTS (I) LTD,Specialty Chemicals
BESTAGRO.NS,BEST AGROLIFE LIMITED,Agricultural Inputs
BETA.NS,BETA DRUGS LIMITED,Drug Manufacturers - Specialty & Generic
BFINVEST.NS,BF INVESTMENT LIMITED,Asset Management
BFUTILITIE.NS,BF UTILITIES LIMITED,Infrastructure Operations
BHAGCHEM.NS,BHAGIRADHA CHEM & INDS L,Agricultural Inputs
BHARATFORG.NS,BHARAT FORGE LTD,Auto Parts
BHARATGEAR.NS,BHARAT GEARS LTD.,Auto Parts
BHARATRAS.NS,BHARAT RASAYAN LTD,Agricultural Inputs
BHARATSE.NS,BHARAT SEATS LIMITED,Auto Parts
BHARATWIRE.NS,BHARAT WIRE ROPES LTD.,Steel
BHARTIARTL.NS,BHARTI AIRTEL LIMITED,Telecom Services
BHARTIHEXA.NS,BHARTI HEXACOM LIMITED,Telecom Services
BHEL.NS,BHEL,Specialty Industrial Machinery
BIGBLOC.NS,BIGBLOC CONSTRUCTION LTD,Building Products & Equipment
BIKAJI.NS,BIKAJI FOODS INTERN LTD,Packaged Foods
BIL.NS,BHARTIYA INTERNATIONAL,Footwear & Accessories
BIOCON.NS,BIOCON LIMITED.,Biotechnology
BIOFILCHEM.NS,BIOFIL CHEM & PHARMA LTD,Drug Manufacturers - Specialty & Generic
BIRLACORPN.NS,BIRLA CORPORATION LTD,Building Materials
BIRLAMONEY.NS,ADITYA BIRLA MONEY LTD,Capital Markets
BIRLANU.NS,BIRLANU LIMITED,Building Products & Equipment
BLACKBUCK.NS,BLACKBUCK LIMITED,Software - Application
BLAL.NS,BEML LAND ASSETS LIMITED,Shell Companies
BLBLIMITED.NS,BLB LIMITED,Capital Markets
BLISSGVS.NS,BLISS GVS PHARMA LTD,Drug Manufacturers - Specialty & Generic
BLKASHYAP.NS,B.L.KASHYAP & SON LTD,Engineering & Construction
BLS.NS,BLS INTL SERVS LTD,Specialty Business Services
BLSE.NS,BLS E-SERVICES LIMITED,Specialty Business Services
BLUEDART.NS,BLUE DART EXPRESS LTD,Integrated Freight & Logistics
BLUEJET.NS,BLUE JET HEALTHCARE LTD,Biotechnology
BLUESTARCO.NS,BLUE STAR LIMITED,Building Products & Equipment
BLUESTONE.NS,BLUESTONE JEWEL LFSTL LTD,Luxury Goods
BLUSPRING.NS,BLUSPRING ENTERPRISES LTD,Specialty Business Services
BMWVENTLTD.NS,BMW VENTURES LIMITED,Steel
BOHRAIND.NS,BOHRA INDUSTRIES LIMITED,Agricultural Inputs
BOMDYEING.NS,BOMBAY DYEING & MFG. CO L,Textile Manufacturing
BONLON.NS,BONLON INDUSTRIES LIMITED,Other Industrial Metals & Mining
BORANA.NS,BORANA WEAVES LIMITED,Textile Manufacturing
BOROLTD.NS,BOROSIL LIMITED,"Furnishings, Fixtures & Appliances"
BORORENEW.NS,BOROSIL RENEWABLES LTD,Solar
BOROSCI.NS,BOROSIL SCIENTIFIC LTD,Packaging & Containers
BOSCH-HCIL.NS,BOSCH HOME COMFRT IND LTD,"Furnishings, Fixtures & Appliances"
BOSCHLTD.NS,BOSCH LIMITED,Auto Parts
BPCL.NS,BHARAT PETROLEUM CORP  LT,Oil & Gas Refining & Marketing
BPL.NS,BPL LTD,Consumer Electronics
BRIGADE.NS,BRIGADE ENTER. LTD,Real Estate - Development
BRIGHOTEL.NS,BRIGADE HOTEL VENTURE LTD,Lodging
BRITANNIA.NS,BRITANNIA INDUSTRIES LTD,Packaged Foods
BRNL.NS,BHARAT ROAD NETWORK LTD,Infrastructure Operations
BSE.NS,BSE LIMITED,Financial Data & Stock Exchanges
BSL.NS,BSL LTD,Textile Manufacturing
BSOFT.NS,BIRLASOFT LIMITED,Information Technology Services
BTML.NS,BODHI TREE MULTIMEDIA LTD,Entertainment
BTTL.NS,BHILWARA TECHNICAL TEXT L,Textile Manufacturing
BUILDPRO.NS,SHANKARA BUILDPRO LIMITED,Home Improvement Retail
BUTTERFLY.NS,BTRFLY GANDHI APPL LTD,"Furnishings, Fixtures & Appliances"
BVCL.NS,BARAK VALLEY CEM. LTD.,Building Materials
CAMLINFINE.NS,CAMLIN FINE SCIENCES LTD,Specialty Chemicals
CAMPUS.NS,CAMPUS ACTIVEWEAR LIMITED,Footwear & Accessories
CAMS.NS,COMPUTER AGE MNGT SER LTD,Information Technology Services
CANBK.NS,CANARA BANK,Banks - Regional
CANFINHOME.NS,CAN FIN HOMES LTD,Mortgage Finance
CANHLIFE.NS,CANARA HSBC LIFE INS CO L,Insurance - Life
CANTABIL.NS,CANTABIL RETAIL LTD,Apparel Manufacturing
CAPACITE.NS,CAPACITE INFRAPROJECT LTD,Engineering & Construction
CAPILLARY.NS,CAPILLARY TECHNO INDIA L,Software - Infrastructure
CAPITALSFB.NS,CAPITAL SMALL FIN BANK L,Banks - Regional
CAPLIPOINT.NS,CAPLIN POINT LAB LTD.,Drug Manufacturers - Specialty & Generic
CARBORUNIV.NS,CARBORUNDUM UNIVERSAL LTD,Conglomerates
CARERATING.NS,CARE RATINGS LIMITED,Financial Data & Stock Exchanges
CARRARO.NS,CARRARO INDIA LIMITED,Auto Parts
CARTRADE.NS,CARTRADE TECH LIMITED,Auto & Truck Dealerships
CARYSIL.NS,CARYSIL LIMITED,"Furnishings, Fixtures & Appliances"
CASTROLIND.NS,CASTROL INDIA LIMITED,Oil & Gas Refining & Marketing
CCAVENUE.NS,AVENUESAI LIMITED,Software - Infrastructure
CCCL.NS,CONS. CONST. CONSORT LTD,Engineering & Construction
CCHHL.NS,COUNTRY CLUB HOSP HOL LTD,Lodging
CCL.NS,CCL PRODUCTS (I) LTD,Packaged Foods
CDSL.NS,CENTRAL DEPO SER (I) LTD,Capital Markets
CEATLTD.NS,CEAT LIMITED,Auto Parts
CEIGALL.NS,CEIGALL INDIA LIMITED,Engineering & Construction
CEINSYS.NS,CEINSYS TECH LIMITED,Engineering & Construction
CELEBRITY.NS,CELEBRITY FASHIONS LTD,Apparel Manufacturing
CELLO.NS,CELLO WORLD LIMITED,"Furnishings, Fixtures & Appliances"
CEMPRO.NS,CEMINDIA PROJECTS LIMITED,Engineering & Construction
CENTENKA.NS,CENTURY ENKA LTD,Textile Manufacturing
CENTEXT.NS,CENTURY EXTRUSIONS LTD,Aluminum
CENTRALBK.NS,CENTRAL BANK OF INDIA,Banks - Regional
CENTRUM.NS,CENTRUM CAPITAL LIMITED,Financial Conglomerates
CENTUM.NS,CENTUM ELECTRONICS LTD,Electronic Components
CENTURYPLY.NS,CENTURY PLYBOARDS (I) LTD,Lumber & Wood Production
CERA.NS,CERA SANITARYWARE LTD,Building Products & Equipment
CESC.NS,CESC LTD,Utilities - Regulated Electric
CEWATER.NS,CONCORD ENVIRO SYSTEMS L,Utilities - Regulated Water
CGCL.NS,CAPRI GLOBAL CAPITAL LTD,Credit Services
CGPOWER.NS,CG POWER AND IND SOL LTD,Electrical Equipment & Parts
CHALET.NS,CHALET HOTELS LIMITED,Lodging
CHAMBLFERT.NS,CHAMBAL FERTILIZERS LTD,Agricultural Inputs
CHEMPLASTS.NS,CHEMPLAST SANMAR LIMITED,Chemicals
CHENNPETRO.NS,CHENNAI PETROLEUM CORP LT,Oil & Gas Refining & Marketing
CHEVIOT.NS,CHEVIOT COMPANY LIMITED,Textile Manufacturing
CHOICEIN.NS,CHOICE INTERNATIONAL LTD,Capital Markets
CHOLAFIN.NS,CHOLAMANDALAM IN & FIN CO,Credit Services
CHOLAHLDNG.NS,CHOLAMANDALAM FIN HOL LTD,Credit Services
CIEINDIA.NS,CIE AUTOMOTIVE INDIA LTD,Auto Parts
CIFL.NS,CAPITAL INDIA FINANCE LTD,Credit Services
CINELINE.NS,CINELINE INDIA LIMITED,Entertainment
CINEVISTA.NS,CINEVISTA LIMITED,Entertainment
CIPLA.NS,CIPLA LTD,Drug Manufacturers - Specialty & Generic
CLEAN.NS,CLEAN SCIENCE & TECH LTD,Specialty Chemicals
CLEANMAX.NS,CLEAN MAX ENVIRO EN SOL L,Utilities - Renewable
CLSEL.NS,CHAMAN LAL SETIA EXP LTD,Packaged Foods
CMSINFO.NS,CMS INFO SYSTEMS LIMITED,Specialty Business Services
CNL.NS,CREATIVE NEWTECH LIMITED,Electronics & Computer Distribution
COALINDIA.NS,COAL INDIA LTD,Thermal Coal
COASTCORP.NS,COASTAL CORPORATION LTD,Packaged Foods
COCHINSHIP.NS,COCHIN SHIPYARD LIMITED,Aerospace & Defense
COFORGE.NS,COFORGE LIMITED,Information Technology Services
COHANCE.NS,COHANCE LIFESCIENCES LTD,Drug Manufacturers - Specialty & Generic
COLPAL.NS,COLGATE PALMOLIVE LTD.,Household & Personal Products
COMPUSOFT.NS,COMPUCOM SOFTWARE LTD,Education & Training Services
COMSYN.NS,COMMERCIAL SYN BAGS LTD,Packaging & Containers
CONCOR.NS,CONTAINER CORP OF IND LTD,Railroads
CONCORDBIO.NS,CONCORD BIOTECH LIMITED,Biotechnology
CONFIPET.NS,CONFIDENCE PETRO IND LTD.,Oil & Gas Refining & Marketing
CONSOFINVT.NS,CONSO. FIN. & HOLD. LTD.,Capital Markets
CONTROLPR.NS,CONTROL PRINT LIMITED,Business Equipment & Supplies
CORALFINAC.NS,CORAL INDIA FIN & HOUS LT,Real Estate Services
COROMANDEL.NS,COROMANDEL INTERNTL. LTD,Agricultural Inputs
COSMOFIRST.NS,COSMO FIRST LIMITED,Packaging & Containers
COUNCODOS.NS,COUNTRY CONDO S LIMITED,Real Estate - Development
CPEDU.NS,CAREER POINT EDUTECH LTD,Education & Training Services
CPPLUS.NS,ADITYA INFOTECH LIMITED,Building Products & Equipment
CRAFTSMAN.NS,CRAFTSMAN AUTOMATION LTD,Auto Parts
CRAMC.NS,CANARA ROBECO AMC LIMITED,Asset Management
CREATIVEYE.NS,CREATIVE EYE LIMITED,Entertainment
CREDITACC.NS,CREDITACCESS GRAMEEN LTD,Credit Services
CREST.NS,CREST VENTURES LIMITED,Financial Conglomerates
CRISIL.NS,CRISIL LTD,Financial Data & Stock Exchanges
CRIZAC.NS,CRIZAC LIMITED,Education & Training Services
CROMPTON.NS,CROMPT GREA CON ELEC LTD,"Furnishings, Fixtures & Appliances"
CROWN.NS,CROWN LIFTERS LIMITED,Rental & Leasing Services
CSBBANK.NS,CSB BANK LIMITED,Banks - Regional
CSLFINANCE.NS,CSL FINANCE LIMITED,Credit Services
CTE.NS,CAMBRIDGE TECH ENTER LTD,Information Technology Services
CUB.NS,CITY UNION BANK LTD,Banks - Regional
CUBEXTUB.NS,CUBEX TUBINGS LTD,Copper
CUMMINSIND.NS,CUMMINS INDIA LTD,Specialty Industrial Machinery
CUPID.NS,CUPID LIMITED,Household & Personal Products
CURAA.NS,CURA TECHNOLOGIES LIMITED,Software - Application
CYIENT.NS,CYIENT LIMITED,Conglomerates
CYIENTDLM.NS,CYIENT DLM LIMITED,Aerospace & Defense
DABUR.NS,DABUR INDIA LTD,Household & Personal Products
DALBHARAT.NS,DALMIA BHARAT LIMITED,Building Materials
DALMIASUG.NS,DALMIA BHARAT SUG IN LTD,Confectioners
DAMCAPITAL.NS,DAM CAPITAL ADVISORS LTD,Capital Markets
DAMODARIND.NS,DAMODAR INDUSTRIES LTD,Textile Manufacturing
DANGEE.NS,DANGEE DUMS LIMITED,Restaurants
DATAMATICS.NS,DATAMATICS GLOBAL SER LTD,Information Technology Services
DATAPATTNS.NS,DATA PATTERNS INDIA LTD,Aerospace & Defense
DAVANGERE.NS,DAVANGERE SUGAR COMPANY L,Confectioners
DBCORP.NS,D.B.CORP LTD,Publishing
DBL.NS,DILIP BUILDCON LIMITED,Engineering & Construction
DBSTOCKBRO.NS,DB (INT) STOCK BROKERS,Capital Markets
DCAL.NS,DISHMAN CARBO AMCIS LTD,Biotechnology
DCBBANK.NS,DCB BANK LIMITED,Banks - Regional
DCMSHRIRAM.NS,DCM SHRIRAM LIMITED,Conglomerates
DCMSRIND.NS,DCM SHRIRAM IND LTD,Confectioners
DCW.NS,DCW LTD,Chemicals
DCXINDIA.NS,DCX SYSTEMS LIMITED,Aerospace & Defense
DDEVPLSTIK.NS,DDEV PLASTIKS IND LTD,Specialty Chemicals
DECCANCE.NS,DECCAN CEMENTS LIMITED,Building Materials
DEEPAKFERT.NS,DEEPAK FERTILIZERS & PETR,Chemicals
DEEPAKNTR.NS,DEEPAK NITRITE LTD,Chemicals
DEEPINDS.NS,DEEP INDUSTRIES LIMITED,Oil & Gas E&P
DELHIVERY.NS,DELHIVERY LIMITED,Integrated Freight & Logistics
DELPHIFX.NS,DELPHI WORLD MONEY LTD,Capital Markets
DELTACORP.NS,DELTA CORP LIMITED,Resorts & Casinos
DELTAMAGNT.NS,DELTA MANUFACTURING LTD,Textile Manufacturing
DEN.NS,DEN NETWORKS LTD,Entertainment
DENORA.NS,DE NORA INDIA LIMITED,Electrical Equipment & Parts
DENTA.NS,DENTA WATER N INFRA SOL L,Engineering & Construction
DEVIT.NS,DEV INFO TECHNOLOGY LTD,Information Technology Services
DEVX.NS,DEV ACCELERATOR LIMITED,Real Estate Services
DEVYANI.NS,DEVYANI INTERNATIONAL LTD,Restaurants
DGCONTENT.NS,DIGICONTENT LIMITED,Internet Content & Information
DHAMPURSUG.NS,DHAMPUR SUGAR MILLS LTD.,Confectioners
DHANBANK.NS,DHANLAXMI BANK LIMITED,Banks - Regional
DHANUKA.NS,DHANUKA AGRITECH LTD,Agricultural Inputs
DHARMAJ.NS,DHARMAJ CROP GUARD LTD,Agricultural Inputs
DHUNINV.NS,DHUNSERI INVESTMENTS LTD,Capital Markets
DIACABS.NS,DIAMOND POWER INFRA LTD,Specialty Industrial Machinery
DIAMINESQ.NS,DIAMINES & CHEMICALS LTD,Chemicals
DIAMONDYD.NS,PRATAAP SNACKS LIMITED,Packaged Foods
DICIND.NS,DIC INDIA LIMITED,Specialty Chemicals
DIFFNKG.NS,DIFFUSION ENGINEERS LTD,Specialty Industrial Machinery
DIGIDRIVE.NS,DIGIDRIVE DISTRIBUTORS L,Internet Retail
DIGITIDE.NS,DIGITIDE SOLUTIONS LTD,Specialty Business Services
DIGJAMLMTD.NS,DIGJAM LTD,Textile Manufacturing
DIVGIITTS.NS,DIVGI TORQTRANSFER SYST L,Auto Parts
DIVISLAB.NS,DIVI S LABORATORIES LTD,Drug Manufacturers - Specialty & Generic
DIXON.NS,DIXON TECHNO (INDIA) LTD,Consumer Electronics
DJML.NS,DJ MEDIAPRINT & LOG LTD,Specialty Business Services
DLF.NS,DLF LIMITED,Real Estate - Development
DLINKINDIA.NS,D-LINK INDIA LTD,Communication Equipment
DMART.NS,AVENUE SUPERMARTS LIMITED,Discount Stores
DMCC.NS,DMCC SPECIALITY CHEMICALS,Chemicals
DNAMEDIA.NS,DILIGENT MEDIA CORP LTD.,Publishing
DODLA.NS,DODLA DAIRY LIMITED,Food Distribution
DOLATALGO.NS,DOLAT ALGOTECH LIMITED,Capital Markets
DOLLAR.NS,DOLLAR INDUSTRIES LIMITED,Apparel Manufacturing
DOLPHIN.NS,DOLPHIN OFF ENT (IND) L,Oil & Gas Equipment & Services
DOMS.NS,DOMS INDUSTRIES LIMITED,Business Equipment & Supplies
DONEAR.NS,DONEAR IND. LIMITED,Textile Manufacturing
DPABHUSHAN.NS,D. P. ABHUSHAN LIMITED,Luxury Goods
DPWIRES.NS,D P WIRES LIMITED,Metal Fabrication
DRCSYSTEMS.NS,DRC SYSTEMS INDIA LIMITED,Information Technology Services
DREAMFOLKS.NS,DREAMFOLKS SERVICES LTD,Airports & Air Services
DREDGECORP.NS,DREDGING CORP OF INDIA,Engineering & Construction
DRREDDY.NS,DR. REDDY S LABORATORIES,Drug Manufacturers - Specialty & Generic
DSSL.NS,DYNACONS SYS & SOLN LTD,Information Technology Services
DTIL.NS,DHUNSERI TEA & IND. LTD.,Packaged Foods
DVL.NS,DHUNSERI VENTURES LIMITED,Capital Markets
DWARKESH.NS,DWARIKESH SUGAR IND LTD,Confectioners
DYCL.NS,DYNAMIC CABLES LIMITED,Electrical Equipment & Parts
DYNAMATECH.NS,DYNAMATIC TECHNOLOGIES,Auto Parts
DYNPRO.NS,DYNEMIC PRODUCTS LIMITED,Specialty Chemicals
E2E.NS,E2E NETWORKS LIMITED,Software - Infrastructure
EASEMYTRIP.NS,EASY TRIP PLANNERS LTD,Travel Services
EBGNG.NS,GNG ELECTRONICS LIMITED,Computer Hardware
ECLERX.NS,ECLERX SERVICES LTD,Information Technology Services
EDELWEISS.NS,EDELWEISS FIN SERV LTD,Financial Conglomerates
EFCIL.NS,EFC (I) LIMITED,Real Estate Services
EICHERMOT.NS,EICHER MOTORS LTD,Auto Manufacturers
EIDPARRY.NS,EID PARRY INDIA LTD,Agricultural Inputs
EIEL.NS,ENVIRO INFRA ENGINEERS L,Engineering & Construction
EIHAHOTELS.NS,EIH ASSOCIATED HOTELS LTD,Lodging
EIHOTEL.NS,EIH LIMITED,Lodging
EIMCOELECO.NS,EIMCO ELECON (INDIA) LTD,Farm & Heavy Construction Machinery
EKC.NS,EVEREST KANTO CYLINDERLTD,Specialty Industrial Machinery
ELANTAS.NS,ELANTAS BECK INDIA LTD.,Specialty Chemicals
ELDEHSG.NS,ELDECO HSG & IND LTD.,Real Estate Services
ELECON.NS,ELECON ENG. CO. LTD,Specialty Industrial Machinery
ELECTCAST.NS,ELECTROSTEEL CASTINGS LTD,Building Products & Equipment
ELECTHERM.NS,ELECTROTHERM (I) LTD.,Steel
ELGIEQUIP.NS,ELGI EQUIPMENTS LTD,Specialty Industrial Machinery
ELGIRUBCO.NS,ELGI RUBBER CO. LTD,Auto Parts
ELIN.NS,ELIN ELECTRONICS LIMITED,Electrical Equipment & Parts
ELLEN.NS,ELLENBARRIE INDUS GASES L,Chemicals
ELPROINTL.NS,ELPRO INTERNATIONAL LTD,Unknown
EMAMILTD.NS,EMAMI LIMITED,Household & Personal Products
EMAMIPAP.NS,EMAMI PAPER MILLS LIMITED,Paper & Paper Products
EMBDL.NS,EMBASSY DEVELOPMENTS LTD,Real Estate - Diversified
EMCURE.NS,EMCURE PHARMACEUTICALS L,Drug Manufacturers - Specialty & Generic
EMIL.NS,ELECTRONICS MART IND LTD,Specialty Retail
EMKAY.NS,EMKAY GLOBAL FIN SERV LTD,Capital Markets
EMMBI.NS,EMMBI INDUSTRIES LIMITED,Packaging & Containers
EMMVEE.NS,EMMVEE PHOTOVOLTAIC PWR L,Solar
EMSLIMITED.NS,EMS LIMITED,Engineering & Construction
EMUDHRA.NS,EMUDHRA LIMITED,Software - Application
ENDURANCE.NS,ENDURANCE TECHNO. LTD.,Auto Parts
ENERGYDEV.NS,ENERGY DEVE. CO.LTD,Utilities - Regulated Electric
ENGINERSIN.NS,ENGINEERS INDIA LTD,Engineering & Construction
ENIL.NS,ENTERTAIN NET. IND. LTD.,Broadcasting
ENRIN.NS,SIEMENS ENERGY INDIA LTD,Utilities - Renewable
ENTERO.NS,ENTERO HEALTHCARE SOLU L,Medical Distribution
EPACK.NS,EPACK DURABLE LIMITED,"Furnishings, Fixtures & Appliances"
EPACKPEB.NS,EPACK PREFAB TECHN LTD,Engineering & Construction
EPIGRAL.NS,EPIGRAL LIMITED,Chemicals
EPL.NS,EPL LIMITED,Packaging & Containers
EQUITASBNK.NS,EQUITAS SMALL FIN BNK LTD,Banks - Regional
ERIS.NS,ERIS LIFESCIENCES LIMITED,Drug Manufacturers - Specialty & Generic
ESABINDIA.NS,ESAB INDIA LTD,Tools & Accessories
ESAFSFB.NS,ESAF SMALL FINANCE BANK L,Banks - Regional
ESCORTS.NS,ESCORTS KUBOTA LIMITED,Farm & Heavy Construction Machinery
ESSARSHPNG.NS,ESSAR SHIPPING LTD,Marine Shipping
ESTER.NS,ESTER INDUSTRIES LTD,Specialty Chemicals
ETERNAL.NS,ETERNAL LIMITED,Internet Retail
ETHOSLTD.NS,ETHOS LIMITED,Luxury Goods
EUREKAFORB.NS,EUREKA FORBES LIMITED,"Furnishings, Fixtures & Appliances"
EUROBOND.NS,EURO PANEL PRODUCTS LTD,Building Products & Equipment
EUROPRATIK.NS,EURO PRATIK SALES LIMITED,Building Materials
EVEREADY.NS,EVEREADY INDS. IND.  LTD.,Electrical Equipment & Parts
EVERESTIND.NS,EVEREST INDUSTRIES LTD,Building Products & Equipment
EXCELINDUS.NS,EXCEL INDUSTRIES LTD,Specialty Chemicals
EXCELSOFT.NS,EXCELSOFT TECHNOLOGIES L,Software - Application
EXICOM.NS,EXICOM TELE SYSTEMS LTD,Electrical Equipment & Parts
EXIDEIND.NS,EXIDE INDUSTRIES LTD,Auto Parts
EXPLEOSOL.NS,EXPLEO SOLUTIONS LIMITED,Information Technology Services
EXXARO.NS,EXXARO TILES LIMITED,Building Products & Equipment
FABTECH.NS,FABTECH TECHNOLOGIES LTD,Health Information Services
FACT.NS,FACT LTD,Agricultural Inputs
FAIRCHEMOR.NS,FAIRCHEM ORGANICS LIMITED,Specialty Chemicals
FAZE3Q.NS,FAZE THREE LIMITED,Textile Manufacturing
FCL.NS,FINEOTEX CHEMICAL LIMITED,Specialty Chemicals
FDC.NS,FDC LIMITED,Drug Manufacturers - Specialty & Generic
FEDERALBNK.NS,FEDERAL BANK LTD,Banks - Regional
FEDFINA.NS,FEDBANK FINANCIAL SER L,Credit Services
FIBERWEB.NS,FIBERWEB INDIA LIMITED,Textile Manufacturing
FIEMIND.NS,FIEM INDUSTRIES LIMITED,Auto Parts
FILATEX.NS,FILATEX INDIA LTD,Textile Manufacturing
FINCABLES.NS,FINOLEX CABLES LTD,Electrical Equipment & Parts
FINEORG.NS,FINE ORGANIC IND. LTD.,Specialty Chemicals
FINKURVE.NS,FINKURVE FINANCIAL SERV L,Credit Services
FINOPB.NS,FINO PAYMENTS BANK LTD,Banks - Regional
FINPIPE.NS,FINOLEX INDUSTRIES LTD,Building Products & Equipment
FIRSTCRY.NS,BRAINBEES SOLUTIONS LTD,Internet Retail
FISCHER.NS,FISCHER MEDICAL VENTURE L,Medical Devices
FIVESTAR.NS,FIVE-STAR BUS FIN LTD,Credit Services
FLAIR.NS,FLAIR WRITING INDUST LTD,Business Equipment & Supplies
FLUOROCHEM.NS,GUJARAT FLUOROCHEM LTD,Specialty Chemicals
FMGOETZE.NS,FEDERAL-MOGUL GOETZE (IND,Auto Parts
FOCUS.NS,FOCUS LIGHTG & FIXTRS LTD,"Furnishings, Fixtures & Appliances"
FOODSIN.NS,FOODS & INNS LIMITED,Packaged Foods
FORCEMOT.NS,FORCE MOTORS LIMITED,Auto Manufacturers
FORTIS.NS,FORTIS HEALTHCARE LTD,Medical Care Facilities
FOSECOIND.NS,FOSECO INDIA LTD,Chemicals
FRACTAL.NS,FRACTAL ANALYTICS LIMITED,Software - Infrastructure
FSL.NS,FIRSTSOURCE SOLU. LTD.,Information Technology Services
FUSION.NS,FUSION FINANCE LIMITED,Credit Services
GABRIEL.NS,GABRIEL INDIA LTD,Auto Parts
GAEL.NS,GUJARAT AMBUJA EXPORTS LT,Packaged Foods
GAIL.NS,GAIL (INDIA) LTD,Utilities - Regulated Gas
GALAPREC.NS,GALA PRECISION ENG LTD,Specialty Industrial Machinery
GALAXYSURF.NS,GALAXY SURFACTANTS LTD,Specialty Chemicals
GALLANTT.NS,GALLANTT ISPAT LIMITED,Steel
GANDHAR.NS,GANDHAR OIL REFINE IND L,Oil & Gas Refining & Marketing
GANDHITUBE.NS,GANDHI SPL. TUBES LTD,Metal Fabrication
GANECOS.NS,GANESHA ECOSPHERE LIMITED,Textile Manufacturing
GANESHBE.NS,GANESH BENZOPLAST LIMITED,Specialty Chemicals
GANESHCP.NS,GANESH CONSUMER PRODUCT L,Packaged Foods
GANESHHOU.NS,GANESH HOUSING LIMITED,Real Estate - Development
GANGAFORGE.NS,GANGA FORGING LIMITED,Metal Fabrication
GANGESSECU.NS,GANGES SECURITIES LIMITED,Packaged Foods
GARFIBRES.NS,GARWARE TECH FIBRES LTD,Textile Manufacturing
GARUDA.NS,GARUDA CONSTRUCT N ENG L,Engineering & Construction
GATECH.NS,GACM TECHNOLOGIES LIMITED,Asset Management
GATECHDVR.NS,GACM TECHNOLOGIES LIMITED,Asset Management
GATEWAY.NS,GATEWAY DISTRIPARKS LTD,Integrated Freight & Logistics
GAYAHWS.NS,GAYATRI HIGHWAYS LIMITED,Infrastructure Operations
GCSL.NS,GRETEX CORPORATE SERVICES,Capital Markets
GEECEE.NS,GEECEE VENTURES LIMITED,Real Estate - Development
GEEKAYWIRE.NS,GEEKAY WIRES LIMITED,Electrical Equipment & Parts
GEMAROMA.NS,GEM AROMATICS LIMITED,Chemicals
GENCON.NS,GENERIC ENG CONS PROJ LTD,Engineering & Construction
GENESYS.NS,GENESYS INTL CORPN LTD,Software - Application
GENUSPAPER.NS,GENUS P&B LIMITED,Paper & Paper Products
GENUSPOWER.NS,GENUS POWER INFRASTRU LTD,Electrical Equipment & Parts
GEOJITFSL.NS,GEOJIT FINANCIAL SER L,Capital Markets
GESHIP.NS,THE GE SHPG.LTD,Marine Shipping
GFLLIMITED.NS,GFL LIMITED,Asset Management
GHCL.NS,GHCL LIMITED,Chemicals
GHCLTEXTIL.NS,GHCL TEXTILES LIMITED,Textile Manufacturing
GICHSGFIN.NS,GIC HOUSING FINANCE LTD,Mortgage Finance
GICL.NS,GLOBE INTL CARRIERS LTD,Integrated Freight & Logistics
GICRE.NS,GENERAL INS CORP OF INDIA,Insurance - Reinsurance
GILLANDERS.NS,GILLANDERS ARBUTHNOT LTD,Farm Products
GILLETTE.NS,GILLETTE INDIA LTD,Household & Personal Products
GINNIFILA.NS,GINNI FILAMENTS LTD,Textile Manufacturing
GIPCL.NS,GUJ IND POW CO. LTD,Utilities - Regulated Electric
GKENERGY.NS,GK ENERGY LIMITED,Utilities - Renewable
GKSL.NS,GUJARAT KIDNEY N SUP SP L,Medical Care Facilities
GKWLIMITED.NS,GKW LIMITED,Specialty Business Services
GLAND.NS,GLAND PHARMA LIMITED,Drug Manufacturers - Specialty & Generic
GLAXO.NS,GLAXOSMITHKLINE PHARMA LT,Drug Manufacturers - General
GLENMARK.NS,GLENMARK PHARMACEUTICALS,Drug Manufacturers - Specialty & Generic
GLOBAL.NS,GLOBAL EDUCATION LIMITED,Education & Training Services
GLOBALVECT.NS,GLOBAL VEC HELICORP LTD,Airports & Air Services
GLOBE.NS,GLOBE ENTERPRISE (I) LTD,Textile Manufacturing
GLOBUSSPR.NS,GLOBUS SPIRITS LTD,Beverages - Wineries & Distilleries
GLOSTERLTD.NS,GLOSTER LIMITED,Textile Manufacturing
GMBREW.NS,G M BREWERIES LTD,Beverages - Wineries & Distilleries
GMDCLTD.NS,GUJARAT MINERAL DEV CORP,Thermal Coal
GMMPFAUDLR.NS,GMM PFAUDLER LIMITED,Specialty Industrial Machinery
GMRAIRPORT.NS,GMR AIRPORTS LIMITED,Airports & Air Services
GMRP&UI.NS,GMR POW AND URBAN INFRA L,Thermal Coal
GNA.NS,GNA AXLES LIMITED,Auto Parts
GNFC.NS,GUJ NAR VAL FER & CHEM L,Chemicals
GOACARBON.NS,GOA CARBON LIMITED,Specialty Chemicals
GOCLCORP.NS,GOCL CORPORATION LIMITED,Specialty Chemicals
GOCOLORS.NS,GO FASHION INDIA LTD,Apparel Retail
GODAVARIB.NS,GODAVARI BIOREFINERIES L,Chemicals
GODFRYPHLP.NS,GODFREY PHILLIPS INDIA LT,Tobacco
GODIGIT.NS,GO DIGIT GENERAL INS LTD,Insurance - Property & Casualty
GODREJAGRO.NS,GODREJ AGROVET LIMITED,Packaged Foods
GODREJCP.NS,GODREJ CONSUMER PRODUCTS,Household & Personal Products
GODREJIND.NS,GODREJ INDUSTRIES LTD,Conglomerates
GODREJPROP.NS,GODREJ PROPERTIES LTD,Real Estate - Development
GOKEX.NS,GOKALDAS EXPORTS LTD.,Apparel Manufacturing
GOKUL.NS,GOKUL REFOILS & SOLV LTD,Packaged Foods
GOKULAGRO.NS,GOKUL AGRO RESOURCES LTD,Packaged Foods
GOLDIAM.NS,GOLDIAM INTERNATIONAL LTD,Luxury Goods
GOLDTECH.NS,AION-TECH SOLUTIONS LTD,Information Technology Services
GOODLUCK.NS,GOODLUCK INDIA LIMITED,Steel
GOODYEAR.NS,GOODYEAR INDIA LIMITED,Auto Parts
GOPAL.NS,GOPAL SNACKS LIMITED,Packaged Foods
GOYALALUM.NS,GOYAL ALUMINIUMS LIMITED,Aluminum
GPIL.NS,GODAWARI POW & ISP LTD,Steel
GPPL.NS,GUJARAT PIPAVAV PORT LTD,Marine Shipping
GPTHEALTH.NS,GPT HEALTHCARE LIMITED,Medical Care Facilities
GPTINFRA.NS,GPT INFRAPROJECTS LTD,Engineering & Construction
GRADIENTE.NS,GRADIENTE INFOTAINMENT L,Entertainment
GRANULES.NS,GRANULES INDIA LIMITED,Drug Manufacturers - Specialty & Generic
GRAPHITE.NS,GRAPHITE INDIA LTD,Electrical Equipment & Parts
GRASIM.NS,GRASIM INDUSTRIES LTD,Building Materials
GRAUWEIL.NS,GRAUER & WEIL IND LTD,Specialty Chemicals
GRAVITA.NS,GRAVITA INDIA LIMITED,Metal Fabrication
GREAVESCOT.NS,GREAVES COTTON LTD.,Specialty Industrial Machinery
GREENLAM.NS,GREENLAM INDUSTRIES LTD.,"Furnishings, Fixtures & Appliances"
GREENPANEL.NS,GREENPANEL INDUSTRIES LTD,Lumber & Wood Production
GREENPLY.NS,GREENPLY INDUSTRIES LTD,Lumber & Wood Production
GREENPOWER.NS,ORIENT GREEN POWER CO LTD,Utilities - Independent Power Producers
GRINDWELL.NS,GRINDWELL NORTON LIMITED,Building Products & Equipment
GRINFRA.NS,G R INFRAPROJECTS LIMITED,Engineering & Construction
GRMOVER.NS,GRM OVERSEAS LIMITED,Packaged Foods
GROBTEA.NS,THE GROB TEA COMPANY LTD,Farm Products
GROWW.NS,BILLIONBRAINS GARAGE VN L,Capital Markets
GRPLTD.NS,GRP LIMITED,Auto Parts
GRSE.NS,GARDEN REACH SHIP&ENG LTD,Aerospace & Defense
GRWRHITECH.NS,GARWARE HI-TECH FILMS LTD,Specialty Chemicals
GSFC.NS,GUJ STATE FERT & CHEM LTD,Agricultural Inputs
GSLSU.NS,GLOBAL SURFACES LIMITED,Building Materials
GSPCROP.NS,GSP CROP SCIENCE LIMITED,Agricultural Inputs
GTL.NS,GTL LTD,Telecom Services
GTLINFRA.NS,GTL INFRA.LTD,Communication Equipment
GTPL.NS,GTPL HATHWAY LIMITED,Entertainment
GUFICBIO.NS,GUFIC BIOSCIENCES LTD.,Drug Manufacturers - Specialty & Generic
GUJALKALI.NS,GUJARAT ALKALIES & CHEM,Chemicals
GUJAPOLLO.NS,GUJ. APOLLO IND. LTD.,Specialty Industrial Machinery
GUJTHEM.NS,GUJARAT THEMIS BIOSYN LTD,Drug Manufacturers - Specialty & Generic
GULFOILLUB.NS,GULF OIL LUB. IND. LTD.,Specialty Chemicals
GULPOLY.NS,GULSHAN POLYOLS LIMITED,Chemicals
GVPIL.NS,GE POWER INDIA LIMITED,Engineering & Construction
GVPTECH.NS,GVP INFOTECH LIMITED,Information Technology Services
GVT&D.NS,GE VERNOVA T&D INDIA LTD,Specialty Industrial Machinery
HAL.NS,HINDUSTAN AERONAUTICS LTD,Aerospace & Defense
HALDER.NS,HALDER VENTURE LIMITED,Farm Products
HALEOSLABS.NS,HALEOS LABS LIMITED,Biotechnology
HAPPSTMNDS.NS,HAPPIEST MINDS TECHNO LTD,Information Technology Services
HAPPYFORGE.NS,HAPPY FORGINGS LIMITED,Metal Fabrication
HARDWYN.NS,HARDWYN INDIA LIMITED,Building Products & Equipment
HARIOMPIPE.NS,HARIOM PIPE INDUSTRIES L,Steel
HARRMALAYA.NS,HARRISON MALAYALAM LTD,Farm Products
HARSHA.NS,HARSHA ENGINEERS INT LTD,Tools & Accessories
HATHWAY.NS,HATHWAY CABLE & DATACOM,Entertainment
HATSUN.NS,HATSUN AGRO PRODUCT LTD.,Packaged Foods
HAVELLS.NS,HAVELLS INDIA LIMITED,Electrical Equipment & Parts
HAVISHA.NS,SRI HAVISHA HOSP & INFR L,Lodging
HBLENGINE.NS,HBL ENGINEERING LTD,Electrical Equipment & Parts
HCC.NS,HINDUSTAN CONSTRUCTION CO,Engineering & Construction
HCG.NS,HEALTHCARE GLOB. ENT. LTD,Medical Care Facilities
HCL-INSYS.NS,HCL INFOSYSTEMS LTD,Electronics & Computer Distribution
HCLTECH.NS,HCL TECHNOLOGIES LTD,Information Technology Services
HDBFS.NS,HDB FINANCIAL SERVICES L,Credit Services
HDFCAMC.NS,HDFC AMC LIMITED,Asset Management
HDFCBANK.NS,HDFC BANK LTD,Banks - Regional
HDFCLIFE.NS,HDFC LIFE INS CO LTD,Insurance - Life
HEADSUP.NS,HEADS UP VENTURES LIMITED,Apparel Retail
HEALTHX.NS,HEALTH X PLATFORM LIMITED,Pharmaceutical Retailers
HECPROJECT.NS,HEC INFRA PROJECTS LTD,Engineering & Construction
HEG.NS,HEG LTD,Electrical Equipment & Parts
HEIDELBERG.NS,HEIDELBERGCEMENT (I) LTD,Building Materials
HEMIPROP.NS,HEMISPHERE PROP IND LTD,Real Estate - Diversified
HERANBA.NS,HERANBA INDUSTRIES LTD,Agricultural Inputs
HERITGFOOD.NS,HERITAGE FOODS LTD,Packaged Foods
HEROMOTOCO.NS,HERO MOTOCORP LIMITED,Auto Manufacturers
HESTERBIO.NS,HESTER BIOSCIENCES LTD,Drug Manufacturers - Specialty & Generic
HEXATRADEX.NS,HEXA TRADEX LIMITED,Credit Services
HEXT.NS,HEXAWARE TECHNOLOGIES LTD,Information Technology Services
HFCL.NS,HFCL LIMITED,Communication Equipment
HGINFRA.NS,H.G.INFRA ENGINEERING LTD,Engineering & Construction
HGM.NS,HANDSON GBL MNGMNT LTD,Information Technology Services
HGS.NS,HINDUJA GLOBAL SOLS. LTD.,Specialty Business Services
HIKAL.NS,HIKAL LIMITED,Drug Manufacturers - Specialty & Generic
HIMATSEIDE.NS,HIMATSINGKA SEIDE LTD,Textile Manufacturing
HINDALCO.NS,HINDALCO  INDUSTRIES  LTD,Aluminum
HINDCOMPOS.NS,HINDUSTAN COMPOSITES LTD.,Auto Parts
HINDCOPPER.NS,HINDUSTAN COPPER LTD,Copper
HINDOILEXP.NS,HINDUSTAN OIL EXPLORATION,Oil & Gas E&P
HINDPETRO.NS,HINDUSTAN PETROLEUM CORP,Oil & Gas Refining & Marketing
HINDUNILVR.NS,HINDUSTAN UNILEVER LTD.,Household & Personal Products
HINDWAREAP.NS,HINDWARE HME INOVATON LTD,"Furnishings, Fixtures & Appliances"
HINDZINC.NS,HINDUSTAN ZINC LIMITED,Other Industrial Metals & Mining
HIRECT.NS,HIND RECTIFIER LIMITED,Electrical Equipment & Parts
HISARMETAL.NS,HISAR METAL IND. LIMITED,Steel
HITECH.NS,HI-TECH PIPES LIMITED,Steel
HLEGLAS.NS,HLE GLASCOAT LIMITED,Specialty Industrial Machinery
HLVLTD.NS,HLV LIMITED,Lodging
HMAAGRO.NS,HMA AGRO INDUSTRIES LTD,Packaged Foods
HMVL.NS,HINDUSTAN MEDIA VENT LTD,Publishing
HNDFDS.NS,HINDUSTAN FOODS LIMITED,Conglomerates
HOMEFIRST.NS,HOME FIRST FIN CO IND LTD,Mortgage Finance
HONASA.NS,HONASA CONSUMER LIMITED,Household & Personal Products
HONAUT.NS,HONEYWELL AUTOMATION IND,Electrical Equipment & Parts
HONDAPOWER.NS,HONDA I POWER PRODUCT LTD,Specialty Industrial Machinery
HPAL.NS,HP ADHESIVES LIMITED,Specialty Chemicals
HPIL.NS,HINDPRAKASH INDUSTRY LTD,Specialty Chemicals
HPL.NS,HPL ELECTRIC & POWER LTD,Electrical Equipment & Parts
HSCL.NS,HIMADRI SPECIALITY CHEM L,Specialty Chemicals
HTMEDIA.NS,HT MEDIA LIMITED,Publishing
HUDCO.NS,HSG & URBAN DEV CORPN LTD,Credit Services
HUHTAMAKI.NS,HUHTAMAKI INDIA LIMITED,Packaging & Containers
HYUNDAI.NS,HYUNDAI MOTOR INDIA LTD,Auto Manufacturers
ICDSLTD.NS,ICDS LTD,Real Estate Services
ICEMAKE.NS,ICE MAKE REFRIGERAT LTD,Specialty Industrial Machinery
ICICIAMC.NS,ICICI PRUDENTIAL AMC LTD,Asset Management
ICICIBANK.NS,ICICI BANK LTD.,Banks - Regional
ICICIGI.NS,ICICI LOMBARD GIC LIMITED,Insurance - Diversified
ICICIPRULI.NS,ICICI PRU LIFE INS CO LTD,Insurance - Life
ICIL.NS,INDO COUNT INDUSTRIES LTD,Textile Manufacturing
ICRA.NS,ICRA LIMITED,Financial Data & Stock Exchanges
IDBI.NS,IDBI BANK LIMITED,Banks - Regional
IDEA.NS,VODAFONE IDEA LIMITED,Telecom Services
