signal_date,ticker,name,sector,signal_price,current_price,stock_ret_on_day,nifty_ret_on_day,delta_rs,dist_52w,return_since_signal,days_held,status
2026-05-18,GLAND.NS,Gland Pharma Limited,Pharma & Healthcare,2124.0,2219.2,13.69,-0.95,14.64,-0.6,4.48,144,CLOSED
2026-05-18,GESHIP.NS,The Great Eastern Shipping Company Limited,Infrastructure,1702.1,1787.0,10.97,-0.95,11.92,-1.0,4.99,144,CLOSED
2026-05-18,SCI.NS,The Shipping Corporation of India Limited,Infrastructure,344.55,346.45,3.97,-0.95,4.92,-6.6,0.55,144,CLOSED
2026-05-18,CARBORUNIV.NS,Carborundum Universal Limited,Capital Goods,1136.35,1092.0,3.08,-0.95,4.03,-2.6,-3.9,144,CLOSED
2026-05-18,UNOMINDA.NS,Uno Minda Limited,Auto,1147.9,1028.0,2.33,-0.95,3.28,-16.9,-10.45,144,CLOSED
2026-05-18,SOLARINDS.NS,Solar Industries India Limited,Chemicals,17642.0,18340.0,1.89,-0.95,2.85,-1.7,3.96,144,CLOSED
2026-05-18,IPCALAB.NS,Ipca Laboratories Limited,Pharma & Healthcare,1631.9,1643.0,1.68,-0.95,2.63,-1.4,0.68,144,CLOSED
2026-05-18,ARVIND.NS,Arvind Limited,Textiles,458.45,486.45,1.63,-0.95,2.58,-3.0,6.11,144,CLOSED
2026-05-18,OFSS.NS,Oracle Financial Services Software Limited,IT & Technology,9137.5,9749.5,1.36,-0.95,2.31,-5.0,6.7,144,CLOSED
2026-05-18,COALINDIA.NS,Coal India Limited,Oil & Gas,467.55,457.7,1.16,-0.95,2.11,-4.8,-2.11,144,CLOSED
2026-05-18,VIJAYA.NS,Vijaya Diagnostic Centre Limited,Pharma & Healthcare,1340.6,1285.7,0.86,-0.95,1.81,-2.8,-4.1,144,CLOSED
2026-05-18,ACUTAAS.NS,Acutaas Chemicals Limited,Chemicals,2753.0,2889.1,0.81,-0.95,1.76,-3.4,4.94,144,CLOSED
2026-05-18,SHILPAMED.NS,Shilpa Medicare Limited,Pharma & Healthcare,482.25,469.6,0.8,-0.95,1.76,-3.4,-2.62,144,CLOSED
2026-05-18,BSE.NS,BSE Limited,Financial Services,4029.0,4261.0,0.71,-0.95,1.66,-1.4,5.76,144,CLOSED
2026-05-18,INNOVACAP.NS,Innova Captab Limited,Pharma & Healthcare,864.1,891.85,0.68,-0.95,1.63,-15.1,3.21,144,CLOSED
2026-05-18,RATEGAIN.NS,RateGain Travel Technologies Limited,IT & Technology,629.5,649.5,0.66,-0.95,1.62,-15.1,3.18,144,CLOSED
2026-05-18,PREMIERENE.NS,PREMIERENE.NS,Capital Goods,987.8,994.4,0.63,-0.95,1.58,-15.0,0.67,144,CLOSED
2026-05-18,AJANTPHARM.NS,Ajanta Pharma Limited,Pharma & Healthcare,3196.0,3241.4,0.59,-0.95,1.54,-2.9,1.42,144,CLOSED
2026-05-18,BHARTIARTL.NS,Bharti Airtel Limited,Telecom,1915.5,1924.2,0.53,-0.95,1.48,-11.9,0.45,144,CLOSED
2026-05-18,LALPATHLAB.NS,Dr. Lal PathLabs Limited,Pharma & Healthcare,1611.2,1691.3,0.52,-0.95,1.47,-8.5,4.97,144,CLOSED
2026-05-18,TORNTPOWER.NS,Torrent Power Limited,Power & Utilities,1471.5,1523.5,0.38,-0.95,1.33,-19.3,3.53,144,CLOSED
2026-05-18,ONESOURCE.NS,ONESOURCE.NS,Pharma & Healthcare,1841.2,1845.9,0.35,-0.95,1.3,-18.1,0.26,144,CLOSED
2026-09-28,SUNFLAG.NS,Sunflag Iron and Steel Company Limited,Metals & Mining,449.2000122070313,439.8,9.39,-1.56,10.94,-0.6,-2.09,11,ACTIVE
2026-09-28,OPTIEMUS.NS,Optiemus Infracom Limited,Telecom,809.9500122070312,815.85,6.78,-1.56,8.33,-4.8,0.73,11,ACTIVE
2026-09-28,AEQUS.NS,Aequs Limited,Aerospace & Defense,260.1000061035156,273.5,5.71,-1.56,7.27,-5.2,5.15,11,ACTIVE
2026-09-28,DIVGIITTS.NS,Divgi TorqTransfer Systems Limited,Auto,1218.5999755859375,1016.3,5.54,-1.56,7.1,-8.1,-16.6,11,ACTIVE
2026-09-28,GANESHBE.NS,Ganesh Benzoplast Limited,Chemicals,137.32000732421875,106.31,4.95,-1.56,6.51,-0.0,-22.58,11,ACTIVE
2026-09-28,EMAMIPAP.NS,Emami Paper Mills Limited,Cement & Materials,117.4000015258789,115.49,4.94,-1.56,6.5,-9.8,-1.63,11,ACTIVE
2026-09-28,BLISSGVS.NS,Bliss GVS Pharma Limited,Pharma & Healthcare,737.6500244140625,655.95,4.68,-1.56,6.23,-0.3,-11.08,11,ACTIVE
2026-09-28,AEGISVOPAK.NS,Aegis Vopak Terminals Limited,Oil & Gas,298.54998779296875,284.8,3.84,-1.56,5.4,-7.0,-4.61,11,ACTIVE
2026-09-28,FILATEX.NS,Filatex India Limited,Textiles,110.75,109.06,3.56,-1.56,5.12,-1.1,-1.53,11,ACTIVE
2026-09-28,APOLLO.NS,Apollo Micro Systems Limited,Aerospace & Defense,408.2999877929688,388.35,3.21,-1.56,4.77,-12.4,-4.89,11,ACTIVE
2026-09-28,DIFFNKG.NS,Diffusion Engineers Limited,Capital Goods,444.1499938964844,428.25,3.18,-1.56,4.74,-14.6,-3.58,11,ACTIVE
2026-09-28,MRPL.NS,Mangalore Refinery and Petrochemicals Limited,Oil & Gas,169.8000030517578,172.13,3.16,-1.56,4.72,-19.9,1.37,11,ACTIVE
2026-09-28,BLUSPRING.NS,Bluspring Enterprises Limited,Capital Goods,149.44000244140625,146.96,2.98,-1.56,4.53,-1.6,-1.66,11,ACTIVE
2026-09-28,CRISIL.NS,CRISIL Limited,Financial Services,4650.60009765625,4423.8,2.89,-1.56,4.45,-7.1,-4.88,11,ACTIVE
2026-09-28,GLAXO.NS,GlaxoSmithKline Pharmaceuticals Limited,Pharma & Healthcare,2896.39990234375,2540.3,2.87,-1.56,4.42,-7.2,-12.29,11,ACTIVE
2026-09-28,MIDHANI.NS,Mishra Dhatu Nigam Limited,Aerospace & Defense,416.0,440.5,2.7,-1.56,4.26,-13.5,5.89,11,ACTIVE
2026-09-28,ADROITINFO.NS,Adroit Infotech Limited,IT & Technology,13.510000228881836,11.25,2.5,-1.56,4.06,-5.5,-16.73,11,ACTIVE
2026-09-28,MTARTECH.NS,MTAR Technologies Limited,Capital Goods,7072.5,7781.5,2.5,-1.56,4.06,-18.8,10.02,11,ACTIVE
2026-09-28,GEECEE.NS,GeeCee Ventures Limited,Real Estate,369.3500061035156,337.8,2.43,-1.56,3.98,-4.8,-8.54,11,ACTIVE
2026-09-28,GESHIP.NS,The Great Eastern Shipping Company Limited,Infrastructure,1533.4000244140625,1533.7,2.42,-1.56,3.97,-13.2,0.02,11,ACTIVE
2026-09-28,CHENNPETRO.NS,Chennai Petroleum Corporation Limited,Oil & Gas,1408.0999755859375,1487.7,2.3,-1.56,3.86,-16.1,5.65,11,ACTIVE
2026-09-28,ENDURANCE.NS,Endurance Technologies Limited,Auto,2700.39990234375,2407.5,2.06,-1.56,3.62,-12.1,-10.85,11,ACTIVE
2026-09-28,MAHLIFE.NS,Mahindra Lifespace Developers Limited,Real Estate,363.1000061035156,349.1,1.75,-1.56,3.31,-14.2,-3.86,11,ACTIVE
2026-09-28,DRREDDY.NS,Dr. Reddy's Laboratories Limited,Pharma & Healthcare,1221.0,1197.0,1.67,-1.56,3.22,-13.2,-1.97,11,ACTIVE
2026-09-28,SARDAEN.NS,Sarda Energy & Minerals Limited,Metals & Mining,501.2999877929688,481.15,1.65,-1.56,3.21,-19.4,-4.02,11,ACTIVE
2026-09-28,VARROC.NS,Varroc Engineering Limited,Auto,848.3499755859375,793.6,1.62,-1.56,3.17,-7.0,-6.45,11,ACTIVE
2026-09-28,EXCELINDUS.NS,Excel Industries Limited,Chemicals,942.7999877929688,923.6,1.5,-1.56,3.05,-18.1,-2.04,11,ACTIVE
2026-09-28,WELSPUNLIV.NS,Welspun Living Limited,Textiles,227.9499969482422,223.75,1.46,-1.56,3.01,-2.2,-1.84,11,ACTIVE
2026-09-28,AMBIKCO.NS,Ambika Cotton Mills Limited,Textiles,1568.0,1472.8,1.42,-1.56,2.97,-16.9,-6.07,11,ACTIVE
2026-09-28,TIMETECHNO.NS,Time Technoplast Limited,Capital Goods,183.44000244140625,176.35,1.23,-1.56,2.78,-18.7,-3.87,11,ACTIVE
2026-09-28,ABDL.NS,Allied Blenders and Distillers Limited,Consumer Goods,723.4500122070312,711.55,1.17,-1.56,2.73,-4.0,-1.64,11,ACTIVE
2026-09-28,PETRONET.NS,Petronet LNG Limited,Oil & Gas,289.8500061035156,291.5,1.17,-1.56,2.73,-10.2,0.57,11,ACTIVE
2026-09-28,SHILPAMED.NS,Shilpa Medicare Limited,Pharma & Healthcare,1025.25,1021.7,1.16,-1.56,2.72,-4.6,-0.35,11,ACTIVE
2026-09-28,JAMNAAUTO.NS,Jamna Auto Industries Limited,Auto,139.67999267578125,142.67,1.07,-1.56,2.63,-7.4,2.14,11,ACTIVE
2026-09-28,GOACARBON.NS,Goa Carbon Limited,Chemicals,405.75,401.8,0.98,-1.56,2.54,-18.0,-0.97,11,ACTIVE
2026-09-28,CPPLUS.NS,Aditya Infotech Limited,Cement & Materials,3723.39990234375,4185.2,0.97,-1.56,2.53,-9.1,12.4,11,ACTIVE
2026-09-28,VGUARD.NS,V-Guard Industries Limited,Consumer Durables,307.25,288.2,0.95,-1.56,2.51,-19.6,-6.2,11,ACTIVE
2026-09-28,ICICIAMC.NS,ICICI Prudential Asset Management Company Limited,Financial Services,3214.5,3030.3,0.94,-1.56,2.5,-10.6,-5.73,11,ACTIVE
2026-09-28,FEDERALBNK.NS,The Federal Bank Limited,Banking,325.0,330.0,0.93,-1.56,2.49,-12.3,1.54,11,ACTIVE
2026-09-28,ZYDUSLIFE.NS,Zydus Lifesciences Limited,Pharma & Healthcare,1215.0,1117.5,0.92,-1.56,2.48,-1.1,-8.02,11,ACTIVE
2026-09-28,ANANDRATHI.NS,Anand Rathi Wealth Limited,Financial Services,2146.199951171875,2038.7,0.91,-1.56,2.47,-5.4,-5.01,11,ACTIVE
2026-09-28,NAZARA.NS,Nazara Technologies Limited,Media,379.6499938964844,377.65,0.85,-1.56,2.41,-1.3,-0.53,11,ACTIVE
2026-09-28,VMART.NS,V-Mart Retail Limited,Retail,766.5,821.95,0.84,-1.56,2.4,-13.6,7.23,11,ACTIVE
2026-09-28,ASKAUTOLTD.NS,ASK Automotive Limited,Auto,650.3499755859375,588.15,0.81,-1.56,2.36,-5.4,-9.56,11,ACTIVE
2026-09-28,FINEORG.NS,Fine Organic Industries Limited,Chemicals,5124.0,5410.5,0.81,-1.56,2.36,-5.0,5.59,11,ACTIVE
2026-09-28,SYRMA.NS,Syrma SGS Technology Limited,Capital Goods,1746.4000244140625,1719.9,0.8,-1.56,2.35,-3.2,-1.52,11,ACTIVE
2026-09-28,CHOICEIN.NS,Choice International Limited,Financial Services,756.9000244140625,713.1,0.78,-1.56,2.34,-12.0,-5.79,11,ACTIVE
2026-09-28,HALEOSLABS.NS,Haleos Labs Limited,Pharma & Healthcare,1513.5,1563.7,0.78,-1.56,2.34,-14.6,3.32,11,ACTIVE
2026-09-28,HARSHA.NS,Harsha Engineers International Limited,Capital Goods,465.5499877929688,441.95,0.76,-1.56,2.31,-2.4,-5.07,11,ACTIVE
2026-09-28,ZYDUSWELL.NS,Zydus Wellness Limited,Consumer Goods,524.4000244140625,490.7,0.73,-1.56,2.29,-14.3,-6.43,11,ACTIVE
2026-09-28,AGARWALEYE.NS,Dr. Agarwal's Health Care Limited,Pharma & Healthcare,503.6000061035156,477.75,0.72,-1.56,2.28,-11.3,-5.13,11,ACTIVE
2026-09-28,INDGN.NS,Indegene Limited,IT & Technology,613.2999877929688,580.1,0.71,-1.56,2.27,-1.4,-5.41,11,ACTIVE
2026-09-28,CAPLIPOINT.NS,Caplin Point Laboratories Limited,Pharma & Healthcare,2854.0,2460.8,0.67,-1.56,2.22,-4.5,-13.78,11,ACTIVE
2026-09-28,IONEXCHANG.NS,Ion Exchange (India) Limited,Capital Goods,422.8999938964844,390.75,0.65,-1.56,2.21,-12.7,-7.6,11,ACTIVE
2026-09-28,HEROMOTOCO.NS,Hero MotoCorp Limited,Auto,5390.0,4895.5,0.56,-1.56,2.12,-12.7,-9.17,11,ACTIVE
2026-09-28,AARTIDRUGS.NS,Aarti Drugs Limited,Pharma & Healthcare,429.6499938964844,413.3,0.53,-1.56,2.08,-19.1,-3.81,11,ACTIVE
2026-09-28,EBGNG.NS,GNG Electronics Limited,IT & Technology,672.1500244140625,685.5,0.47,-1.56,2.03,-7.9,1.99,11,ACTIVE
2026-09-28,NEOGEN.NS,Neogen Chemicals Limited,Chemicals,2396.300048828125,2378.2,0.47,-1.56,2.02,-4.1,-0.76,11,ACTIVE
2026-09-28,CHEVIOT.NS,Cheviot Company Limited,Textiles,1187.9000244140625,1136.0,0.43,-1.56,1.99,-11.4,-4.37,11,ACTIVE
2026-09-28,SKYGOLD.NS,Sky Gold and Diamonds Limited,Consumer Durables,796.9500122070312,921.0,0.43,-1.56,1.99,-8.3,15.57,11,ACTIVE
2026-09-28,KRN.NS,KRN Heat Exchanger and Refrigeration Limited,Capital Goods,1387.4000244140625,1386.1,0.41,-1.56,1.96,-17.8,-0.09,11,ACTIVE
2026-09-28,BLACKBUCK.NS,BlackBuck Limited,IT & Technology,601.2000122070312,592.05,0.38,-1.56,1.93,-19.6,-1.52,11,ACTIVE
2026-09-28,ALEMBICLTD.NS,Alembic Limited,Real Estate,106.91000366210938,99.25,0.36,-1.56,1.91,-9.2,-7.16,11,ACTIVE
2026-09-28,GULFOILLUB.NS,Gulf Oil Lubricants India Limited,Chemicals,1110.5,1077.3,0.35,-1.56,1.91,-9.8,-2.99,11,ACTIVE
2026-09-28,ESAFSFB.NS,ESAF Small Finance Bank,Banking,43.0,41.4,0.33,-1.56,1.88,-4.4,-3.72,11,ACTIVE
2026-09-28,THELEELA.NS,Leela Palaces Hotels & Resorts Limited,Hospitality,547.9000244140625,587.5,0.32,-1.56,1.88,-6.0,7.23,11,ACTIVE
2026-09-28,PRIVISCL.NS,Privi Speciality Chemicals Limited,Chemicals,3605.300048828125,3424.1,0.31,-1.56,1.87,-4.5,-5.03,11,ACTIVE
2026-09-30,ALICON.NS,Alicon Castalloy Limited,Capital Goods,869.7999877929688,861.7,20.0,-0.42,20.42,-14.3,-0.93,9,ACTIVE
2026-09-30,SUNTV.NS,Sun TV Network Limited,Media,605.0,635.9,9.35,-0.42,9.78,-8.9,5.11,9,ACTIVE
2026-09-30,RITES.NS,RITES Limited,Infrastructure,209.0500030517578,198.66,8.7,-0.42,9.13,-17.2,-4.97,9,ACTIVE
2026-09-30,CUPID.NS,Cupid Limited,Consumer Goods,311.6499938964844,366.1,8.21,-0.42,8.63,-0.1,17.47,9,ACTIVE
2026-09-30,AXISCADES.NS,AXISCADES Technologies Limited,Infrastructure,2231.199951171875,2082.3,7.92,-0.42,8.34,-1.9,-6.67,9,ACTIVE
2026-09-30,THELEELA.NS,Leela Palaces Hotels & Resorts Limited,Hospitality,573.7999877929688,587.5,7.53,-0.42,7.96,-2.2,2.39,9,ACTIVE
2026-09-30,DPABHUSHAN.NS,D. P. Abhushan Limited,Consumer Durables,1788.800048828125,2363.8,7.38,-0.42,7.81,-1.5,32.14,9,ACTIVE
2026-09-30,EMIL.NS,Electronics Mart India Limited,Retail,205.3600006103516,191.17,7.12,-0.42,7.54,-1.7,-6.91,9,ACTIVE
2026-09-30,GREENPLY.NS,Greenply Industries Limited,Cement & Materials,299.95001220703125,306.7,7.03,-0.42,7.45,-10.2,2.25,9,ACTIVE
2026-09-30,ARIS.NS,Arisinfra Solutions Limited,Infrastructure,143.8800048828125,140.31,6.58,-0.42,7.0,-19.3,-2.48,9,ACTIVE
2026-09-30,BOROLTD.NS,Borosil Limited,Consumer Durables,293.3800048828125,270.2,6.22,-0.42,6.64,-19.3,-7.9,9,ACTIVE
2026-09-30,AEGISLOG.NS,Aegis Logistics Limited,Oil & Gas,1380.0999755859375,1388.9,6.18,-0.42,6.6,-9.7,0.64,9,ACTIVE
2026-09-30,ICIL.NS,Indo Count Industries Limited,Textiles,460.3999938964844,436.3,5.85,-0.42,6.27,-5.3,-5.23,9,ACTIVE
2026-09-30,SOLARINDS.NS,Solar Industries India Limited,Chemicals,19700.0,20000.0,5.63,-0.42,6.05,-13.2,1.52,9,ACTIVE
2026-09-30,AURUM.NS,Aurum PropTech Limited,Real Estate,232.3699951171875,232.77,5.47,-0.42,5.9,-12.2,0.17,9,ACTIVE
2026-09-30,DIAMONDYD.NS,Prataap Snacks Limited,Consumer Goods,1108.5,1049.4,5.46,-0.42,5.88,-10.9,-5.33,9,ACTIVE
2026-09-30,SYRMA.NS,Syrma SGS Technology Limited,Capital Goods,1782.9000244140625,1719.9,5.33,-0.42,5.76,-2.0,-3.53,9,ACTIVE
2026-09-30,CUB.NS,City Union Bank Limited,Banking,226.0500030517578,231.42,5.18,-0.42,5.61,-9.2,2.38,9,ACTIVE
2026-09-30,HFCL.NS,HFCL Limited,Telecom,227.0200042724609,260.4,5.0,-0.42,5.42,-11.5,14.7,9,ACTIVE
2026-09-30,MTARTECH.NS,MTAR Technologies Limited,Capital Goods,7797.0,7781.5,5.0,-0.42,5.42,-10.5,-0.2,9,ACTIVE
2026-09-30,STLTECH.NS,Sterlite Technologies Limited,Telecom,909.9000244140624,1015.2,5.0,-0.42,5.42,-0.2,11.57,9,ACTIVE
2026-09-30,TEXRAIL.NS,Texmaco Rail & Engineering Limited,Infrastructure,131.72999572753906,110.99,4.82,-0.42,5.24,-7.4,-15.74,9,ACTIVE
2026-09-30,PRESTIGE.NS,Prestige Estates Projects Limited,Real Estate,1481.9000244140625,1406.8,4.54,-0.42,4.96,-17.8,-5.07,9,ACTIVE
2026-09-30,MIDHANI.NS,Mishra Dhatu Nigam Limited,Aerospace & Defense,437.6499938964844,440.5,4.43,-0.42,4.85,-9.0,0.65,9,ACTIVE
2026-09-30,PVRINOX.NS,PVR INOX Limited,Media,1242.699951171875,1327.2,4.42,-0.42,4.84,-8.5,6.8,9,ACTIVE
2026-09-30,CARBORUNIV.NS,Carborundum Universal Limited,Diversified,1252.5,1202.6,4.33,-0.42,4.75,-8.5,-3.98,9,ACTIVE
2026-09-30,CYIENT.NS,Cyient Limited,Diversified,1100.699951171875,1158.8,4.3,-0.42,4.72,-9.7,5.28,9,ACTIVE
2026-09-30,DYNAMATECH.NS,Dynamatic Technologies Limited,Auto,13611.0,13321.0,4.18,-0.42,4.6,-0.3,-2.13,9,ACTIVE
2026-09-30,ABSLAMC.NS,Aditya Birla Sun Life AMC Limited,Financial Services,995.2999877929688,1004.05,4.12,-0.42,4.54,-16.7,0.88,9,ACTIVE
2026-09-30,GRINDWELL.NS,Grindwell Norton Limited,Cement & Materials,1994.0999755859373,1990.6,4.04,-0.42,4.46,-18.8,-0.18,9,ACTIVE
2026-09-30,SANSERA.NS,Sansera Engineering Limited,Auto,4537.5,4124.7,4.02,-0.42,4.44,-4.3,-9.1,9,ACTIVE
2026-09-30,ADANIPOWER.NS,Adani Power Limited,Power & Utilities,204.0,189.0,3.92,-0.42,4.34,-19.8,-7.35,9,ACTIVE
2026-09-30,POWERMECH.NS,Power Mech Projects Limited,Capital Goods,2490.5,2419.0,3.89,-0.42,4.31,-17.1,-2.87,9,ACTIVE
2026-09-30,GPPL.NS,Gujarat Pipavav Port Limited,Infrastructure,166.75,167.9,3.87,-0.42,4.29,-14.1,0.69,9,ACTIVE
2026-09-30,KSB.NS,KSB Limited,Capital Goods,856.0999755859375,784.55,3.79,-0.42,4.22,-16.3,-8.36,9,ACTIVE
2026-09-30,KAJARIACER.NS,Kajaria Ceramics Limited,Cement & Materials,1235.0999755859375,1215.4,3.75,-0.42,4.17,-3.4,-1.6,9,ACTIVE
2026-09-30,GILLANDERS.NS,Gillanders Arbuthnot and Company Limited,Consumer Goods,114.8000030517578,100.14,3.66,-0.42,4.08,-11.3,-12.77,9,ACTIVE
2026-09-30,EDELWEISS.NS,Edelweiss Financial Services Limited,Financial Services,142.72999572753906,127.89,3.6,-0.42,4.02,-2.2,-10.4,9,ACTIVE
2026-09-30,UJJIVANSFB.NS,Ujjivan Small Finance Bank Limited,Financial Services,67.5,61.45,3.43,-0.42,3.85,-8.7,-8.96,9,ACTIVE
2026-09-30,GALAPREC.NS,Gala Precision Engineering Limited,Capital Goods,1197.199951171875,1071.9,3.41,-0.42,3.83,-5.0,-10.47,9,ACTIVE
2026-09-30,GICRE.NS,General Insurance Corporation of India,Insurance,331.1499938964844,312.6,3.4,-0.42,3.83,-17.7,-5.6,9,ACTIVE
2026-09-30,ASKAUTOLTD.NS,ASK Automotive Limited,Auto,640.0999755859375,588.15,3.27,-0.42,3.69,-6.9,-8.12,9,ACTIVE
2026-09-30,LUMAXTECH.NS,Lumax Auto Technologies Limited,Consumer Durables,2076.699951171875,1827.4,3.23,-0.42,3.65,-5.2,-12.0,9,ACTIVE
2026-09-30,DEEPAKFERT.NS,Deepak Fertilisers And Petrochemicals Corporation Limited,Chemicals,1351.0,1392.6,3.22,-0.42,3.64,-19.1,3.08,9,ACTIVE
2026-09-30,DLF.NS,DLF Limited,Real Estate,674.0,648.6,3.22,-0.42,3.64,-13.2,-3.77,9,ACTIVE
2026-09-30,CAPITALSFB.NS,Capital Small Finance Bank Limited,Banking,288.6000061035156,269.2,3.2,-0.42,3.62,-9.3,-6.72,9,ACTIVE
2026-09-30,MAXESTATES.NS,Max Estates Limited,Real Estate,587.0999755859375,529.55,3.14,-0.42,3.56,-10.1,-9.8,9,ACTIVE
2026-09-30,ADROITINFO.NS,Adroit Infotech Limited,IT & Technology,14.670000076293944,11.25,3.09,-0.42,3.51,-7.4,-23.31,9,ACTIVE
2026-09-30,AKSHARCHEM.NS,AksharChem (India) Limited,Chemicals,388.1000061035156,372.1,3.07,-0.42,3.49,-17.7,-4.12,9,ACTIVE
2026-09-30,BOSCHLTD.NS,Bosch Limited,Auto,47100.0,43545.0,3.06,-0.42,3.48,-5.8,-7.55,9,ACTIVE
2026-09-30,VARROC.NS,Varroc Engineering Limited,Auto,862.9500122070312,793.6,3.05,-0.42,3.47,-5.4,-8.04,9,ACTIVE
2026-09-30,UNIONBANK.NS,Union Bank of India,Banking,171.0,173.06,3.01,-0.42,3.43,-14.3,1.2,9,ACTIVE
2026-09-30,MINDACORP.NS,Minda Corporation Limited,Auto,692.8499755859375,636.3,2.99,-0.42,3.41,-9.9,-8.16,9,ACTIVE
2026-09-30,MOTHERSON.NS,Samvardhana Motherson International Limited,Auto,163.25999450683594,153.0,2.96,-0.42,3.39,-5.8,-6.28,9,ACTIVE
2026-09-30,COMSYN.NS,Commercial Syn Bags Limited,Capital Goods,269.70001220703125,261.15,2.96,-0.42,3.38,-14.3,-3.17,9,ACTIVE
2026-09-30,UNIMECH.NS,Unimech Aerospace and Manufacturing Limited,Aerospace & Defense,1724.0,1734.8,2.93,-0.42,3.35,-7.7,0.63,9,ACTIVE
2026-09-30,GABRIEL.NS,Gabriel India Limited,Auto,1341.800048828125,1362.2,2.91,-0.42,3.33,-16.0,1.52,9,ACTIVE
2026-09-30,AEQUS.NS,Aequs Limited,Aerospace & Defense,279.4800109863281,273.5,2.89,-0.42,3.31,-2.3,-2.14,9,ACTIVE
2026-09-30,CREST.NS,Crest Ventures Limited,Financial Services,366.8500061035156,358.35,2.79,-0.42,3.21,-12.0,-2.32,9,ACTIVE
2026-09-30,EQUITASBNK.NS,Equitas Small Finance Bank Limited,Banking,68.93000030517578,66.02,2.77,-0.42,3.19,-17.8,-4.22,9,ACTIVE
2026-09-30,KOTAKBANK.NS,Kotak Mahindra Bank Limited,Banking,417.0,441.0,2.71,-0.42,3.13,-7.8,5.76,9,ACTIVE
2026-09-30,INDUSINDBK.NS,IndusInd Bank Limited,Banking,901.4000244140624,861.65,2.67,-0.42,3.09,-16.4,-4.41,9,ACTIVE
2026-09-30,SAREGAMA.NS,Saregama India Limited,Media,506.5499877929688,485.6,2.65,-0.42,3.08,-11.8,-4.14,9,ACTIVE
2026-09-30,HAL.NS,Hindustan Aeronautics Limited,Aerospace & Defense,4668.0,4655.6,2.61,-0.42,3.03,-9.4,-0.27,9,ACTIVE
2026-09-30,RATEGAIN.NS,RateGain Travel Technologies Limited,IT & Technology,851.5499877929688,853.65,2.6,-0.42,3.02,-18.9,0.25,9,ACTIVE
2026-09-30,LODHA.NS,Lodha Developers Limited,Real Estate,1135.0,1064.8,2.57,-0.42,2.99,-15.3,-6.19,9,ACTIVE
2026-09-30,IDFCFIRSTB.NS,IDFC First Bank Limited,Banking,81.44000244140625,79.52,2.49,-0.42,2.91,-9.1,-2.36,9,ACTIVE
2026-09-30,DICIND.NS,DIC India Limited,Chemicals,635.2999877929688,603.1,2.48,-0.42,2.9,-5.9,-5.07,9,ACTIVE
2026-09-30,ELGIEQUIP.NS,Elgi Equipments Limited,Capital Goods,608.8499755859375,583.15,2.35,-0.42,2.78,-6.8,-4.22,9,ACTIVE
2026-09-30,BLSE.NS,BLS E-Services Limited,Capital Goods,328.6000061035156,149.35,2.34,-0.42,2.76,-3.3,-54.55,9,ACTIVE
2026-09-30,DELTACORP.NS,Delta Corp Limited,Hospitality,80.51000213623047,81.31,2.31,-0.42,2.73,-8.4,0.99,9,ACTIVE
2026-09-30,INDIGO.NS,InterGlobe Aviation Limited,Infrastructure,4984.0,4833.0,2.3,-0.42,2.72,-16.5,-3.03,9,ACTIVE
2026-09-30,ICICIBANK.NS,ICICI Bank Limited,Banking,1321.699951171875,1355.0,2.28,-0.42,2.7,-9.9,2.52,9,ACTIVE
2026-09-30,PERSISTENT.NS,Persistent Systems Limited,IT & Technology,5279.0,5770.0,2.27,-0.42,2.69,-19.4,9.3,9,ACTIVE
2026-09-30,GARFIBRES.NS,Garware Technical Fibres Limited,Textiles,770.8499755859375,765.1,2.26,-0.42,2.68,-10.6,-0.75,9,ACTIVE
2026-09-30,GEEKAYWIRE.NS,Geekay Wires Limited,Capital Goods,31.190000534057617,32.14,2.26,-0.42,2.68,-14.2,3.05,9,ACTIVE
2026-09-30,TEGA.NS,Tega Industries Limited,Capital Goods,2106.699951171875,1935.0,2.24,-0.42,2.66,-4.2,-8.15,9,ACTIVE
2026-09-30,EXCELINDUS.NS,Excel Industries Limited,Chemicals,945.2000122070312,923.6,2.21,-0.42,2.63,-17.9,-2.29,9,ACTIVE
2026-09-30,JUBLINGREA.NS,Jubilant Ingrevia Limited,Chemicals,653.2000122070312,625.8,2.21,-0.42,2.63,-17.6,-4.19,9,ACTIVE
2026-09-30,MAHSEAMLES.NS,Maharashtra Seamless Limited,Metals & Mining,737.6500244140625,618.1,2.19,-0.42,2.61,-4.0,-16.21,9,ACTIVE
2026-09-30,ACE.NS,Action Construction Equipment Limited,Auto,1232.0,1176.9,2.17,-0.42,2.59,-2.8,-4.47,9,ACTIVE
2026-09-30,AYMSYNTEX.NS,AYM Syntex Limited,Textiles,292.1499938964844,272.65,2.17,-0.42,2.59,-11.5,-6.67,9,ACTIVE
2026-09-30,OFSS.NS,Oracle Financial Services Software Limited,IT & Technology,10630.0,10510.0,2.15,-0.42,2.57,-15.2,-1.13,9,ACTIVE
2026-09-30,MCX.NS,Multi Commodity Exchange of India Limited,Financial Services,3300.39990234375,3318.2,2.12,-0.42,2.54,-5.2,0.54,9,ACTIVE
2026-09-30,KARURVYSYA.NS,The Karur Vysya Bank Limited,Banking,324.79998779296875,339.9,2.09,-0.42,2.51,-9.4,4.65,9,ACTIVE
2026-09-30,NIVABUPA.NS,Niva Bupa Health Insurance Company Limited,Insurance,74.80999755859375,77.65,2.09,-0.42,2.51,-18.1,3.8,9,ACTIVE
2026-09-30,KPRMILL.NS,K.P.R. Mill Limited,Textiles,1103.300048828125,1053.8,2.02,-0.42,2.44,-17.1,-4.49,9,ACTIVE
2026-09-30,FOSECOIND.NS,Foseco India Limited,Chemicals,6462.5,6236.5,2.01,-0.42,2.43,-12.5,-3.5,9,ACTIVE
2026-09-30,INDHOTEL.NS,The Indian Hotels Company Limited,Hospitality,728.6500244140625,715.65,2.0,-0.42,2.42,-3.8,-1.78,9,ACTIVE
2026-09-30,PNBHOUSING.NS,PNB Housing Finance Limited,Financial Services,1120.0,1158.0,1.99,-0.42,2.41,-7.5,3.39,9,ACTIVE
2026-09-30,GANDHAR.NS,Gandhar Oil Refinery (India) Limited,Oil & Gas,278.8500061035156,296.55,1.94,-0.42,2.36,-7.2,6.35,9,ACTIVE
2026-09-30,ARMANFIN.NS,Arman Financial Services Limited,Financial Services,1744.199951171875,1694.2,1.92,-0.42,2.34,-19.2,-2.87,9,ACTIVE
2026-09-30,JSWINFRA.NS,JSW Infrastructure Limited,Infrastructure,356.6000061035156,338.75,1.89,-0.42,2.31,-5.0,-5.01,9,ACTIVE
2026-09-30,LALPATHLAB.NS,Dr. Lal PathLabs Limited,Pharma & Healthcare,1987.0,1933.6,1.88,-0.42,2.3,-2.5,-2.69,9,ACTIVE
2026-09-30,GKSL.NS,Gujarat Kidney And Super Speciality Limited,Pharma & Healthcare,179.0500030517578,184.09,1.8,-0.42,2.22,-4.2,2.81,9,ACTIVE
2026-09-30,AJANTPHARM.NS,Ajanta Pharma Limited,Pharma & Healthcare,3620.800048828125,3410.1,1.78,-0.42,2.2,-4.6,-5.82,9,ACTIVE
2026-09-30,BAJAJHLDNG.NS,Bajaj Holdings & Investment Limited,Financial Services,10788.0,10820.0,1.77,-0.42,2.2,-17.1,0.3,9,ACTIVE
2026-09-30,EBGNG.NS,GNG Electronics Limited,IT & Technology,686.75,685.5,1.77,-0.42,2.19,-5.9,-0.18,9,ACTIVE
2026-09-30,GULFOILLUB.NS,Gulf Oil Lubricants India Limited,Chemicals,1125.4000244140625,1077.3,1.77,-0.42,2.19,-8.6,-4.27,9,ACTIVE
2026-09-30,POLYMED.NS,Poly Medicure Limited,Pharma & Healthcare,1673.800048828125,1587.1,1.77,-0.42,2.19,-19.9,-5.18,9,ACTIVE
2026-09-30,SONACOMS.NS,Sona BLW Precision Forgings Limited,Auto,830.0,783.3,1.76,-0.42,2.18,-1.7,-5.63,9,ACTIVE
2026-09-30,GANESHHOU.NS,Ganesh Housing Limited,Real Estate,719.0,699.5,1.75,-0.42,2.17,-19.9,-2.71,9,ACTIVE
2026-09-30,ABB.NS,ABB India Limited,Capital Goods,6776.0,6780.0,1.73,-0.42,2.16,-13.5,0.06,9,ACTIVE
2026-09-30,EPL.NS,EPL Limited,Capital Goods,237.0,232.43,1.69,-0.42,2.12,-13.5,-1.93,9,ACTIVE
2026-09-30,AZAD.NS,Azad Engineering Limited,Capital Goods,2963.199951171875,2910.2,1.68,-0.42,2.1,-5.3,-1.79,9,ACTIVE
2026-09-30,ALIVUS.NS,Alivus Life Sciences Limited,Pharma & Healthcare,1379.300048828125,1326.3,1.66,-0.42,2.08,-7.3,-3.84,9,ACTIVE
2026-09-30,TIPSMUSIC.NS,Tips Music Limited,Media,657.8499755859375,636.35,1.65,-0.42,2.07,-11.2,-3.27,9,ACTIVE
2026-09-30,COFORGE.NS,Coforge Limited,IT & Technology,1749.0999755859375,1867.9,1.57,-0.42,2.0,-13.5,6.79,9,ACTIVE
2026-09-30,DATAPATTNS.NS,Data Patterns (India) Limited,Aerospace & Defense,4286.89990234375,4084.8,1.55,-0.42,1.97,-14.3,-4.71,9,ACTIVE
2026-09-30,INDUSTOWER.NS,Indus Towers Limited,Telecom,373.2000122070313,380.85,1.54,-0.42,1.96,-19.6,2.05,9,ACTIVE
2026-09-30,HSCL.NS,Himadri Speciality Chemical Limited,Chemicals,677.7999877929688,659.95,1.53,-0.42,1.95,-17.3,-2.63,9,ACTIVE
2026-09-30,ARCHIDPLY.NS,Archidply Industries Limited,Cement & Materials,103.5,99.75,1.49,-0.42,1.91,-17.1,-3.62,9,ACTIVE
2026-09-30,GMRAIRPORT.NS,GMR Airports Limited,Infrastructure,95.1500015258789,92.31,1.49,-0.42,1.91,-17.7,-2.98,9,ACTIVE
2026-09-30,KTKBANK.NS,The Karnataka Bank Limited,Banking,329.0,328.2,1.46,-0.42,1.89,-4.8,-0.24,9,ACTIVE
2026-09-30,AVL.NS,Aditya Vision Limited,Retail,594.3499755859375,581.05,1.46,-0.42,1.88,-15.5,-2.24,9,ACTIVE
2026-09-30,AGI.NS,AGI Greenpac Limited,Capital Goods,804.4000244140625,770.45,1.45,-0.42,1.87,-9.4,-4.22,9,ACTIVE
2026-09-30,GESHIP.NS,The Great Eastern Shipping Company Limited,Infrastructure,1560.0,1533.7,1.44,-0.42,1.87,-11.7,-1.69,9,ACTIVE
2026-09-30,FEDFINA.NS,Fedbank Financial Services Limited,Financial Services,150.9600067138672,146.39,1.41,-0.42,1.83,-15.4,-3.03,9,ACTIVE
2026-09-30,CEIGALL.NS,Ceigall India Limited,Infrastructure,382.75,369.0,1.38,-0.42,1.8,-5.5,-3.59,9,ACTIVE
2026-09-30,EXIDEIND.NS,Exide Industries Limited,Auto,412.6000061035156,394.4,1.38,-0.42,1.8,-16.9,-4.41,9,ACTIVE
2026-09-30,DMART.NS,Avenue Supermarts Limited,Retail,3801.39990234375,3516.8,1.37,-0.42,1.79,-18.1,-7.49,9,ACTIVE
2026-09-30,GALAXYSURF.NS,Galaxy Surfactants Limited,Chemicals,2332.800048828125,2502.2,1.37,-0.42,1.79,-11.9,7.26,9,ACTIVE
2026-09-30,EVEREADY.NS,Eveready Industries India Limited,Capital Goods,323.20001220703125,321.15,1.35,-0.42,1.77,-18.2,-0.63,9,ACTIVE
2026-09-30,INDIANB.NS,Indian Bank,Banking,805.9000244140625,829.8,1.34,-0.42,1.76,-17.8,2.97,9,ACTIVE
2026-09-30,LICI.NS,Life Insurance Corporation of India,Insurance,395.2000122070313,394.25,1.33,-0.42,1.75,-13.7,-0.24,9,ACTIVE
2026-09-30,ZYDUSWELL.NS,Zydus Wellness Limited,Consumer Goods,512.7999877929688,490.7,1.32,-0.42,1.75,-16.2,-4.31,9,ACTIVE
2026-09-30,CCL.NS,CCL Products (India) Limited,Consumer Goods,1019.5,1051.5,1.32,-0.42,1.74,-17.7,3.14,9,ACTIVE
2026-09-30,BEML.NS,BEML Limited,Diversified,1992.4000244140625,1894.7,1.31,-0.42,1.73,-11.7,-4.9,9,ACTIVE
2026-09-30,COSMOFIRST.NS,Cosmo First Limited,Capital Goods,845.5999755859375,813.05,1.29,-0.42,1.72,-15.1,-3.85,9,ACTIVE
2026-09-30,ASAHISONG.NS,Asahi Songwon Colors Limited,Chemicals,389.1499938964844,365.05,1.29,-0.42,1.71,-5.6,-6.19,9,ACTIVE
2026-09-30,CARRARO.NS,Carraro India Limited,Auto,527.5,508.5,1.29,-0.42,1.71,-20.0,-3.6,9,ACTIVE
2026-09-30,ATHERENERG.NS,Ather Energy Limited,Auto,1425.0,1434.4,1.28,-0.42,1.7,-18.3,0.66,9,ACTIVE
2026-09-30,AARTIIND.NS,Aarti Industries Limited,Chemicals,475.7000122070313,460.15,1.23,-0.42,1.66,-13.6,-3.27,9,ACTIVE
2026-09-30,JSL.NS,Jindal Stainless Limited,Metals & Mining,747.4000244140625,709.05,1.23,-0.42,1.65,-15.0,-5.13,9,ACTIVE
2026-09-30,ARIES.NS,Aries Agro Limited,Chemicals,480.5499877929688,482.75,1.21,-0.42,1.63,-7.9,0.46,9,ACTIVE
2026-09-30,ARFIN.NS,Arfin India Limited,Metals & Mining,89.19000244140625,105.14,1.17,-0.42,1.59,-15.9,17.88,9,ACTIVE
2026-09-30,PNB.NS,Punjab National Bank,Banking,113.05999755859376,116.98,1.17,-0.42,1.59,-13.9,3.47,9,ACTIVE
2026-09-30,ULTRACEMCO.NS,UltraTech Cement Limited,Cement & Materials,10956.0,10675.0,1.17,-0.42,1.59,-14.7,-2.56,9,ACTIVE
2026-09-30,YESBANK.NS,Yes Bank Limited,Banking,20.950000762939453,20.5,1.16,-0.42,1.58,-18.7,-2.15,9,ACTIVE
2026-09-30,AXISBANK.NS,Axis Bank Limited,Banking,1226.0,1259.1,1.15,-0.42,1.57,-13.5,2.7,9,ACTIVE
2026-09-30,NAZARA.NS,Nazara Technologies Limited,Media,392.8500061035156,377.65,1.15,-0.42,1.57,-2.2,-3.87,9,ACTIVE
2026-09-30,SHRIRAMFIN.NS,Shriram Finance Limited,Financial Services,982.7000122070312,940.45,1.15,-0.42,1.57,-14.8,-4.3,9,ACTIVE
2026-09-30,KPIL.NS,Kalpataru Projects International Limited,Infrastructure,1380.5999755859375,1391.9,1.14,-0.42,1.56,-6.0,0.82,9,ACTIVE
2026-09-30,HARSHA.NS,Harsha Engineers International Limited,Capital Goods,470.2999877929688,441.95,1.13,-0.42,1.55,-1.4,-6.03,9,ACTIVE
2026-09-30,SAIL.NS,Steel Authority of India Limited,Metals & Mining,181.4900054931641,171.55,1.13,-0.42,1.55,-12.3,-5.48,9,ACTIVE
2026-09-30,INDIGOPNTS.NS,Indigo Paints Limited,Chemicals,1091.0,1022.7,1.12,-0.42,1.54,-18.6,-6.26,9,ACTIVE
2026-09-30,TDPOWERSYS.NS,TD Power Systems Limited,Capital Goods,786.0499877929688,793.75,1.12,-0.42,1.54,-3.9,0.98,9,ACTIVE
2026-09-30,CONFIPET.NS,Confidence Petroleum India Limited,Oil & Gas,88.12999725341797,83.67,1.08,-0.42,1.5,-5.3,-5.06,9,ACTIVE
2026-09-30,FINCABLES.NS,Finolex Cables Limited,Capital Goods,1450.300048828125,1388.7,1.03,-0.42,1.45,-3.2,-4.25,9,ACTIVE
2026-09-30,HEXATRADEX.NS,Hexa Tradex Limited,Financial Services,156.85000610351562,157.02,1.0,-0.42,1.42,-14.0,0.11,9,ACTIVE
2026-09-30,HOMEFIRST.NS,Home First Finance Company India Limited,Financial Services,1104.800048828125,1076.6,0.95,-0.42,1.37,-15.8,-2.55,9,ACTIVE
2026-09-30,WELSPUNLIV.NS,Welspun Living Limited,Textiles,227.3300018310547,223.75,0.94,-0.42,1.36,-2.4,-1.57,9,ACTIVE
2026-09-30,ANANDRATHI.NS,Anand Rathi Wealth Limited,Financial Services,2120.0,2038.7,0.92,-0.42,1.35,-6.5,-3.83,9,ACTIVE
2026-09-30,CENTENKA.NS,Century Enka Limited,Textiles,554.5999755859375,559.2,0.93,-0.42,1.35,-15.9,0.83,9,ACTIVE
2026-09-30,GATEWAY.NS,Gateway Distriparks Limited,Infrastructure,52.040000915527344,51.01,0.91,-0.42,1.33,-16.6,-1.98,9,ACTIVE
2026-09-30,HALEOSLABS.NS,Haleos Labs Limited,Pharma & Healthcare,1501.4000244140625,1563.7,0.91,-0.42,1.33,-15.3,4.15,9,ACTIVE
2026-09-30,CONCOR.NS,Container Corporation of India Limited,Infrastructure,447.5,442.0,0.9,-0.42,1.32,-18.3,-1.23,9,ACTIVE
2026-09-30,FAIRCHEMOR.NS,Fairchem Organics Limited,Chemicals,680.75,748.7,0.9,-0.42,1.32,-19.6,9.98,9,ACTIVE
2026-09-30,TECHM.NS,Tech Mahindra Limited,IT & Technology,1524.0,1514.1,0.89,-0.42,1.32,-15.7,-0.65,9,ACTIVE
2026-09-30,AIIL.NS,Authum Investment & Infrastructure Limited,Financial Services,546.5999755859375,549.7,0.89,-0.42,1.31,-20.0,0.57,9,ACTIVE
2026-09-30,AEGISVOPAK.NS,Aegis Vopak Terminals Limited,Oil & Gas,296.79998779296875,284.8,0.87,-0.42,1.29,-7.5,-4.04,9,ACTIVE
2026-09-30,PNGJL.NS,P N Gadgil Jewellers Limited,Consumer Durables,590.1500244140625,599.95,0.87,-0.42,1.29,-19.9,1.66,9,ACTIVE
2026-09-30,3MINDIA.NS,3M India Limited,Diversified,32160.0,30170.0,0.85,-0.42,1.27,-14.2,-6.19,9,ACTIVE
2026-09-30,20MICRONS.NS,20 Microns Limited,Metals & Mining,214.58999633789065,196.12,0.84,-0.42,1.26,-9.1,-8.61,9,ACTIVE
2026-09-30,EMAMIPAP.NS,Emami Paper Mills Limited,Cement & Materials,119.55999755859376,115.49,0.79,-0.42,1.21,-8.1,-3.4,9,ACTIVE
2026-09-30,GNA.NS,G N A Axles Limited,Auto,598.3499755859375,554.55,0.77,-0.42,1.2,-7.7,-7.32,9,ACTIVE
2026-09-30,CPPLUS.NS,Aditya Infotech Limited,Cement & Materials,3846.5,4185.2,0.76,-0.42,1.18,-6.0,8.81,9,ACTIVE
2026-09-30,CAMS.NS,Computer Age Management Services Limited,IT & Technology,671.0,672.5,0.75,-0.42,1.17,-19.9,0.22,9,ACTIVE
2026-09-30,SHAILY.NS,Shaily Engineering Plastics Limited,Capital Goods,3063.0,3063.4,0.73,-0.42,1.15,-15.2,0.01,9,ACTIVE
2026-09-30,MGL.NS,Mahanagar Gas Limited,Oil & Gas,1058.0,1042.8,0.71,-0.42,1.14,-18.6,-1.44,9,ACTIVE
2026-09-30,ABCAPITAL.NS,Aditya Birla Capital Limited,Financial Services,380.6000061035156,380.7,0.69,-0.42,1.11,-11.6,0.03,9,ACTIVE
2026-09-30,UNOMINDA.NS,Uno Minda Limited,Auto,1170.0,1108.0,0.69,-0.42,1.11,-15.2,-5.3,9,ACTIVE
2026-09-30,CLSEL.NS,Chaman Lal Setia Exports Ltd.,Consumer Goods,284.1499938964844,287.4,0.67,-0.42,1.09,-11.6,1.14,9,ACTIVE
2026-09-30,NEOGEN.NS,Neogen Chemicals Limited,Chemicals,2451.60009765625,2378.2,0.67,-0.42,1.09,-1.9,-2.99,9,ACTIVE
2026-09-30,HEROMOTOCO.NS,Hero MotoCorp Limited,Auto,5241.0,4895.5,0.63,-0.42,1.06,-15.1,-6.59,9,ACTIVE
2026-09-30,CHEVIOT.NS,Cheviot Company Limited,Textiles,1183.199951171875,1136.0,0.61,-0.42,1.03,-11.8,-3.99,9,ACTIVE
2026-09-30,DIACABS.NS,Diamond Power Infrastructure Limited,Capital Goods,354.20001220703125,380.95,0.61,-0.42,1.03,-12.3,7.55,9,ACTIVE
2026-09-30,ALGOQUANT.NS,Algoquant Fintech Limited,Financial Services,66.02999877929688,67.25,0.59,-0.42,1.02,-13.3,1.85,9,ACTIVE
2026-09-30,JKPAPER.NS,JK Paper Limited,Cement & Materials,393.7000122070313,365.5,0.6,-0.42,1.02,-10.9,-7.16,9,ACTIVE
2026-09-30,BAJAJ-AUTO.NS,Bajaj Auto Limited,Auto,10874.0,9778.0,0.58,-0.42,1.0,-12.8,-10.08,9,ACTIVE
2026-09-30,DCBBANK.NS,DCB Bank Limited,Banking,203.5399932861328,203.79,0.58,-0.42,1.0,-13.3,0.12,9,ACTIVE
2026-09-30,PETRONET.NS,Petronet LNG Limited,Oil & Gas,284.5,291.5,0.55,-0.42,0.97,-11.8,2.46,9,ACTIVE
2026-09-30,SUDARSCHEM.NS,Sudarshan Chemical Industries Limited,Chemicals,1203.9000244140625,1166.8,0.55,-0.42,0.97,-11.1,-3.08,9,ACTIVE
2026-09-30,AARTIDRUGS.NS,Aarti Drugs Limited,Pharma & Healthcare,430.8999938964844,413.3,0.54,-0.42,0.96,-18.9,-4.08,9,ACTIVE
2026-09-30,CHALET.NS,Chalet Hotels Limited,Hospitality,845.2000122070312,820.9,0.53,-0.42,0.95,-14.7,-2.88,9,ACTIVE
2026-09-30,BHEL.NS,Bharat Heavy Electricals Limited,Capital Goods,415.5,433.6,0.52,-0.42,0.94,-6.9,4.36,9,ACTIVE
2026-09-30,AUBANK.NS,AU Small Finance Bank Limited,Banking,1010.2999877929688,982.0,0.51,-0.42,0.93,-11.7,-2.8,9,ACTIVE
2026-09-30,ANDHRAPAP.NS,Andhra Paper Limited,Cement & Materials,72.68000030517578,67.21,0.5,-0.42,0.92,-15.7,-7.53,9,ACTIVE
2026-09-30,HESTERBIO.NS,Hester Biosciences Limited,Pharma & Healthcare,2175.800048828125,2058.7,0.5,-0.42,0.92,-18.9,-5.38,9,ACTIVE
2026-09-30,LXCHEM.NS,Laxmi Organic Industries Limited,Chemicals,177.36000061035156,180.34,0.49,-0.42,0.91,-18.1,1.68,9,ACTIVE
2026-09-30,AARVI.NS,Aarvi Encon Limited,Capital Goods,136.8300018310547,138.54,0.46,-0.42,0.88,-17.7,1.25,9,ACTIVE
2026-09-30,JINDALSTEL.NS,Jindal Steel Limited,Metals & Mining,1134.9000244140625,1016.7,0.43,-0.42,0.86,-13.0,-10.42,9,ACTIVE
2026-09-30,EMMVEE.NS,Emmvee Photovoltaic Power Limited,Power & Utilities,315.8999938964844,300.05,0.43,-0.42,0.85,-14.7,-5.02,9,ACTIVE
2026-09-30,SIEMENS.NS,Siemens Limited,Capital Goods,3725.60009765625,3595.0,0.42,-0.42,0.84,-10.2,-3.51,9,ACTIVE
2026-09-30,AUTOAXLES.NS,Automotive Axles Limited,Auto,1706.5,1600.1,0.41,-0.42,0.83,-17.9,-6.23,9,ACTIVE
2026-09-30,REDINGTON.NS,Redington Limited,Capital Goods,407.0,380.0,0.38,-0.42,0.8,-3.0,-6.63,9,ACTIVE
2026-09-30,TVSMOTOR.NS,TVS Motor Company Limited,Auto,4106.0,3866.8,0.36,-0.42,0.79,-8.4,-5.83,9,ACTIVE
2026-09-30,CASTROLIND.NS,Castrol India Limited,Oil & Gas,200.5200042724609,194.67,0.35,-0.42,0.77,-1.4,-2.92,9,ACTIVE
2026-09-30,ABDL.NS,Allied Blenders and Distillers Limited,Consumer Goods,718.9000244140625,711.55,0.33,-0.42,0.76,-4.6,-1.02,9,ACTIVE
2026-09-30,RBLBANK.NS,RBL Bank Limited,Banking,403.3500061035156,418.0,0.34,-0.42,0.76,-6.1,3.63,9,ACTIVE
2026-09-30,BEPL.NS,Bhansali Engineering Polymers Limited,Chemicals,124.4000015258789,124.89,0.32,-0.42,0.74,-9.4,0.39,9,ACTIVE
2026-09-30,IIFLCAPS.NS,IIFL Capital Services Limited,Financial Services,346.0,343.75,0.3,-0.42,0.73,-15.1,-0.65,9,ACTIVE
2026-09-30,PHOENIXLTD.NS,The Phoenix Mills Limited,Real Estate,1935.0,1813.1,0.31,-0.42,0.73,-10.7,-6.3,9,ACTIVE
2026-10-01,GKSL.NS,Gujarat Kidney And Super Speciality Limited,Pharma & Healthcare,194.2700042724609,184.09,8.5,-0.88,9.38,-7.4,-5.24,8,ACTIVE
2026-10-01,DIFFNKG.NS,Diffusion Engineers Limited,Capital Goods,464.3999938964844,428.25,5.85,-0.88,6.72,-10.7,-7.78,8,ACTIVE
2026-10-01,INOXINDIA.NS,INOX India Limited,Capital Goods,2168.300048828125,2056.9,5.64,-0.88,6.52,-7.3,-5.14,8,ACTIVE
2026-10-01,WELSPUNLIV.NS,Welspun Living Limited,Textiles,239.1699981689453,223.75,5.21,-0.88,6.09,-2.3,-6.45,8,ACTIVE
2026-10-01,HFCL.NS,HFCL Limited,Telecom,238.3600006103516,260.4,5.0,-0.88,5.87,-7.1,9.25,8,ACTIVE
2026-10-01,BOSCH-HCIL.NS,Bosch Home Comfort India Limited,Consumer Durables,1967.199951171875,1980.2,4.82,-0.88,5.7,-0.9,0.66,8,ACTIVE
2026-10-01,DPABHUSHAN.NS,D. P. Abhushan Limited,Consumer Durables,1874.0,2363.8,4.76,-0.88,5.64,-2.6,26.14,8,ACTIVE
2026-10-01,AYE.NS,Aye Finance Limited,Financial Services,163.2899932861328,156.94,4.75,-0.88,5.62,-17.2,-3.89,8,ACTIVE
2026-10-01,OPTIEMUS.NS,Optiemus Infracom Limited,Telecom,803.7000122070312,815.85,4.68,-0.88,5.56,-5.5,1.51,8,ACTIVE
2026-10-01,COFORGE.NS,Coforge Limited,IT & Technology,1826.0,1867.9,4.4,-0.88,5.27,-9.7,2.29,8,ACTIVE
2026-10-01,BLUSPRING.NS,Bluspring Enterprises Limited,Capital Goods,147.82000732421875,146.96,4.29,-0.88,5.17,-3.1,-0.58,8,ACTIVE
2026-10-01,ENRIN.NS,Siemens Energy India Limited,Power & Utilities,3334.0,3101.0,4.19,-0.88,5.07,-16.0,-6.99,8,ACTIVE
2026-10-01,DTIL.NS,Dhunseri Tea & Industries Limited,Consumer Goods,158.57000732421875,152.12,4.18,-0.88,5.06,-18.2,-4.07,8,ACTIVE
2026-10-01,ISGEC.NS,Isgec Heavy Engineering Limited,Capital Goods,919.7000122070312,909.7,4.14,-0.88,5.02,-16.8,-1.09,8,ACTIVE
2026-10-01,CCL.NS,CCL Products (India) Limited,Consumer Goods,1056.5999755859375,1051.5,3.64,-0.88,4.52,-14.7,-0.48,8,ACTIVE
2026-10-01,AXISCADES.NS,AXISCADES Technologies Limited,Infrastructure,2307.300048828125,2082.3,3.41,-0.88,4.29,-1.8,-9.75,8,ACTIVE
2026-10-01,SUDARSCHEM.NS,Sudarshan Chemical Industries Limited,Chemicals,1241.5,1166.8,3.12,-0.88,4.0,-8.3,-6.02,8,ACTIVE
2026-10-01,ADFFOODS.NS,ADF Foods Limited,Consumer Goods,281.3999938964844,289.7,3.04,-0.88,3.92,-18.7,2.95,8,ACTIVE
2026-10-01,NUVAMA.NS,Nuvama Wealth Management Limited,Financial Services,1701.4000244140625,1764.4,2.96,-0.88,3.84,-17.6,3.7,8,ACTIVE
2026-10-01,CGPOWER.NS,CG Power and Industrial Solutions Limited,Capital Goods,879.0,855.55,2.9,-0.88,3.78,-10.4,-2.67,8,ACTIVE
2026-10-01,UNIMECH.NS,Unimech Aerospace and Manufacturing Limited,Aerospace & Defense,1773.0,1734.8,2.84,-0.88,3.72,-5.1,-2.15,8,ACTIVE
2026-10-01,GRAPHITE.NS,Graphite India Limited,Capital Goods,786.1500244140625,806.6,2.79,-0.88,3.67,-10.1,2.6,8,ACTIVE
2026-10-01,EBGNG.NS,GNG Electronics Limited,IT & Technology,704.7000122070312,685.5,2.61,-0.88,3.49,-3.5,-2.72,8,ACTIVE
2026-10-01,GANDHITUBE.NS,Gandhi Special Tubes Limited,Capital Goods,975.5499877929688,948.65,2.52,-0.88,3.4,-6.8,-2.76,8,ACTIVE
2026-10-01,LXCHEM.NS,Laxmi Organic Industries Limited,Chemicals,181.38999938964844,180.34,2.27,-0.88,3.15,-16.2,-0.58,8,ACTIVE
2026-10-01,ALGOQUANT.NS,Algoquant Fintech Limited,Financial Services,67.51000213623047,67.25,2.24,-0.88,3.12,-11.4,-0.39,8,ACTIVE
2026-10-01,POWERINDIA.NS,Hitachi Energy India Limited,Capital Goods,31290.0,30605.0,2.15,-0.88,3.03,-19.3,-2.19,8,ACTIVE
2026-10-01,CUMMINSIND.NS,Cummins India Limited,Capital Goods,4860.0,4830.0,2.1,-0.88,2.98,-19.7,-0.62,8,ACTIVE
2026-10-01,SIEMENS.NS,Siemens Limited,Capital Goods,3804.0,3595.0,2.1,-0.88,2.98,-8.3,-5.49,8,ACTIVE
2026-10-01,RBLBANK.NS,RBL Bank Limited,Banking,411.3999938964844,418.0,2.0,-0.88,2.87,-4.2,1.6,8,ACTIVE
2026-10-01,GALAXYSURF.NS,Galaxy Surfactants Limited,Chemicals,2376.89990234375,2502.2,1.89,-0.88,2.77,-10.2,5.27,8,ACTIVE
2026-10-01,HOMEFIRST.NS,Home First Finance Company India Limited,Financial Services,1125.699951171875,1076.6,1.89,-0.88,2.77,-14.2,-4.36,8,ACTIVE
2026-10-01,SKIPPER.NS,Skipper Limited,Capital Goods,541.2000122070312,530.25,1.89,-0.88,2.77,-12.3,-2.02,8,ACTIVE
2026-10-01,ABB.NS,ABB India Limited,Capital Goods,6900.0,6780.0,1.83,-0.88,2.71,-11.9,-1.74,8,ACTIVE
2026-10-01,CUB.NS,City Union Bank Limited,Banking,230.0399932861328,231.42,1.77,-0.88,2.64,-7.6,0.6,8,ACTIVE
2026-10-01,HATSUN.NS,Hatsun Agro Product Limited,Consumer Goods,1118.0999755859375,1121.8,1.74,-0.88,2.62,-17.2,0.33,8,ACTIVE
2026-10-01,PERSISTENT.NS,Persistent Systems Limited,IT & Technology,5367.0,5770.0,1.67,-0.88,2.54,-18.1,7.51,8,ACTIVE
2026-10-01,IKS.NS,Inventurus Knowledge Solutions Limited,IT & Technology,1776.4000244140625,1716.6,1.65,-0.88,2.53,-9.8,-3.37,8,ACTIVE
2026-10-01,SHILPAMED.NS,Shilpa Medicare Limited,Pharma & Healthcare,1064.0999755859375,1021.7,1.61,-0.88,2.49,-2.8,-3.98,8,ACTIVE
2026-10-01,AARTIPHARM.NS,Aarti Pharmalabs Limited,Pharma & Healthcare,968.5,855.5,1.55,-0.88,2.42,-3.4,-11.67,8,ACTIVE
2026-10-01,NYKAA.NS,FSN E-Commerce Ventures Limited,Retail,324.95001220703125,343.0,1.55,-0.88,2.42,-7.0,5.55,8,ACTIVE
2026-10-01,AEGISLOG.NS,Aegis Logistics Limited,Oil & Gas,1401.0999755859375,1388.9,1.52,-0.88,2.4,-8.3,-0.87,8,ACTIVE
2026-10-01,APARINDS.NS,APAR Industries Limited,Capital Goods,17648.0,17984.0,1.52,-0.88,2.4,-8.4,1.9,8,ACTIVE
2026-10-01,AGARWALEYE.NS,Dr. Agarwal's Health Care Limited,Pharma & Healthcare,486.4500122070313,477.75,1.49,-0.88,2.37,-14.4,-1.79,8,ACTIVE
2026-10-01,BUILDPRO.NS,Shankara Buildpro Limited,Retail,1249.199951171875,246.5,1.48,-0.88,2.36,-9.5,-80.27,8,ACTIVE
2026-10-01,MANORAMA.NS,Manorama Industries Limited,Consumer Goods,1880.300048828125,2043.4,1.48,-0.88,2.36,-12.5,8.67,8,ACTIVE
2026-10-01,SBILIFE.NS,SBI Life Insurance Company Limited,Insurance,1721.5999755859375,1684.6,1.49,-0.88,2.36,-19.1,-2.15,8,ACTIVE
2026-10-01,MAHABANK.NS,Bank of Maharashtra,Banking,80.5,83.16,1.42,-0.88,2.3,-14.8,3.3,8,ACTIVE
2026-10-01,GANDHAR.NS,Gandhar Oil Refinery (India) Limited,Oil & Gas,282.6000061035156,296.55,1.34,-0.88,2.22,-5.9,4.94,8,ACTIVE
2026-10-01,GODREJAGRO.NS,Godrej Agrovet Limited,Consumer Goods,631.9000244140625,628.45,1.34,-0.88,2.22,-9.5,-0.55,8,ACTIVE
2026-10-01,BHEL.NS,Bharat Heavy Electricals Limited,Capital Goods,421.0,433.6,1.32,-0.88,2.2,-5.7,2.99,8,ACTIVE
2026-10-01,DHARMAJ.NS,Dharmaj Crop Guard Limited,Chemicals,267.6499938964844,259.45,1.25,-0.88,2.13,-17.7,-3.06,8,ACTIVE
2026-10-01,GREENPLY.NS,Greenply Industries Limited,Cement & Materials,303.70001220703125,306.7,1.25,-0.88,2.13,-9.0,0.99,8,ACTIVE
2026-10-01,MANKIND.NS,Mankind Pharma Limited,Pharma & Healthcare,2535.0,2368.5,1.25,-0.88,2.12,-4.0,-6.57,8,ACTIVE
2026-10-01,ARMANFIN.NS,Arman Financial Services Limited,Financial Services,1764.4000244140625,1694.2,1.16,-0.88,2.04,-18.3,-3.98,8,ACTIVE
2026-10-01,ALKEM.NS,Alkem Laboratories Limited,Pharma & Healthcare,5220.0,5279.0,1.09,-0.88,1.97,-11.2,1.13,8,ACTIVE
2026-10-01,SAILIFE.NS,Sai Life Sciences Limited,Pharma & Healthcare,1541.199951171875,1487.9,1.1,-0.88,1.97,-9.2,-3.46,8,ACTIVE
2026-10-01,DYNAMATECH.NS,Dynamatic Technologies Limited,Auto,13756.0,13321.0,1.07,-0.88,1.94,-1.7,-3.16,8,ACTIVE
2026-10-01,MARKSANS.NS,Marksans Pharma Limited,Pharma & Healthcare,325.6000061035156,309.1,1.02,-0.88,1.9,-7.2,-5.07,8,ACTIVE
2026-10-01,ENGINERSIN.NS,Engineers India Limited,Infrastructure,312.75,293.1,1.02,-0.88,1.89,-2.7,-6.28,8,ACTIVE
2026-10-01,360ONE.NS,360 One Wam Limited,Financial Services,1040.0,1048.0,0.97,-0.88,1.85,-15.4,0.77,8,ACTIVE
2026-10-01,CAMS.NS,Computer Age Management Services Limited,IT & Technology,677.25,672.5,0.93,-0.88,1.81,-19.2,-0.7,8,ACTIVE
2026-10-01,LALPATHLAB.NS,Dr. Lal PathLabs Limited,Pharma & Healthcare,2005.0999755859373,1933.6,0.91,-0.88,1.79,-1.6,-3.57,8,ACTIVE
2026-10-01,HARSHA.NS,Harsha Engineers International Limited,Capital Goods,474.5,441.95,0.89,-0.88,1.77,-2.1,-6.86,8,ACTIVE
2026-10-01,CARYSIL.NS,Carysil Limited,Consumer Durables,1044.800048828125,1021.3,0.84,-0.88,1.72,-18.2,-2.25,8,ACTIVE
2026-10-01,IPCALAB.NS,Ipca Laboratories Limited,Pharma & Healthcare,1943.199951171875,1915.4,0.84,-0.88,1.72,-4.7,-1.43,8,ACTIVE
2026-10-01,INDUSTOWER.NS,Indus Towers Limited,Telecom,376.25,380.85,0.82,-0.88,1.69,-18.9,1.22,8,ACTIVE
2026-10-01,TDPOWERSYS.NS,TD Power Systems Limited,Capital Goods,792.1500244140625,793.75,0.78,-0.88,1.65,-3.1,0.2,8,ACTIVE
2026-10-01,PAGEIND.NS,Page Industries Limited,Textiles,36660.0,36875.0,0.76,-0.88,1.63,-15.9,0.59,8,ACTIVE
2026-10-01,CGCL.NS,Capri Global Capital Limited,Financial Services,249.22999572753903,241.82,0.72,-0.88,1.6,-13.3,-2.97,8,ACTIVE
2026-10-01,NEULANDLAB.NS,Neuland Laboratories Limited,Pharma & Healthcare,21505.0,20890.0,0.73,-0.88,1.6,-11.2,-2.86,8,ACTIVE
2026-10-01,INNOVACAP.NS,Innova Captab Limited,Pharma & Healthcare,1168.0,1110.0,0.71,-0.88,1.58,-13.7,-4.97,8,ACTIVE
2026-10-01,RBA.NS,Restaurant Brands Asia Limited,Hospitality,92.22000122070312,91.1,0.7,-0.88,1.58,-17.0,-1.21,8,ACTIVE
2026-10-01,TECHM.NS,Tech Mahindra Limited,IT & Technology,1533.0,1514.1,0.59,-0.88,1.47,-15.2,-1.23,8,ACTIVE
2026-10-01,FINCABLES.NS,Finolex Cables Limited,Capital Goods,1458.800048828125,1388.7,0.59,-0.88,1.46,-2.6,-4.81,8,ACTIVE
2026-10-01,STARHEALTH.NS,Star Health and Allied Insurance Company Limited,Insurance,537.7000122070312,552.1,0.57,-0.88,1.45,-13.9,2.68,8,ACTIVE
2026-10-01,GPTHEALTH.NS,GPT Healthcare Limited,Pharma & Healthcare,151.47000122070312,139.62,0.48,-0.88,1.36,-13.4,-7.82,8,ACTIVE
2026-10-01,INDGN.NS,Indegene Limited,IT & Technology,593.5,580.1,0.47,-0.88,1.34,-5.3,-2.26,8,ACTIVE
2026-10-01,HCG.NS,HealthCare Global Enterprises Limited,Pharma & Healthcare,668.75,589.2,0.41,-0.88,1.28,-16.9,-11.9,8,ACTIVE
2026-10-01,GAIL.NS,GAIL (India) Limited,Oil & Gas,171.22000122070312,166.64,0.39,-0.88,1.27,-5.8,-2.67,8,ACTIVE
2026-10-01,QUESS.NS,Quess Corp Limited,Capital Goods,336.20001220703125,321.35,0.37,-0.88,1.25,-13.5,-4.42,8,ACTIVE
2026-10-01,BBTCL.NS,B&B Triplewall Containers Limited,Capital Goods,229.4900054931641,227.72,0.36,-0.88,1.24,-12.0,-0.77,8,ACTIVE
2026-10-01,CYIENT.NS,Cyient Limited,Diversified,1104.5999755859375,1158.8,0.35,-0.88,1.23,-9.4,4.91,8,ACTIVE
2026-10-01,INGERRAND.NS,Ingersoll-Rand (India) Limited,Capital Goods,4158.7998046875,4026.5,0.36,-0.88,1.23,-16.1,-3.18,8,ACTIVE
2026-10-01,PETRONET.NS,Petronet LNG Limited,Oil & Gas,285.5,291.5,0.35,-0.88,1.23,-11.5,2.1,8,ACTIVE
2026-10-01,TI.NS,Tilaknagar Industries Ltd.,Consumer Goods,542.5499877929688,541.0,0.35,-0.88,1.23,-10.7,-0.29,8,ACTIVE
2026-10-01,KOTAKBANK.NS,Kotak Mahindra Bank Limited,Banking,418.3500061035156,441.0,0.32,-0.88,1.2,-7.5,5.41,8,ACTIVE
2026-10-01,DMART.NS,Avenue Supermarts Limited,Retail,3813.0,3516.8,0.31,-0.88,1.18,-17.9,-7.77,8,ACTIVE
2026-10-07,CHENNPETRO.NS,Chennai Petroleum Corporation Limited,Oil & Gas,1612.300048828125,1487.7,14.7,-0.76,15.46,-3.9,-7.73,2,ACTIVE
2026-10-07,DHANBANK.NS,Dhanlaxmi Bank Limited,Banking,32.83000183105469,33.96,13.87,-0.76,14.63,-10.9,3.44,2,ACTIVE
2026-10-07,PVRINOX.NS,PVR INOX Limited,Media,1343.800048828125,1327.2,7.56,-0.76,8.32,-2.2,-1.24,2,ACTIVE
2026-10-07,ARFIN.NS,Arfin India Limited,Metals & Mining,103.05999755859376,105.14,6.95,-0.76,7.71,-2.8,2.02,2,ACTIVE
2026-10-07,GPTINFRA.NS,GPT Infraprojects Limited,Infrastructure,130.05999755859375,121.88,6.94,-0.76,7.7,-13.3,-6.29,2,ACTIVE
2026-10-07,PTCIL.NS,PTC Industries Limited,Capital Goods,24685.0,24535.0,6.75,-0.76,7.51,-0.5,-0.61,2,ACTIVE
2026-10-07,EBGNG.NS,GNG Electronics Limited,IT & Technology,731.3499755859375,685.5,6.74,-0.76,7.5,-0.5,-6.27,2,ACTIVE
2026-10-07,CINELINE.NS,Cineline India Limited,Media,93.3499984741211,91.53,6.42,-0.76,7.18,-9.3,-1.95,2,ACTIVE
2026-10-07,DEEPINDS.NS,Deep Industries Limited,Oil & Gas,795.5999755859375,746.4,6.23,-0.76,6.99,-3.6,-6.18,2,ACTIVE
2026-10-07,CUPID.NS,Cupid Limited,Consumer Goods,343.95001220703125,366.1,6.09,-0.76,6.85,-0.3,6.44,2,ACTIVE
2026-10-07,GANDHAR.NS,Gandhar Oil Refinery (India) Limited,Oil & Gas,299.20001220703125,296.55,5.91,-0.76,6.67,-0.6,-0.89,2,ACTIVE
2026-10-07,CONFIPET.NS,Confidence Petroleum India Limited,Oil & Gas,91.75,83.67,5.86,-0.76,6.62,-1.4,-8.81,2,ACTIVE
2026-10-07,BBOX.NS,Black Box Limited,IT & Technology,884.8499755859375,892.1,5.35,-0.76,6.11,-19.7,0.82,2,ACTIVE
2026-10-07,CYIENTDLM.NS,Cyient DLM Limited,Aerospace & Defense,988.2999877929688,952.35,5.25,-0.76,6.01,-2.6,-3.64,2,ACTIVE
2026-10-07,JAMNAAUTO.NS,Jamna Auto Industries Limited,Auto,151.77000427246094,142.67,5.24,-0.76,6.0,-1.4,-6.0,2,ACTIVE
2026-10-07,EMIL.NS,Electronics Mart India Limited,Retail,211.5399932861328,191.17,5.02,-0.76,5.78,-0.5,-9.63,2,ACTIVE
2026-10-07,CUBEXTUB.NS,Cubex Tubings Limited,Metals & Mining,157.39999389648438,173.53,5.0,-0.76,5.76,-14.5,10.25,2,ACTIVE
2026-10-07,GANESHBE.NS,Ganesh Benzoplast Limited,Chemicals,117.77999877929688,106.31,4.9,-0.76,5.66,-17.6,-9.74,2,ACTIVE
2026-10-07,GLAND.NS,Gland Pharma Limited,Pharma & Healthcare,3150.60009765625,3061.8,4.81,-0.76,5.57,-0.6,-2.82,2,ACTIVE
2026-10-07,MRPL.NS,Mangalore Refinery and Petrochemicals Limited,Oil & Gas,182.8600006103516,172.13,4.66,-0.76,5.42,-13.8,-5.87,2,ACTIVE
2026-10-07,AEGISLOG.NS,Aegis Logistics Limited,Oil & Gas,1460.199951171875,1388.9,4.61,-0.76,5.37,-4.5,-4.88,2,ACTIVE
2026-10-07,AVL.NS,Aditya Vision Limited,Retail,621.0999755859375,581.05,4.37,-0.76,5.13,-11.7,-6.45,2,ACTIVE
2026-10-07,MAHABANK.NS,Bank of Maharashtra,Banking,84.1500015258789,83.16,4.15,-0.76,4.91,-10.9,-1.18,2,ACTIVE
2026-10-07,DPABHUSHAN.NS,D. P. Abhushan Limited,Consumer Durables,2262.699951171875,2363.8,4.08,-0.76,4.84,-3.5,4.47,2,ACTIVE
2026-10-07,BELRISE.NS,Belrise Industries Limited,Auto,246.3099975585937,234.17,4.01,-0.76,4.77,-7.9,-4.93,2,ACTIVE
2026-10-07,ALICON.NS,Alicon Castalloy Limited,Capital Goods,901.4000244140624,861.7,3.98,-0.76,4.74,-11.2,-4.4,2,ACTIVE
2026-10-07,CAPITALSFB.NS,Capital Small Finance Bank Limited,Banking,274.20001220703125,269.2,3.94,-0.76,4.7,-13.8,-1.82,2,ACTIVE
2026-10-07,KALYANKJIL.NS,Kalyan Jewellers India Limited,Consumer Durables,569.0,554.0,3.8,-0.76,4.56,-12.0,-2.64,2,ACTIVE
2026-10-07,SYRMA.NS,Syrma SGS Technology Limited,Capital Goods,1746.699951171875,1719.9,3.66,-0.76,4.42,-4.2,-1.53,2,ACTIVE
2026-10-07,FAIRCHEMOR.NS,Fairchem Organics Limited,Chemicals,703.8499755859375,748.7,3.61,-0.76,4.37,-16.9,6.37,2,ACTIVE
2026-10-07,CHALET.NS,Chalet Hotels Limited,Hospitality,847.4000244140625,820.9,3.57,-0.76,4.33,-14.1,-3.13,2,ACTIVE
2026-10-07,ASIANENE.NS,Asian Energy Services Limited,Oil & Gas,480.1499938964844,450.1,3.54,-0.76,4.3,-14.9,-6.26,2,ACTIVE
2026-10-07,HFCL.NS,HFCL Limited,Telecom,271.8999938964844,260.4,3.47,-0.76,4.23,-1.4,-4.23,2,ACTIVE
2026-10-07,ARIHANTCAP.NS,Arihant Capital Markets Limited,Financial Services,97.37999725341795,96.19,3.45,-0.76,4.21,-18.4,-1.22,2,ACTIVE
2026-10-07,BLACKBUCK.NS,BlackBuck Limited,IT & Technology,616.4000244140625,592.05,3.42,-0.76,4.18,-17.6,-3.95,2,ACTIVE
2026-10-07,THELEELA.NS,Leela Palaces Hotels & Resorts Limited,Hospitality,602.4500122070312,587.5,3.39,-0.76,4.15,-0.8,-2.48,2,ACTIVE
2026-10-07,ELGIRUBCO.NS,Elgi Rubber Company Limited,Auto,57.84999847412109,53.8,3.36,-0.76,4.12,-17.4,-7.0,2,ACTIVE
2026-10-07,SUNFLAG.NS,Sunflag Iron and Steel Company Limited,Metals & Mining,474.3999938964844,439.8,3.34,-0.76,4.1,-1.0,-7.29,2,ACTIVE
2026-10-07,HINDOILEXP.NS,Hindustan Oil Exploration Company Limited,Oil & Gas,171.8800048828125,169.34,3.32,-0.76,4.08,-14.7,-1.48,2,ACTIVE
2026-10-07,VIYASH.NS,Viyash Scientific Limited,Pharma & Healthcare,240.7700042724609,234.06,3.23,-0.76,3.99,-19.2,-2.79,2,ACTIVE
2026-10-07,EMMVEE.NS,Emmvee Photovoltaic Power Limited,Power & Utilities,305.79998779296875,300.05,3.14,-0.76,3.9,-17.4,-1.88,2,ACTIVE
2026-10-07,WELENT.NS,Welspun Enterprises Limited,Capital Goods,740.75,735.9,3.13,-0.76,3.89,-12.0,-0.65,2,ACTIVE
2026-10-07,RAIN.NS,Rain Industries Limited,Metals & Mining,218.9499969482422,215.42,2.97,-0.76,3.73,-12.7,-1.61,2,ACTIVE
2026-10-07,GULFOILLUB.NS,Gulf Oil Lubricants India Limited,Chemicals,1118.5999755859375,1077.3,2.82,-0.76,3.58,-9.2,-3.69,2,ACTIVE
2026-10-07,UNIONBANK.NS,Union Bank of India,Banking,173.14999389648438,173.06,2.8,-0.76,3.56,-13.2,-0.05,2,ACTIVE
2026-10-07,ASKAUTOLTD.NS,ASK Automotive Limited,Auto,626.5499877929688,588.15,2.76,-0.76,3.52,-8.9,-6.13,2,ACTIVE
2026-10-07,ANTELOPUS.NS,Antelopus Selan Energy Limited,Oil & Gas,1130.199951171875,1101.5,2.69,-0.76,3.45,-12.4,-2.54,2,ACTIVE
2026-10-07,DPWIRES.NS,D.P. Wires Limited,Capital Goods,227.4600067138672,224.88,2.67,-0.76,3.43,-9.7,-1.13,2,ACTIVE
2026-10-07,LICHSGFIN.NS,LIC Housing Finance Limited,Financial Services,515.4000244140625,551.65,2.67,-0.76,3.43,-12.1,7.03,2,ACTIVE
2026-10-07,PNBHOUSING.NS,PNB Housing Finance Limited,Financial Services,1131.0,1158.0,2.62,-0.76,3.38,-6.6,2.39,2,ACTIVE
2026-10-07,GPPL.NS,Gujarat Pipavav Port Limited,Infrastructure,172.4600067138672,167.9,2.53,-0.76,3.29,-11.2,-2.64,2,ACTIVE
2026-10-07,LTFOODS.NS,LT Foods Limited,Consumer Goods,418.2000122070313,408.05,2.46,-0.76,3.22,-14.6,-2.43,2,ACTIVE
2026-10-07,PNB.NS,Punjab National Bank,Banking,114.58999633789062,116.98,2.39,-0.76,3.15,-12.8,2.09,2,ACTIVE
2026-10-07,ANGELONE.NS,Angel One Limited,Financial Services,302.0,292.0,2.37,-0.76,3.13,-16.0,-3.31,2,ACTIVE
2026-10-07,GROWW.NS,Billionbrains Garage Ventures Limited,Financial Services,197.75,192.39,2.36,-0.76,3.12,-13.0,-2.71,2,ACTIVE
2026-10-07,KRBL.NS,KRBL Limited,Consumer Goods,398.2000122070313,389.2,2.33,-0.76,3.09,-11.1,-2.26,2,ACTIVE
2026-10-07,GESHIP.NS,The Great Eastern Shipping Company Limited,Infrastructure,1567.9000244140625,1533.7,2.3,-0.76,3.06,-11.2,-2.18,2,ACTIVE
2026-10-07,SKYGOLD.NS,Sky Gold and Diamonds Limited,Consumer Durables,876.9500122070312,921.0,2.25,-0.76,3.01,-2.0,5.02,2,ACTIVE
2026-10-07,CPPLUS.NS,Aditya Infotech Limited,Cement & Materials,4064.89990234375,4185.2,2.24,-0.76,3.0,-3.0,2.96,2,ACTIVE
2026-10-07,PAYTM.NS,One97 Communications Limited,Financial Services,1732.0,1636.0,2.24,-0.76,3.0,-6.7,-5.54,2,ACTIVE
2026-10-07,BALRAMCHIN.NS,Balrampur Chini Mills Limited,Consumer Goods,706.5999755859375,678.15,2.21,-0.76,2.97,-9.5,-4.03,2,ACTIVE
2026-10-07,GOODLUCK.NS,Goodluck India Limited,Metals & Mining,501.9500122070313,500.25,2.17,-0.76,2.93,-9.8,-0.34,2,ACTIVE
2026-10-07,ADANIGREEN.NS,Adani Green Energy Limited,Power & Utilities,1341.4000244140625,1255.8,2.16,-0.76,2.92,-17.8,-6.38,2,ACTIVE
2026-10-07,3IINFOLTD.NS,3i Infotech Limited,IT & Technology,23.299999237060547,22.67,2.15,-0.76,2.91,-16.2,-2.7,2,ACTIVE
2026-10-07,DEEPAKFERT.NS,Deepak Fertilisers And Petrochemicals Corporation Limited,Chemicals,1415.4000244140625,1392.6,2.15,-0.76,2.91,-15.2,-1.61,2,ACTIVE
2026-10-07,INNOVACAP.NS,Innova Captab Limited,Pharma & Healthcare,1166.199951171875,1110.0,2.14,-0.76,2.9,-13.8,-4.82,2,ACTIVE
2026-10-07,BLUESTONE.NS,BlueStone Jewellery and Lifestyle Limited,Consumer Durables,831.0999755859375,817.65,2.12,-0.76,2.88,-14.3,-1.62,2,ACTIVE
2026-10-07,AARTIIND.NS,Aarti Industries Limited,Chemicals,491.25,460.15,2.1,-0.76,2.86,-10.8,-6.33,2,ACTIVE
2026-10-07,CANHLIFE.NS,Canara HSBC Life Insurance Company Limited,Insurance,146.05999755859375,139.22,2.05,-0.76,2.81,-12.1,-4.68,2,ACTIVE
2026-10-07,ALLDIGI.NS,Alldigi Tech Limited,Capital Goods,783.7999877929688,791.1,2.04,-0.76,2.8,-16.2,0.93,2,ACTIVE
2026-10-07,ASAHIINDIA.NS,Asahi India Glass Limited,Auto,976.25,945.95,2.02,-0.76,2.78,-8.9,-3.1,2,ACTIVE
2026-10-07,POLYCAB.NS,Polycab India Limited,Capital Goods,8310.0,8255.0,2.0,-0.76,2.76,-17.9,-0.66,2,ACTIVE
2026-10-07,MTARTECH.NS,MTAR Technologies Limited,Capital Goods,7864.5,7781.5,1.89,-0.76,2.65,-9.8,-1.06,2,ACTIVE
2026-10-07,INDIANB.NS,Indian Bank,Banking,828.2999877929688,829.8,1.88,-0.76,2.64,-15.5,0.18,2,ACTIVE
2026-10-07,KOTAKBANK.NS,Kotak Mahindra Bank Limited,Banking,440.0,441.0,1.88,-0.76,2.64,-2.8,0.23,2,ACTIVE
2026-10-07,ASTRAL.NS,Astral Limited,Cement & Materials,1427.699951171875,1409.8,1.81,-0.76,2.57,-19.1,-1.25,2,ACTIVE
2026-10-07,INDGN.NS,Indegene Limited,IT & Technology,607.0999755859375,580.1,1.81,-0.76,2.57,-3.2,-4.45,2,ACTIVE
2026-10-07,ASAHISONG.NS,Asahi Songwon Colors Limited,Chemicals,376.3999938964844,365.05,1.74,-0.76,2.5,-8.7,-3.02,2,ACTIVE
2026-10-07,ORCHPHARMA.NS,Orchid Pharma Limited,Pharma & Healthcare,1023.9500122070312,983.95,1.73,-0.76,2.49,-10.4,-3.91,2,ACTIVE
2026-10-07,VMART.NS,V-Mart Retail Limited,Retail,806.2000122070312,821.95,1.66,-0.76,2.42,-9.1,1.95,2,ACTIVE
2026-10-07,APOLLO.NS,Apollo Micro Systems Limited,Aerospace & Defense,414.75,388.35,1.64,-0.76,2.4,-11.0,-6.37,2,ACTIVE
2026-10-07,WELCORP.NS,Welspun Corp Limited,Metals & Mining,2704.60009765625,2640.4,1.64,-0.76,2.4,-6.7,-2.37,2,ACTIVE
2026-10-07,PCJEWELLER.NS,PC Jeweller Limited,Consumer Durables,13.140000343322754,14.81,1.62,-0.76,2.38,-11.6,12.71,2,ACTIVE
2026-10-07,FINEORG.NS,Fine Organic Industries Limited,Chemicals,5625.5,5410.5,1.6,-0.76,2.36,-0.7,-3.82,2,ACTIVE
2026-10-07,MCX.NS,Multi Commodity Exchange of India Limited,Financial Services,3362.60009765625,3318.2,1.59,-0.76,2.35,-3.4,-1.32,2,ACTIVE
2026-10-07,CARRARO.NS,Carraro India Limited,Auto,533.8499755859375,508.5,1.56,-0.76,2.32,-19.0,-4.75,2,ACTIVE
2026-10-07,CGCL.NS,Capri Global Capital Limited,Financial Services,250.7400054931641,241.82,1.56,-0.76,2.32,-12.8,-3.56,2,ACTIVE
2026-10-07,KARURVYSYA.NS,The Karur Vysya Bank Limited,Banking,330.1000061035156,339.9,1.51,-0.76,2.27,-8.0,2.97,2,ACTIVE
2026-10-07,KRN.NS,KRN Heat Exchanger and Refrigeration Limited,Capital Goods,1484.199951171875,1386.1,1.5,-0.76,2.26,-12.0,-6.61,2,ACTIVE
2026-10-07,SUPREMEIND.NS,The Supreme Industries Limited,Capital Goods,3550.0,3474.8,1.49,-0.76,2.25,-16.3,-2.12,2,ACTIVE
2026-10-07,TEGA.NS,Tega Industries Limited,Capital Goods,2123.60009765625,1935.0,1.49,-0.76,2.25,-3.4,-8.88,2,ACTIVE
2026-10-07,DOLPHIN.NS,Dolphin Offshore Enterprises (India) Limited,Oil & Gas,652.9000244140625,640.05,1.48,-0.76,2.24,-12.9,-1.97,2,ACTIVE
2026-10-07,GATEWAY.NS,Gateway Distriparks Limited,Infrastructure,51.650001525878906,51.01,1.45,-0.76,2.21,-17.2,-1.24,2,ACTIVE
2026-10-07,ARVSMART.NS,Arvind SmartSpaces Limited,Real Estate,612.5,598.2,1.44,-0.76,2.2,-13.2,-2.33,2,ACTIVE
2026-10-07,PNGJL.NS,P N Gadgil Jewellers Limited,Consumer Durables,597.0499877929688,599.95,1.44,-0.76,2.2,-18.9,0.49,2,ACTIVE
2026-10-07,EQUITASBNK.NS,Equitas Small Finance Bank Limited,Banking,68.91999816894531,66.02,1.41,-0.76,2.17,-17.9,-4.21,2,ACTIVE
2026-10-07,ASPINWALL.NS,Aspinwall and Company Limited,Consumer Goods,241.6499938964844,234.98,1.38,-0.76,2.14,-17.4,-2.76,2,ACTIVE
2026-10-07,AARVI.NS,Aarvi Encon Limited,Capital Goods,140.7100067138672,138.54,1.36,-0.76,2.12,-15.4,-1.54,2,ACTIVE
2026-10-07,OIL.NS,Oil India Limited,Oil & Gas,453.75,443.5,1.32,-0.76,2.08,-14.4,-2.26,2,ACTIVE
2026-10-07,BHARTIARTL.NS,Bharti Airtel Limited,Telecom,1833.9000244140625,1805.1,1.29,-0.76,2.05,-14.6,-1.57,2,ACTIVE
2026-10-07,GEEKAYWIRE.NS,Geekay Wires Limited,Capital Goods,33.13999938964844,32.14,1.28,-0.76,2.04,-8.8,-3.02,2,ACTIVE
2026-10-07,SHYAMMETL.NS,Shyam Metalics and Energy Limited,Metals & Mining,1067.300048828125,1060.1,1.26,-0.76,2.02,-7.0,-0.67,2,ACTIVE
2026-10-07,AYE.NS,Aye Finance Limited,Financial Services,167.6300048828125,156.94,1.25,-0.76,2.01,-15.0,-6.38,2,ACTIVE
2026-10-07,PPLPHARMA.NS,Piramal Pharma Limited,Pharma & Healthcare,203.009994506836,196.88,1.24,-0.76,2.0,-12.5,-3.02,2,ACTIVE
2026-10-07,ESAFSFB.NS,ESAF Small Finance Bank,Banking,42.66999816894531,41.4,1.23,-0.76,1.99,-7.2,-2.98,2,ACTIVE
2026-10-07,AVALON.NS,Avalon Technologies Limited,Capital Goods,2429.699951171875,2300.5,1.22,-0.76,1.98,-7.2,-5.32,2,ACTIVE
2026-10-07,VARROC.NS,Varroc Engineering Limited,Auto,823.75,793.6,1.14,-0.76,1.9,-9.7,-3.66,2,ACTIVE
2026-10-07,ADOR.NS,Ador Welding Limited,Capital Goods,1552.0999755859375,1479.6,1.11,-0.76,1.87,-12.1,-4.67,2,ACTIVE
2026-10-07,ALKEM.NS,Alkem Laboratories Limited,Pharma & Healthcare,5350.5,5279.0,1.11,-0.76,1.87,-8.9,-1.34,2,ACTIVE
2026-10-07,EMAMIPAP.NS,Emami Paper Mills Limited,Cement & Materials,116.4800033569336,115.49,1.11,-0.76,1.87,-10.5,-0.85,2,ACTIVE
2026-10-07,CLSEL.NS,Chaman Lal Setia Exports Ltd.,Consumer Goods,295.1499938964844,287.4,1.1,-0.76,1.86,-8.2,-2.63,2,ACTIVE
2026-10-07,ENRIN.NS,Siemens Energy India Limited,Power & Utilities,3344.0,3101.0,1.1,-0.76,1.86,-15.7,-7.27,2,ACTIVE
2026-10-07,FEDERALBNK.NS,The Federal Bank Limited,Banking,323.5,330.0,1.09,-0.76,1.85,-12.7,2.01,2,ACTIVE
2026-10-07,ICICIBANK.NS,ICICI Bank Limited,Banking,1357.5,1355.0,1.09,-0.76,1.85,-7.5,-0.18,2,ACTIVE
2026-10-07,STAR.NS,Strides Pharma Science Limited,Pharma & Healthcare,1100.5999755859375,1085.3,1.09,-0.76,1.85,-12.7,-1.39,2,ACTIVE
2026-10-07,NIVABUPA.NS,Niva Bupa Health Insurance Company Limited,Insurance,77.37999725341797,77.65,1.07,-0.76,1.83,-15.3,0.35,2,ACTIVE
2026-10-07,GRANULES.NS,Granules India Limited,Pharma & Healthcare,845.2999877929688,815.25,1.06,-0.76,1.82,-8.5,-3.55,2,ACTIVE
2026-10-07,ARCHIDPLY.NS,Archidply Industries Limited,Cement & Materials,102.7300033569336,99.75,1.04,-0.76,1.8,-17.7,-2.9,2,ACTIVE
2026-10-07,MAHSEAMLES.NS,Maharashtra Seamless Limited,Metals & Mining,692.75,618.1,1.03,-0.76,1.79,-9.8,-10.78,2,ACTIVE
2026-10-07,RBA.NS,Restaurant Brands Asia Limited,Hospitality,96.08000183105467,91.1,1.03,-0.76,1.79,-13.6,-5.18,2,ACTIVE
2026-10-07,KAJARIACER.NS,Kajaria Ceramics Limited,Cement & Materials,1226.199951171875,1215.4,1.02,-0.76,1.78,-4.1,-0.88,2,ACTIVE
2026-10-07,ZYDUSWELL.NS,Zydus Wellness Limited,Consumer Goods,507.5499877929688,490.7,1.03,-0.76,1.78,-17.1,-3.32,2,ACTIVE
2026-10-07,AKUMS.NS,Akums Drugs and Pharmaceuticals Limited,Pharma & Healthcare,822.5499877929688,751.85,0.97,-0.76,1.73,-1.9,-8.6,2,ACTIVE
2026-10-07,NYKAA.NS,FSN E-Commerce Ventures Limited,Retail,341.25,343.0,0.9,-0.76,1.66,-2.4,0.51,2,ACTIVE
2026-10-07,OFSS.NS,Oracle Financial Services Software Limited,IT & Technology,10576.0,10510.0,0.9,-0.76,1.66,-15.7,-0.62,2,ACTIVE
2026-10-07,GMMPFAUDLR.NS,GMM Pfaudler Limited,Capital Goods,1438.0,1299.8,0.86,-0.76,1.62,-6.2,-9.61,2,ACTIVE
2026-10-07,CNL.NS,Creative Newtech Limited,IT & Technology,1079.0,1041.8,0.84,-0.76,1.6,-18.7,-3.45,2,ACTIVE
2026-10-07,CREST.NS,Crest Ventures Limited,Financial Services,362.8500061035156,358.35,0.82,-0.76,1.58,-12.9,-1.24,2,ACTIVE
2026-10-07,APARINDS.NS,APAR Industries Limited,Capital Goods,18160.0,17984.0,0.8,-0.76,1.56,-5.7,-0.97,2,ACTIVE
2026-10-07,LXCHEM.NS,Laxmi Organic Industries Limited,Chemicals,190.3500061035156,180.34,0.79,-0.76,1.55,-8.8,-5.26,2,ACTIVE
2026-10-07,RADICO.NS,Radico Khaitan Limited,Consumer Goods,4495.0,4550.0,0.78,-0.76,1.54,-5.3,1.22,2,ACTIVE
2026-10-07,BLISSGVS.NS,Bliss GVS Pharma Limited,Pharma & Healthcare,681.5499877929688,655.95,0.75,-0.76,1.51,-7.9,-3.76,2,ACTIVE
2026-10-07,HEXATRADEX.NS,Hexa Tradex Limited,Financial Services,157.00999450683594,157.02,0.74,-0.76,1.5,-13.0,0.01,2,ACTIVE
2026-10-07,AEQUS.NS,Aequs Limited,Aerospace & Defense,288.1499938964844,273.5,0.72,-0.76,1.48,-2.2,-5.08,2,ACTIVE
2026-10-07,GOKULAGRO.NS,Gokul Agro Resources Limited,Consumer Goods,212.4199981689453,206.74,0.7,-0.76,1.46,-18.2,-2.67,2,ACTIVE
2026-10-07,SUNTV.NS,Sun TV Network Limited,Media,636.5,635.9,0.7,-0.76,1.46,-4.1,-0.09,2,ACTIVE
2026-10-07,COALINDIA.NS,Coal India Limited,Oil & Gas,414.5,411.55,0.69,-0.76,1.45,-13.4,-0.71,2,ACTIVE
2026-10-07,USHAMART.NS,Usha Martin Limited,Metals & Mining,520.25,502.05,0.69,-0.76,1.45,-4.1,-3.5,2,ACTIVE
2026-10-07,KTKBANK.NS,The Karnataka Bank Limited,Banking,326.45001220703125,328.2,0.68,-0.76,1.44,-5.5,0.54,2,ACTIVE
2026-10-07,SANSERA.NS,Sansera Engineering Limited,Auto,4261.7001953125,4124.7,0.68,-0.76,1.44,-10.2,-3.21,2,ACTIVE
2026-10-07,TI.NS,Tilaknagar Industries Ltd.,Consumer Goods,551.5499877929688,541.0,0.68,-0.76,1.44,-9.2,-1.91,2,ACTIVE
2026-10-07,TBOTEK.NS,TBO Tek Limited,IT & Technology,1704.5,1666.4,0.67,-0.76,1.43,-3.8,-2.24,2,ACTIVE
2026-10-07,HSCL.NS,Himadri Speciality Chemical Limited,Chemicals,672.9500122070312,659.95,0.66,-0.76,1.42,-17.9,-1.93,2,ACTIVE
2026-10-07,FINCABLES.NS,Finolex Cables Limited,Capital Goods,1483.5,1388.7,0.64,-0.76,1.4,-1.0,-6.39,2,ACTIVE
2026-10-07,ATHERENERG.NS,Ather Energy Limited,Auto,1455.0,1434.4,0.62,-0.76,1.38,-16.6,-1.42,2,ACTIVE
2026-10-07,TDPOWERSYS.NS,TD Power Systems Limited,Capital Goods,821.0999755859375,793.75,0.62,-0.76,1.38,-4.1,-3.33,2,ACTIVE
2026-10-07,STARHEALTH.NS,Star Health and Allied Insurance Company Limited,Insurance,553.8499755859375,552.1,0.6,-0.76,1.36,-11.4,-0.32,2,ACTIVE
2026-10-07,ABSLAMC.NS,Aditya Birla Sun Life AMC Limited,Financial Services,1015.5,1004.05,0.58,-0.76,1.34,-15.0,-1.13,2,ACTIVE
2026-10-07,BAJAJHLDNG.NS,Bajaj Holdings & Investment Limited,Financial Services,10662.0,10820.0,0.58,-0.76,1.34,-18.1,1.48,2,ACTIVE
2026-10-07,CENTENKA.NS,Century Enka Limited,Textiles,569.9000244140625,559.2,0.58,-0.76,1.34,-13.6,-1.88,2,ACTIVE
2026-10-07,ACUTAAS.NS,Acutaas Chemicals Limited,Chemicals,3174.199951171875,3160.6,0.55,-0.76,1.31,-15.1,-0.43,2,ACTIVE
2026-10-07,AEROFLEX.NS,Aeroflex Industries Limited,Capital Goods,563.8499755859375,520.5,0.55,-0.76,1.31,-3.5,-7.69,2,ACTIVE
2026-10-07,ANANTRAJ.NS,Anant Raj Limited,Real Estate,612.1500244140625,570.75,0.53,-0.76,1.29,-14.8,-6.76,2,ACTIVE
2026-10-07,ETHOSLTD.NS,Ethos Limited,Consumer Durables,2634.800048828125,2563.1,0.52,-0.76,1.28,-18.8,-2.72,2,ACTIVE
2026-10-07,MANORAMA.NS,Manorama Industries Limited,Consumer Goods,1996.0,2043.4,0.52,-0.76,1.28,-7.1,2.37,2,ACTIVE
2026-10-07,PGIL.NS,Pearl Global Industries Limited,Consumer Durables,1273.0999755859375,1281.1,0.51,-0.76,1.27,-6.2,0.63,2,ACTIVE
2026-10-07,SOUTHBANK.NS,The South Indian Bank Limited,Banking,47.470001220703125,47.91,0.51,-0.76,1.27,-6.3,0.93,2,ACTIVE
2026-10-07,GOKUL.NS,Gokul Refoils & Solvent Limited,Consumer Goods,38.970001220703125,38.05,0.49,-0.76,1.25,-16.7,-2.36,2,ACTIVE
2026-10-07,IIFLCAPS.NS,IIFL Capital Services Limited,Financial Services,346.8500061035156,343.75,0.49,-0.76,1.25,-14.9,-0.89,2,ACTIVE
2026-10-07,CARERATING.NS,CARE Ratings Limited,Financial Services,1595.9000244140625,1544.2,0.48,-0.76,1.24,-12.4,-3.24,2,ACTIVE
2026-10-07,GARFIBRES.NS,Garware Technical Fibres Limited,Textiles,773.75,765.1,0.48,-0.76,1.24,-10.3,-1.12,2,ACTIVE
2026-10-07,KPIL.NS,Kalpataru Projects International Limited,Infrastructure,1458.4000244140625,1391.9,0.48,-0.76,1.24,-2.1,-4.56,2,ACTIVE
2026-10-07,ELGIEQUIP.NS,Elgi Equipments Limited,Capital Goods,602.0499877929688,583.15,0.47,-0.76,1.23,-7.9,-3.14,2,ACTIVE
2026-10-07,PRIVISCL.NS,Privi Speciality Chemicals Limited,Chemicals,3519.199951171875,3424.1,0.41,-0.76,1.17,-6.8,-2.7,2,ACTIVE
2026-10-07,DIVISLAB.NS,Divi's Laboratories Limited,Pharma & Healthcare,9588.0,9340.0,0.4,-0.76,1.16,-1.6,-2.59,2,ACTIVE
2026-10-07,ATLANTAELE.NS,Atlanta Electricals Limited,Capital Goods,1875.800048828125,1769.5,0.35,-0.76,1.11,-12.9,-5.67,2,ACTIVE
2026-10-07,COSMOFIRST.NS,Cosmo First Limited,Capital Goods,831.9500122070312,813.05,0.34,-0.76,1.1,-16.5,-2.27,2,ACTIVE
2026-10-07,GKWLIMITED.NS,GKW Limited,Capital Goods,1550.5999755859375,1544.9,0.34,-0.76,1.1,-20.0,-0.37,2,ACTIVE
2026-10-07,PREMIERENE.NS,Premier Energies Limited,Capital Goods,910.0,895.35,0.33,-0.76,1.09,-19.8,-1.61,2,ACTIVE
2026-10-07,MARKSANS.NS,Marksans Pharma Limited,Pharma & Healthcare,325.45001220703125,309.1,0.32,-0.76,1.08,-7.3,-5.02,2,ACTIVE
2026-10-07,AEGISVOPAK.NS,Aegis Vopak Terminals Limited,Oil & Gas,294.25,284.8,0.31,-0.76,1.07,-8.3,-3.21,2,ACTIVE
2026-10-07,APOLSINHOT.NS,Apollo Sindoori Hotels Limited,Capital Goods,1178.300048828125,1137.4,0.31,-0.76,1.07,-18.0,-3.47,2,ACTIVE
2026-10-07,COUNCODOS.NS,Country Condo's Limited,Real Estate,6.53000020980835,6.39,0.31,-0.76,1.07,-16.8,-2.14,2,ACTIVE
2026-10-07,DHARMAJ.NS,Dharmaj Crop Guard Limited,Chemicals,267.3500061035156,259.45,0.3,-0.76,1.06,-16.4,-2.95,2,ACTIVE
2026-10-07,TIMETECHNO.NS,Time Technoplast Limited,Capital Goods,183.6199951171875,176.35,0.3,-0.76,1.06,-18.6,-3.96,2,ACTIVE
2026-10-08,PCJEWELLER.NS,PC Jeweller Limited,Consumer Durables,13.899999618530272,14.81,5.78,-1.64,7.43,-6.5,6.55,1,ACTIVE
2026-10-08,CUBEXTUB.NS,Cubex Tubings Limited,Metals & Mining,165.27000427246094,173.53,5.0,-1.64,6.64,-10.2,5.0,1,ACTIVE
2026-10-08,ARFIN.NS,Arfin India Limited,Metals & Mining,107.5199966430664,105.14,4.33,-1.64,5.97,-4.6,-2.21,1,ACTIVE
2026-10-08,LICHSGFIN.NS,LIC Housing Finance Limited,Financial Services,537.0,551.65,4.19,-1.64,5.83,-8.4,2.73,1,ACTIVE
2026-10-08,CUPID.NS,Cupid Limited,Consumer Goods,356.6499938964844,366.1,3.69,-1.64,5.33,-0.1,2.65,1,ACTIVE
2026-10-08,FAIRCHEMOR.NS,Fairchem Organics Limited,Chemicals,720.9000244140625,748.7,2.42,-1.64,4.06,-14.9,3.86,1,ACTIVE
2026-10-08,DEEPAKNTR.NS,Deepak Nitrite Limited,Chemicals,1584.0999755859375,1621.9,1.94,-1.64,3.59,-16.1,2.39,1,ACTIVE
2026-10-08,ISGEC.NS,Isgec Heavy Engineering Limited,Capital Goods,918.4000244140624,909.7,1.85,-1.64,3.49,-16.9,-0.95,1,ACTIVE
2026-10-08,PNBHOUSING.NS,PNB Housing Finance Limited,Financial Services,1150.0,1158.0,1.68,-1.64,3.32,-5.1,0.7,1,ACTIVE
2026-10-08,KSL.NS,Kalyani Steels Limited,Metals & Mining,945.0499877929688,935.55,1.33,-1.64,2.97,-8.5,-1.01,1,ACTIVE
2026-10-08,SKYGOLD.NS,Sky Gold and Diamonds Limited,Consumer Durables,884.5,921.0,0.86,-1.64,2.5,-1.9,4.13,1,ACTIVE
2026-10-08,IKS.NS,Inventurus Knowledge Solutions Limited,IT & Technology,1751.0999755859375,1716.6,0.79,-1.64,2.43,-11.1,-1.97,1,ACTIVE
2026-10-08,GKWLIMITED.NS,GKW Limited,Capital Goods,1562.300048828125,1544.9,0.75,-1.64,2.4,-19.4,-1.11,1,ACTIVE
2026-10-08,DIACABS.NS,Diamond Power Infrastructure Limited,Capital Goods,371.8999938964844,380.95,0.74,-1.64,2.39,-8.0,2.43,1,ACTIVE
2026-10-08,POWERMECH.NS,Power Mech Projects Limited,Capital Goods,2445.89990234375,2419.0,0.68,-1.64,2.33,-18.6,-1.1,1,ACTIVE
2026-10-08,NETWEB.NS,Netweb Technologies India Limited,IT & Technology,4715.10009765625,4721.6,0.63,-1.64,2.28,-18.9,0.14,1,ACTIVE
2026-10-08,VMART.NS,V-Mart Retail Limited,Retail,811.1500244140625,821.95,0.61,-1.64,2.26,-8.5,1.33,1,ACTIVE
2026-10-08,PNB.NS,Punjab National Bank,Banking,115.29000091552734,116.98,0.61,-1.64,2.25,-12.2,1.47,1,ACTIVE
2026-10-08,NIVABUPA.NS,Niva Bupa Health Insurance Company Limited,Insurance,77.83000183105469,77.65,0.58,-1.64,2.22,-14.8,-0.23,1,ACTIVE
2026-10-08,ANANDRATHI.NS,Anand Rathi Wealth Limited,Financial Services,2138.89990234375,2038.7,0.55,-1.64,2.19,-5.7,-4.68,1,ACTIVE
2026-10-08,GRWRHITECH.NS,Garware Hi-Tech Films Limited,Chemicals,6929.0,6997.5,0.37,-1.64,2.01,-13.1,0.99,1,ACTIVE
2026-10-08,CEIGALL.NS,Ceigall India Limited,Infrastructure,374.1000061035156,369.0,0.35,-1.64,1.99,-7.7,-1.36,1,ACTIVE
2026-10-08,TECHM.NS,Tech Mahindra Limited,IT & Technology,1496.199951171875,1514.1,0.34,-1.64,1.98,-17.2,1.2,1,ACTIVE
