date,day_idx,ticker,pattern,change_p,vol_score,ts_pre,ts_gain,dist_52w,sector,ret_5d,ret_10d,ret_20d,regime
2026-02-27,1,PRAJIND.NS,B,2.531443388909572,9.0,0.0,25.0,-45.27,Capital Goods,-4.183,-4.891,-0.393,BEAR
2026-02-27,1,TEJASNET.NS,A+B,17.463959154393702,9.0,0.0,27.0,-52.16,Telecom,6.7,-2.616,-5.816,BEAR
2026-02-27,1,INDIAGLYCO.NS,B,3.9831351254923417,9.0,37.0,57.0,-21.28,Fast Moving Consumer Goods,-12.141,-11.164,-8.02,BEAR
2026-03-01,2,TEJASNET.NS,A,17.463959154393702,9.0,27.0,0.0,-52.16,Telecom,-2.237,2.524,-11.38,BEAR
2026-03-02,3,TEJASNET.NS,A,17.463959154393702,9.0,27.0,0.0,-52.16,Telecom,-4.188,-8.314,-20.312,BEAR
2026-03-03,4,TEJASNET.NS,A,11.207985641719507,9.0,27.0,3.0,-46.8,Telecom,-5.854,-9.937,-15.931,BEAR
2026-03-03,4,IIFLCAPS.NS,A,9.514735600357453,9.0,35.0,3.0,-22.47,Other,-6.838,-10.634,-18.218,BEAR
2026-03-03,4,PARAS.NS,A+B,5.181873381235756,7.0,8.0,27.0,-30.96,Other,-5.582,-9.292,-11.407,BEAR
2026-03-04,5,ABBOTINDIA.NS,B,3.8052602126468944,7.0,8.0,28.0,-23.75,Pharmaceuticals & Biotechnology,-3.368,-3.983,-4.816,BEAR
2026-03-04,5,BALRAMCHIN.NS,A,7.299511665473268,10.0,39.0,4.0,-21.09,Agricultural Food & other Products,3.801,-1.437,-0.265,BEAR
2026-03-04,5,POLYMED.NS,A,6.423137322226978,7.0,0.0,0.0,-52.31,Healthcare Equipment & Supplies,-3.507,-8.787,-1.897,BEAR
2026-03-04,5,PRAJIND.NS,B,3.645322201482964,9.0,0.0,25.0,-45.67,Industrial Products,2.678,1.306,9.094,BEAR
2026-03-04,5,PARAS.NS,A+B,7.483045991495382,7.0,35.0,41.0,-25.8,Industrial Manufacturing,-6.742,-12.103,-11.378,BEAR
2026-03-04,5,RENUKA.NS,A+B,7.836457361415442,9.0,0.0,36.0,-29.37,Diversified FMCG,0.163,-2.896,14.682,BEAR
2026-03-05,6,ACMESOLAR.NS,B,2.965662459860492,8.0,6.0,36.0,-28.64,Power,11.913,7.868,20.25,BEAR
2026-03-05,6,HFCL.NS,A+B,5.383461400082236,8.0,11.0,29.0,-25.31,Telecom - Services,3.346,2.183,2.987,BEAR
2026-03-05,6,JSWCEMENT.NS,B,4.273509519034873,7.0,32.0,28.0,-23.26,Diversified Metals,-5.268,-5.006,-5.162,BEAR
2026-03-05,6,JSWINFRA.NS,A,5.978928026449722,7.0,7.0,4.0,-25.09,Transport Infrastructure,-5.729,-6.566,-10.249,BEAR
2026-03-05,6,KAYNES.NS,B,3.083453158237886,9.0,0.0,24.0,-50.49,Industrial Products,-7.238,-3.368,-5.573,BEAR
2026-03-05,6,MAZDOCK.NS,A,8.640440846687934,8.0,0.0,0.0,-37.29,Transport Services,-5.821,-5.979,-8.386,BEAR
2026-03-05,6,ONESOURCE.NS,A,6.665668308472203,9.0,3.0,2.0,-36.65,Pharmaceuticals & Biotechnology,0.723,-1.628,-5.133,BEAR
2026-03-05,6,SJVN.NS,A,6.491794319835097,8.0,0.0,0.0,-31.12,Power,-1.55,-1.282,-5.142,BEAR
2026-03-05,6,TATAINVEST.NS,A,5.1786081858223625,8.0,0.0,0.0,-44.45,Finance,-3.094,-6.071,-9.033,BEAR
2026-03-05,6,DIACABS.NS,B,3.3787384406548613,7.0,20.0,25.0,-25.13,Industrial Manufacturing,-4.707,-6.044,-7.33,BEAR
2026-03-06,7,AEGISVOPAK.NS,A,5.730927908122695,8.0,17.0,2.0,-33.9,Petroleum Products,-1.783,-8.857,-11.571,BEAR
2026-03-06,7,BDL.NS,A,5.942525147333226,9.0,3.0,1.0,-35.03,Aerospace & Defense,-3.856,-13.253,-8.304,BEAR
2026-03-06,7,GRSE.NS,B,4.736202270160121,8.0,10.0,36.0,-28.19,Aerospace & Defense,-6.742,-13.553,-8.563,BEAR
2026-03-06,7,IRCON.NS,A,9.943134013171008,9.0,0.0,1.0,-33.94,Construction,-9.403,-17.028,-9.324,BEAR
2026-03-06,7,JSWINFRA.NS,B,2.811235510716811,8.0,11.0,27.0,-22.98,Transport Infrastructure,-4.827,-8.286,-9.304,BEAR
2026-03-06,7,JWL.NS,A,17.18995389606046,9.0,0.0,3.0,-34.5,Transport Infrastructure,-8.733,-12.109,-10.153,BEAR
2026-03-06,7,KIRLOSBROS.NS,A+B,10.161317643551914,9.0,0.0,27.0,-33.28,Industrial Manufacturing,-3.317,-5.571,-8.959,BEAR
2026-03-06,7,MAZDOCK.NS,A+B,5.075447496014878,9.0,0.0,27.0,-34.11,Transport Services,-2.313,-7.553,-3.071,BEAR
2026-03-06,7,ONESOURCE.NS,B,3.9531000392044393,10.0,5.0,26.0,-34.14,Pharmaceuticals & Biotechnology,-1.432,-8.304,-7.05,BEAR
2026-03-06,7,RADICO.NS,A,7.812500297280035,9.0,31.0,-12.0,-22.97,Beverages,2.755,-5.27,-2.431,BEAR
2026-03-06,7,UBL.NS,A,6.551116731430291,10.0,39.0,4.0,-22.99,Beverages,-6.088,-9.503,-13.93,BEAR
2026-03-06,7,ABDL.NS,A,5.127919652346355,9.0,8.0,2.0,-31.89,Diversified FMCG,-3.827,-16.471,-7.045,BEAR
2026-03-06,7,MIDHANI.NS,B,2.6771460411556167,7.0,20.0,25.0,-24.77,Diversified Metals,-9.253,-12.856,-9.164,BEAR
2026-03-06,7,SANOFICONR.NS,B,4.097724481441048,8.0,10.0,27.0,-25.18,Healthcare Services,-3.495,-7.921,4.914,BEAR
2026-03-06,7,SHAREINDIA.NS,A,6.5466648527249065,7.0,0.0,0.0,-37.14,Finance,-2.148,-8.748,0.822,BEAR
2026-03-09,8,PRAJIND.NS,B,2.6587908307222516,9.0,0.0,24.0,-46.16,Industrial Products,-2.978,-0.446,8.455,BEAR
2026-03-09,8,NEOGEN.NS,A,5.207789236566532,9.0,32.0,13.0,-22.42,Diversified Metals,-8.723,-16.902,-18.198,BEAR
2026-03-09,8,RENUKA.NS,B,3.680472913974029,9.0,0.0,25.0,-30.85,Diversified FMCG,-5.03,-2.994,12.495,BEAR
2026-03-09,8,YATHARTH.NS,B,2.6956071468507705,7.0,22.0,26.0,-21.2,Healthcare Services,-3.669,-4.997,-0.991,BEAR
2026-03-10,9,AIIL.NS,A,19.997537811905396,9.0,5.0,15.0,-28.79,Finance,7.139,16.231,-2.593,BEAR
2026-03-10,9,BAYERCROP.NS,B,3.145229629141856,9.0,8.0,27.0,-27.43,Fertilizers & Agrochemicals,-0.77,-0.425,6.426,BEAR
2026-03-10,9,CGCL.NS,A,6.318220104546314,8.0,0.0,11.0,-28.35,Finance,0.644,0.455,5.838,BEAR
2026-03-10,9,DIXON.NS,A,11.260709914320685,8.0,0.0,0.0,-40.95,Consumer Durables,0.857,-1.912,0.17,BEAR
2026-03-10,9,FACT.NS,A,19.996983732991787,9.0,1.0,17.0,-28.52,Fertilizers & Agrochemicals,-8.001,-10.696,-7.583,BEAR
2026-03-10,9,HAPPSTMNDS.NS,A,17.58920175045716,9.0,0.0,1.0,-42.82,IT - Software,-6.74,-3.303,-7.117,BEAR
2026-03-10,9,KAYNES.NS,B,3.7765424113704182,7.0,0.0,24.0,-50.14,Industrial Products,-0.274,-0.22,4.973,BEAR
2026-03-10,9,MAZDOCK.NS,B,3.984084526864265,9.0,0.0,27.0,-33.84,Transport Services,0.854,-7.397,-1.687,BEAR
2026-03-10,9,RCF.NS,A,16.125515096903374,9.0,0.0,16.0,-22.03,Fertilizers & Agrochemicals,-1.943,-6.324,2.024,BEAR
2026-03-10,9,REDINGTON.NS,A,11.598872813218899,9.0,17.0,4.0,-20.83,Commercial Services & Supplies,-6.49,-14.577,-11.763,BEAR
2026-03-10,9,TEJASNET.NS,A,8.988497358449756,9.0,27.0,2.0,-49.03,Telecom - Equipment & Accessories,-4.337,-9.928,-6.314,BEAR
2026-03-10,9,TARIL.NS,B,4.1441441441441444,8.0,0.0,26.0,-51.33,Electrical Equipment,-0.19,-2.246,-2.73,BEAR
2026-03-10,9,DBL.NS,B,4.856587954027016,6.0,14.0,28.0,-21.57,Industrial Manufacturing,-3.422,-10.477,-5.884,BEAR
2026-03-10,9,NFL.NS,A,13.19592561739183,8.0,0.0,13.0,-28.37,Diversified Metals,-5.699,-7.492,-1.886,BEAR
2026-03-10,9,PRINCEPIPE.NS,A,5.743458763975132,8.0,0.0,0.0,-35.79,Industrial Manufacturing,-4.98,-12.116,-8.025,BEAR
2026-03-10,9,SHAREINDIA.NS,A,5.157432736598798,7.0,0.0,0.0,-35.42,Finance,-3.759,-7.935,3.923,BEAR
2026-03-10,9,STYRENIX.NS,B,2.845009319848063,9.0,0.0,23.0,-43.28,Diversified Metals,-2.493,-5.55,-5.761,BEAR
2026-03-11,10,ACMESOLAR.NS,B,2.7260966748054134,9.0,6.0,36.0,-28.94,Power,9.143,5.848,13.754,BEAR
2026-03-11,10,ATGL.NS,A+B,19.991535562844376,9.0,0.0,40.0,-28.96,Gas,-8.468,-14.286,-9.496,BEAR
2026-03-11,10,FACT.NS,A+B,11.378228371814034,9.0,18.0,29.0,-20.39,Fertilizers & Agrochemicals,-6.763,-6.49,1.876,BEAR
2026-03-11,10,HAPPSTMNDS.NS,B,2.809339407432404,7.0,1.0,26.0,-40.54,IT - Software,-9.143,-2.677,-7.236,BEAR
2026-03-11,10,JINDALSAW.NS,A+B,19.409096170021083,9.0,0.0,61.0,-30.21,Ferrous Metals,-4.754,-5.161,1.766,BEAR
2026-03-11,10,ELECTCAST.NS,A+B,19.993656295294613,9.0,0.0,27.0,-44.72,Industrial Manufacturing,-9.155,-2.223,6.188,BEAR
2026-03-11,10,IONEXCHANG.NS,B,6.868132110582717,6.0,0.0,26.0,-36.14,Industrial Manufacturing,-3.866,-2.797,4.189,BEAR
2026-03-11,10,JAIBALAJI.NS,A,10.535802775334515,8.0,0.0,0.0,-54.86,Diversified Metals,-6.505,-11.088,-6.716,BEAR
2026-03-11,10,JISLJALEQS.NS,A,9.941343875826714,9.0,0.0,0.0,-46.41,Industrial Manufacturing,-11.489,-12.391,-7.359,BEAR
2026-03-11,10,PRINCEPIPE.NS,B,5.431496509939577,6.0,0.0,27.0,-32.31,Industrial Manufacturing,-6.232,-9.739,-7.035,BEAR
2026-03-11,10,STYRENIX.NS,A,5.181669368245174,9.0,23.0,2.0,-40.34,Diversified Metals,-5.782,-7.18,-5.82,BEAR
2026-03-11,10,WABAG.NS,B,4.473001201857205,6.0,13.0,28.0,-25.29,Industrial Manufacturing,-6.143,-2.165,3.173,BEAR
2026-03-12,11,ATGL.NS,A+B,7.179387796629879,8.0,40.0,33.0,-23.86,Gas,-2.474,-6.503,2.677,BEAR
2026-03-12,11,HFCL.NS,B,3.344440388233072,9.0,41.0,32.0,-20.63,Telecom - Services,-1.125,-1.681,17.271,BEAR
2026-03-12,11,KPRMILL.NS,A+B,12.146996797931262,9.0,0.0,26.0,-34.21,Textiles & Apparels,-1.918,0.441,3.903,BEAR
2026-03-12,11,SAREGAMA.NS,A+B,5.542059118287545,8.0,0.0,25.0,-41.74,Entertainment,0.438,-3.576,-3.824,BEAR
2026-03-12,11,ACI.NS,B,5.333202294840018,6.0,13.0,28.0,-22.23,Diversified Metals,1.545,2.753,3.986,BEAR
2026-03-12,11,GALLANTT.NS,A,5.508281566973378,8.0,9.0,1.0,-31.12,Diversified Metals,2.754,0.305,21.708,BEAR
2026-03-12,11,JKPAPER.NS,B,2.5512534214702263,8.0,16.0,26.0,-21.83,Diversified Metals,0.283,-3.006,4.852,BEAR
2026-03-12,11,KPIGREEN.NS,A,8.523508099954,7.0,0.0,13.0,-29.77,Power,-5.876,-8.205,2.366,BEAR
2026-03-13,12,ACMESOLAR.NS,A,6.4686765498383325,10.0,44.0,2.0,-21.11,Power,-2.997,6.828,15.991,BEAR
2026-03-13,12,AIIL.NS,A,5.640221358868376,9.0,8.0,2.0,-30.48,Finance,3.534,-7.38,-7.617,BEAR
2026-03-13,12,IFCI.NS,B,6.042628870123454,6.0,34.0,32.0,-23.21,Finance,-9.277,-14.086,1.705,BEAR
2026-03-13,12,LTTS.NS,A,9.605371390198114,9.0,0.0,13.0,-27.42,IT - Services,-7.498,-6.111,0.938,BEAR
2026-03-16,13,ITI.NS,A,14.382992325956447,9.0,0.0,15.0,-25.67,Telecom - Equipment & Accessories,-6.975,-13.152,5.021,BEAR
2026-03-16,13,JINDALSAW.NS,B,2.7909874493211304,9.0,29.0,32.0,-30.69,Ferrous Metals,-9.088,-8.513,2.403,BEAR
2026-03-16,13,TEJASNET.NS,A,5.277416245086235,9.0,27.0,1.0,-50.96,Telecom - Equipment & Accessories,-5.322,-13.085,-0.416,BEAR
2026-03-16,13,CSBBANK.NS,A,7.478184476792038,8.0,16.0,3.0,-37.82,Finance,1.541,-3.718,14.647,BEAR
2026-03-16,13,GANECOS.NS,A,7.002932265338413,8.0,24.0,2.0,-51.61,Consumer Durables,-7.58,0.811,24.16,BEAR
2026-03-17,14,IGIL.NS,A+B,5.879470964838944,9.0,10.0,28.0,-25.54,Commercial Services & Supplies,-1.946,-4.423,3.524,BEAR
2026-03-17,14,JYOTICNC.NS,A,6.057814830738367,9.0,0.0,0.0,-43.73,Industrial Products,1.642,0.255,-8.566,BEAR
2026-03-17,14,LLOYDSME.NS,A+B,7.7667452448227055,8.0,12.0,30.0,-23.31,Other Construction Materials,4.868,8.067,21.227,BEAR
2026-03-17,14,TARIL.NS,A+B,6.5213331702976145,9.0,0.0,25.0,-52.27,Electrical Equipment,-2.06,-5.037,6.924,BEAR
2026-03-17,14,MOIL.NS,A,19.99596461781824,9.0,0.0,16.0,-25.33,Diversified Metals,-1.515,0.341,5.227,BEAR
2026-03-17,14,WEBELSOLAR.NS,A,15.537621762142425,7.0,0.0,0.0,-61.27,IT - Services,19.884,14.676,40.781,BEAR
2026-03-18,15,BLUEJET.NS,A,8.706744514474082,9.0,0.0,0.0,-62.64,Pharmaceuticals & Biotechnology,-3.311,-2.23,14.022,BEAR
2026-03-18,15,CERA.NS,A,8.268862828688688,7.0,0.0,1.0,-30.86,Other Construction Materials,-0.635,-1.706,10.768,BEAR
2026-03-18,15,JBMA.NS,A+B,18.80332903243407,9.0,0.0,41.0,-25.98,Auto Components,4.317,2.323,13.69,BEAR
2026-03-18,15,KAJARIACER.NS,B,4.198702163418192,6.0,14.0,27.0,-27.01,Other Construction Materials,2.746,5.72,27.009,BEAR
2026-03-18,15,KIRLOSBROS.NS,B,3.920147455914185,9.0,0.0,25.0,-36.05,Industrial Manufacturing,-2.294,-9.297,12.224,BEAR
2026-03-18,15,MMTC.NS,A,17.88938741314944,9.0,1.0,17.0,-28.94,Commercial Services & Supplies,-5.659,-8.405,2.432,BEAR
2026-03-18,15,MAZDOCK.NS,B,4.004565531908341,9.0,0.0,27.0,-34.51,Transport Services,-4.468,-4.099,8.605,BEAR
2026-03-18,15,NAVA.NS,B,2.575732363767768,6.0,20.0,25.0,-22.63,Power,5.078,2.856,15.049,BEAR
2026-03-18,15,OLECTRA.NS,A+B,16.866799340140748,9.0,0.0,27.0,-38.4,Automobiles,6.265,1.928,21.288,BEAR
2026-03-18,15,PREMIERENE.NS,A,7.1992064225957675,7.0,29.0,14.0,-25.23,Electrical Equipment,6.08,6.132,16.053,BEAR
2026-03-18,15,TRIDENT.NS,A,10.788763035963033,9.0,0.0,12.0,-28.32,Textiles & Apparels,4.392,1.858,9.291,BEAR
2026-03-18,15,TIINDIA.NS,B,3.38462991774416,8.0,13.0,27.0,-25.09,Auto Components,6.024,1.474,8.81,BEAR
2026-03-18,15,CSBBANK.NS,A,10.363352051184274,8.0,18.0,4.0,-32.05,Finance,-3.196,-1.718,7.244,BEAR
2026-03-18,15,ELECTCAST.NS,A+B,6.232661669715937,9.0,0.0,25.0,-46.8,Industrial Manufacturing,7.631,11.162,17.695,BEAR
2026-03-18,15,ENTERO.NS,A,8.308986056564002,8.0,0.0,14.0,-26.4,Healthcare Services,12.846,13.886,13.941,BEAR
2026-03-18,15,HEMIPROP.NS,B,4.765517405880782,7.0,3.0,38.0,-27.6,Realty,-5.125,-13.158,-4.146,BEAR
2026-03-18,15,INDIASHLTR.NS,B,8.397549556063199,6.0,0.0,39.0,-25.62,Finance,4.702,6.014,12.501,BEAR
2026-03-18,15,JISLJALEQS.NS,A,8.597133968772997,7.0,0.0,0.0,-50.96,Industrial Manufacturing,-1.019,-3.122,12.553,BEAR
2026-03-18,15,LUXIND.NS,A,7.600609158979122,8.0,0.0,0.0,-43.7,Consumer Durables,1.436,0.325,57.335,BEAR
2026-03-18,15,POLYPLEX.NS,A+B,7.065089056247007,7.0,0.0,26.0,-36.27,Diversified Metals,-5.097,-6.949,4.254,BEAR
2026-03-18,15,ROUTE.NS,A,7.913345837695679,7.0,0.0,0.0,-57.86,Telecom - Services,-3.637,-3.732,6.3,BEAR
2026-03-18,15,STYRENIX.NS,B,3.3546575980660744,8.0,0.0,24.0,-41.83,Diversified Metals,-1.484,-6.372,11.091,BEAR
2026-03-18,15,THOMASCOOK.NS,A,9.781749967236655,7.0,0.0,0.0,-48.31,Consumer Durables,-2.926,-3.108,10.641,BEAR
2026-03-19,16,ATGL.NS,A+B,7.854164274697843,7.0,0.0,29.0,-30.31,Gas,-4.131,-5.771,14.677,BEAR
2026-03-19,16,JPPOWER.NS,A+B,11.666666666666666,9.0,0.0,29.0,-39.53,Power,-9.963,-8.252,17.359,BEAR
2026-03-20,17,AWL.NS,A,8.974363191382507,7.0,0.0,1.0,-34.03,Food Products,1.374,2.578,5.281,BEAR
2026-03-20,17,AKUMS.NS,B,3.246471869533381,6.0,39.0,32.0,-22.4,Pharmaceuticals & Biotechnology,-0.278,5.552,14.099,BEAR
2026-03-20,17,BAYERCROP.NS,A+B,5.5841539838854075,9.0,8.0,29.0,-25.64,Fertilizers & Agrochemicals,3.493,4.119,8.12,BEAR
2026-03-20,17,FIRSTCRY.NS,A+B,19.427781601877953,9.0,0.0,26.0,-42.82,Retailing,-5.716,2.593,14.581,BEAR
2026-03-20,17,HAPPSTMNDS.NS,A+B,10.547561644236062,7.0,0.0,28.0,-38.45,IT - Software,-8.048,-1.846,-3.616,BEAR
2026-03-20,17,JBMA.NS,B,3.3336346454196057,9.0,2.0,37.0,-28.2,Auto Components,-4.707,3.708,13.862,BEAR
2026-03-20,17,KAJARIACER.NS,B,3.2560916909908566,6.0,15.0,26.0,-27.32,Other Construction Materials,3.283,11.068,33.266,BEAR
2026-03-20,17,LLOYDSME.NS,A+B,5.095328426698654,9.0,14.0,28.0,-22.72,Other Construction Materials,5.134,18.775,34.681,BEAR
2026-03-20,17,OLECTRA.NS,A+B,9.652281954371585,9.0,0.0,29.0,-35.98,Automobiles,-5.64,0.796,16.885,BEAR
2026-03-20,17,TARIL.NS,B,3.955525550990837,6.0,0.0,25.0,-51.98,Electrical Equipment,-5.586,1.875,19.284,BEAR
2026-03-20,17,LUXIND.NS,B,3.5769316391453145,8.0,0.0,24.0,-42.73,Consumer Durables,-10.844,16.781,60.846,BEAR
2026-03-20,17,RAYMONDLSL.NS,A,8.082566403053791,7.0,0.0,2.0,-38.44,Consumer Durables,-3.314,1.842,2.086,BEAR
2026-03-20,17,RENUKA.NS,B,4.451916829344043,9.0,0.0,25.0,-30.63,Diversified FMCG,14.061,17.959,15.761,BEAR
2026-03-20,17,STARCEMENT.NS,B,3.023236672296572,9.0,0.0,36.0,-29.64,Diversified Metals,-4.948,-1.59,3.367,BEAR
2026-03-20,17,WABAG.NS,B,2.9977516252916185,6.0,13.0,27.0,-26.19,Industrial Manufacturing,-1.372,7.337,21.287,BEAR
2026-03-20,17,WEBELSOLAR.NS,A+B,19.99037703187816,9.0,0.0,27.0,-52.92,IT - Services,-15.282,-0.483,15.674,BEAR
2026-03-23,18,ENTERO.NS,B,3.60424868713703,9.0,40.0,32.0,-23.13,Healthcare Services,1.778,-5.302,2.79,BEAR
2026-03-24,19,ABBOTINDIA.NS,A,5.159897979203453,8.0,0.0,9.0,-26.56,Pharmaceuticals & Biotechnology,0.322,-2.102,-3.73,BEAR
2026-03-24,19,ALKYLAMINE.NS,A,14.143934428328505,9.0,0.0,0.0,-41.99,Chemicals & Petrochemicals,-4.564,0.181,8.235,BEAR
2026-03-24,19,BLS.NS,A,16.978576728967024,9.0,0.0,1.0,-38.88,Leisure Services,-3.382,12.688,10.467,BEAR
2026-03-24,19,CGCL.NS,A,6.058335216250219,8.0,0.0,13.0,-26.67,Finance,3.512,5.359,10.117,BEAR
2026-03-24,19,FACT.NS,B,4.438161543590273,9.0,6.0,37.0,-28.55,Fertilizers & Agrochemicals,-0.582,3.486,17.963,BEAR
2026-03-24,19,HFCL.NS,B,4.647321501823814,6.0,11.0,28.0,-25.84,Telecom - Services,2.171,5.978,41.506,BEAR
2026-03-24,19,JBMA.NS,A+B,5.825781262963762,9.0,2.0,38.0,-27.57,Auto Components,-2.017,1.327,9.831,BEAR
2026-03-24,19,JUBLPHARMA.NS,A,5.409208860402161,8.0,0.0,0.0,-31.06,Pharmaceuticals & Biotechnology,-5.019,2.094,7.939,BEAR
2026-03-24,19,KEC.NS,A,5.953195273862157,7.0,0.0,0.0,-42.03,Construction,-5.056,3.228,7.111,BEAR
2026-03-24,19,SAREGAMA.NS,B,2.536995995662467,9.0,0.0,24.0,-43.09,Entertainment,-1.251,-3.255,3.738,BEAR
2026-03-24,19,TARIL.NS,B,3.8789949679978895,8.0,0.0,25.0,-52.87,Electrical Equipment,-3.04,-0.495,9.438,BEAR
2026-03-24,19,TRIVENI.NS,B,6.499848948087116,6.0,28.0,59.0,-20.01,Agricultural Food & other Products,-3.608,-4.823,0.982,BEAR
2026-03-24,19,TIINDIA.NS,B,3.9498218395892346,7.0,13.0,27.0,-24.83,Auto Components,-4.09,1.666,12.75,BEAR
2026-03-24,19,ALIVUS.NS,B,3.8162995715027015,10.0,39.0,33.0,-20.42,Healthcare Services,-0.056,6.042,7.322,BEAR
2026-03-24,19,ELECTCAST.NS,A+B,6.269500948858599,9.0,0.0,26.0,-45.23,Industrial Manufacturing,4.804,6.483,3.1,BEAR
2026-03-24,19,ICIL.NS,A,9.988875171631674,7.0,0.0,13.0,-29.03,Consumer Durables,-4.652,-3.471,6.207,BEAR
2026-03-24,19,RATNAMANI.NS,A+B,5.01269779165705,8.0,12.0,28.0,-24.97,Diversified Metals,-2.523,-0.484,6.036,BEAR
2026-03-24,19,SHILPAMED.NS,A,8.211939617501955,7.0,27.0,3.0,-32.32,Healthcare Services,8.514,16.913,18.259,BEAR
2026-03-24,19,TI.NS,B,4.868102588241906,7.0,23.0,27.0,-20.45,Diversified FMCG,-4.765,-2.886,6.599,BEAR
2026-03-25,20,AFFLE.NS,A,6.960855807511512,9.0,0.0,0.0,-36.24,IT - Services,2.002,0.165,2.805,BEAR
2026-03-25,20,AKUMS.NS,B,3.338911719043569,7.0,41.0,32.0,-20.76,Pharmaceuticals & Biotechnology,1.094,-0.385,9.288,BEAR
2026-03-25,20,AIIL.NS,A+B,6.749091755670602,9.0,20.0,28.0,-22.88,Finance,-20.315,-18.312,-4.737,BEAR
2026-03-25,20,DMART.NS,B,4.107548218504592,8.0,9.0,28.0,-20.99,Retailing,11.548,12.908,15.608,BEAR
2026-03-25,20,CUB.NS,B,7.386963986861442,6.0,35.0,33.0,-21.95,Banks,-4.926,-0.19,4.969,BEAR
2026-03-25,20,DCMSHRIRAM.NS,B,4.313389761946975,8.0,13.0,27.0,-24.83,Diversified,1.054,-0.973,7.368,BEAR
2026-03-25,20,DEEPAKFERT.NS,A,8.468595736796496,9.0,0.0,0.0,-43.43,Chemicals & Petrochemicals,-0.631,5.926,25.459,BEAR
2026-03-25,20,GODFRYPHLP.NS,A,8.274044795783926,8.0,0.0,0.0,-47.65,Cigarettes & Tobacco Products,-7.038,-0.959,4.809,BEAR
2026-03-25,20,JINDALSAW.NS,B,3.6104808602277485,9.0,2.0,27.0,-32.85,Ferrous Metals,1.724,7.303,30.094,BEAR
2026-03-25,20,MAHSEAMLES.NS,A,5.294229151216657,10.0,36.0,4.0,-23.97,Ferrous Metals,1.492,4.976,12.738,BEAR
2026-03-25,20,PCBL.NS,A,15.698051495452992,9.0,0.0,2.0,-38.26,Chemicals & Petrochemicals,-4.011,0.497,7.755,BEAR
2026-03-25,20,SAGILITY.NS,A,6.88638723429744,8.0,0.0,1.0,-31.02,IT - Services,4.613,7.095,5.716,BEAR
2026-03-25,20,SAMMAANCAP.NS,B,6.04289272104727,6.0,33.0,57.0,-23.88,Finance,0.048,4.541,-1.791,BEAR
2026-03-25,20,ASKAUTOLTD.NS,A+B,6.946787130149795,8.0,12.0,29.0,-23.22,Consumer Durables,-1.722,-1.25,-2.161,BEAR
2026-03-25,20,GATEWAY.NS,A,7.431248955087688,7.0,9.0,5.0,-24.35,Industrial Manufacturing,-1.398,2.832,4.684,BEAR
2026-03-25,20,INDIASHLTR.NS,A+B,5.974975499700144,8.0,11.0,28.0,-25.5,Finance,1.254,1.36,6.912,BEAR
2026-03-25,20,JKPAPER.NS,B,4.4234053298101,7.0,12.0,28.0,-24.37,Diversified Metals,-1.977,2.423,13.317,BEAR
2026-03-25,20,JSFB.NS,A+B,6.2465294940267055,8.0,0.0,28.0,-30.73,Finance,-2.613,2.182,22.524,BEAR
2026-03-25,20,RENUKA.NS,B,3.333339089392488,9.0,0.0,36.0,-29.96,Diversified FMCG,11.987,9.638,15.054,BEAR
2026-03-25,20,SPARC.NS,A+B,17.48145291383687,9.0,0.0,28.0,-35.69,Healthcare Services,-5.622,11.198,8.695,BEAR
2026-03-25,20,WABAG.NS,B,3.565822734952791,6.0,14.0,27.0,-25.3,Industrial Manufacturing,-0.975,5.456,17.015,BEAR
2026-03-26,21,AFFLE.NS,A,6.960855807511512,9.0,0.0,0.0,-36.24,IT - Services,-1.694,-3.077,-2.725,BEAR
2026-03-26,21,AIIL.NS,A,6.749091755670602,9.0,48.0,0.0,-22.88,Finance,-13.624,-9.21,0.216,BEAR
2026-03-26,21,DEEPAKFERT.NS,A,8.468595736796496,9.0,0.0,0.0,-43.43,Chemicals & Petrochemicals,4.44,14.549,28.547,BEAR
2026-03-26,21,GODFRYPHLP.NS,A,8.274044795783926,8.0,0.0,0.0,-47.65,Cigarettes & Tobacco Products,0.458,10.541,10.835,BEAR
2026-03-26,21,MAHSEAMLES.NS,A,5.294229151216657,10.0,40.0,0.0,-23.97,Ferrous Metals,4.447,10.615,14.023,BEAR
2026-03-26,21,PCBL.NS,A,15.698051495452992,9.0,2.0,0.0,-38.26,Chemicals & Petrochemicals,1.323,6.895,10.382,BEAR
2026-03-26,21,SAGILITY.NS,A,6.88638723429744,8.0,1.0,0.0,-31.02,IT - Services,-0.048,0.862,-0.91,BEAR
2026-03-26,21,ASKAUTOLTD.NS,A,6.946787130149795,8.0,41.0,0.0,-23.22,Consumer Durables,-0.513,0.319,-2.302,BEAR
2026-03-26,21,GATEWAY.NS,A,7.431248955087688,7.0,14.0,0.0,-24.35,Industrial Manufacturing,0.574,5.796,5.611,BEAR
2026-03-26,21,INDIASHLTR.NS,A,5.974975499700144,8.0,39.0,0.0,-25.5,Finance,3.576,5.082,9.879,BEAR
2026-03-26,21,JSFB.NS,A,6.2465294940267055,8.0,28.0,0.0,-30.73,Finance,0.188,3.387,23.481,BEAR
2026-03-26,21,SPARC.NS,A,17.48145291383687,9.0,28.0,0.0,-35.69,Healthcare Services,2.622,22.707,15.212,BEAR
2026-03-27,22,ONESOURCE.NS,A+B,8.470129830440207,8.0,2.0,28.0,-35.63,Pharmaceuticals & Biotechnology,-4.425,4.873,24.306,BEAR
2026-03-27,22,OFSS.NS,A,5.273526291862404,8.0,0.0,11.0,-29.1,IT - Software,4.249,6.44,39.058,BEAR
2026-03-27,22,RENUKA.NS,A,5.495814923229029,9.0,36.0,3.0,-26.11,Diversified FMCG,3.418,-0.764,1.927,BEAR
2026-03-30,23,BAYERCROP.NS,B,3.0912344718797535,9.0,9.0,27.0,-26.78,Fertilizers & Agrochemicals,0.121,5.325,-0.973,BOTTOM
2026-03-30,23,ARVINDFASN.NS,A,5.503984081865784,7.0,3.0,2.0,-30.31,Consumer Durables,6.245,18.736,10.149,BOTTOM
2026-03-30,23,GANECOS.NS,A,9.113611152351082,9.0,24.0,2.0,-50.99,Consumer Durables,30.14,23.161,21.847,BOTTOM
2026-03-30,23,SANOFICONR.NS,A+B,5.206221889915555,7.0,0.0,36.0,-27.08,Healthcare Services,5.405,7.503,8.941,BOTTOM
2026-03-30,23,WESTLIFE.NS,A,8.792946300443766,9.0,0.0,1.0,-41.19,Consumer Durables,-7.085,-4.779,-0.613,BOTTOM
2026-03-31,24,ARVINDFASN.NS,A,5.503984081865784,7.0,5.0,0.0,-30.31,Consumer Durables,11.62,17.443,7.609,BOTTOM
2026-03-31,24,GANECOS.NS,A,9.113611152351082,9.0,26.0,0.0,-50.99,Consumer Durables,1.047,3.429,3.61,BOTTOM
2026-03-31,24,SANOFICONR.NS,A,5.206221889915555,7.0,36.0,0.0,-27.08,Healthcare Services,-1.237,3.62,5.571,BOTTOM
2026-03-31,24,WESTLIFE.NS,A,8.792946300443766,9.0,1.0,0.0,-41.19,Consumer Durables,-0.542,1.821,4.303,BOTTOM
2026-04-01,25,AKUMS.NS,B,6.511479447776542,6.0,39.0,34.0,-20.31,Pharmaceuticals & Biotechnology,-1.463,10.35,9.668,BOTTOM
2026-04-01,25,ALKYLAMINE.NS,A,6.804161293382363,8.0,0.0,0.0,-46.06,Chemicals & Petrochemicals,3.404,8.165,14.943,BOTTOM
2026-04-01,25,ANGELONE.NS,A,5.744300705111241,8.0,12.0,3.0,-25.57,Capital Markets,17.002,21.491,28.175,BOTTOM
2026-04-01,25,BLS.NS,A,8.385321569032214,9.0,0.0,1.0,-38.87,Leisure Services,6.896,11.233,3.692,BOTTOM
2026-04-01,25,FIRSTCRY.NS,A,5.918211600166108,8.0,0.0,0.0,-49.7,Retailing,8.251,10.297,6.633,BOTTOM
2026-04-01,25,CHAMBLFERT.NS,B,4.569955341491475,8.0,0.0,25.0,-38.66,Fertilizers & Agrochemicals,0.608,0.188,-3.172,BOTTOM
2026-04-01,25,COCHINSHIP.NS,A,12.195122200764793,7.0,0.0,0.0,-47.09,Transport Services,8.323,13.967,31.868,BOTTOM
2026-04-01,25,DEEPAKFERT.NS,A,8.729370251478272,8.0,0.0,0.0,-44.03,Chemicals & Petrochemicals,6.598,20.74,27.449,BOTTOM
2026-04-01,25,DIXON.NS,A,6.006409593714463,7.0,0.0,0.0,-44.49,Consumer Durables,7.106,13.775,12.56,BOTTOM
2026-04-01,25,FACT.NS,B,4.872188321497817,9.0,6.0,37.0,-29.32,Fertilizers & Agrochemicals,11.27,12.685,16.213,BOTTOM
2026-04-01,25,FSL.NS,A,5.137237649275997,7.0,0.0,0.0,-45.62,Commercial Services & Supplies,0.579,12.141,-1.763,BOTTOM
2026-04-01,25,GRSE.NS,A,19.59144314851306,9.0,4.0,5.0,-32.85,Aerospace & Defense,11.896,15.63,29.952,BOTTOM
2026-04-01,25,GODREJIND.NS,A,11.061411960739319,9.0,0.0,0.0,-40.15,Diversified,3.652,9.182,13.915,BOTTOM
2026-04-01,25,HFCL.NS,B,6.793399011034403,6.0,13.0,29.0,-22.76,Telecom - Services,11.001,27.552,61.782,BOTTOM
2026-04-01,25,HAPPSTMNDS.NS,A+B,8.779951053539016,7.0,0.0,26.0,-41.16,IT - Software,-3.485,-2.912,-5.1,BOTTOM
2026-04-01,25,IRCON.NS,A,8.73146582411021,9.0,0.0,0.0,-43.63,Construction,6.778,13.932,21.799,BOTTOM
2026-04-01,25,ITI.NS,A,6.814471063865994,9.0,0.0,0.0,-31.52,Telecom - Equipment & Accessories,16.701,14.209,17.286,BOTTOM
2026-04-01,25,JBMA.NS,A+B,8.898588177765648,9.0,0.0,39.0,-28.97,Auto Components,7.7,11.109,12.186,BOTTOM
2026-04-01,25,JPPOWER.NS,A+B,6.410253710652358,7.0,0.0,25.0,-46.06,Power,11.992,30.646,31.379,BOTTOM
2026-04-01,25,JINDALSAW.NS,B,4.4888605503963355,9.0,3.0,27.0,-30.52,Ferrous Metals,5.485,15.449,16.143,BOTTOM
2026-04-01,25,JWL.NS,A,7.803438091550426,8.0,0.0,0.0,-43.69,Transport Infrastructure,4.793,9.567,10.569,BOTTOM
2026-04-01,25,JYOTICNC.NS,A,6.1231576784571295,9.0,0.0,0.0,-42.4,Industrial Products,4.447,-9.139,-3.057,BOTTOM
2026-04-01,25,KAJARIACER.NS,A+B,7.792632769213073,9.0,15.0,28.0,-24.23,Other Construction Materials,12.356,20.138,21.929,BOTTOM
2026-04-01,25,KIRLOSBROS.NS,A,5.346873040947385,9.0,0.0,0.0,-42.81,Industrial Manufacturing,8.996,23.727,23.221,BOTTOM
2026-04-01,25,LTTS.NS,A,6.480445013691412,9.0,0.0,11.0,-29.67,IT - Services,-0.427,3.008,8.329,BOTTOM
2026-04-01,25,MMTC.NS,A,5.911711940998566,9.0,1.0,2.0,-37.43,Commercial Services & Supplies,6.142,11.832,17.016,BOTTOM
2026-04-01,25,MAZDOCK.NS,A,12.250629768630294,9.0,0.0,0.0,-38.21,Transport Services,7.547,13.247,20.692,BOTTOM
2026-04-01,25,MOTILALOFS.NS,A,7.467404188067957,7.0,2.0,2.0,-37.52,Capital Markets,11.125,14.286,16.833,BOTTOM
2026-04-01,25,OLAELEC.NS,A,13.55263270169418,8.0,0.0,0.0,-63.66,Automobiles,28.158,36.486,29.005,BOTTOM
2026-04-01,25,OLECTRA.NS,A+B,6.16817341122251,9.0,0.0,26.0,-40.16,Automobiles,10.901,18.993,22.106,BOTTOM
2026-04-01,25,PCBL.NS,A,6.4765440655481505,9.0,0.0,0.0,-41.03,Chemicals & Petrochemicals,4.696,9.728,12.223,BOTTOM
2026-04-01,25,PAGEIND.NS,B,2.6593233674272225,7.0,0.0,25.0,-34.86,Textiles & Apparels,5.907,8.941,8.366,BOTTOM
2026-04-01,25,POLYMED.NS,A,7.73234635830051,9.0,0.0,0.0,-56.24,Healthcare Equipment & Supplies,7.84,12.195,13.334,BOTTOM
2026-04-01,25,RCF.NS,A,8.54973554245089,8.0,0.0,11.0,-29.29,Fertilizers & Agrochemicals,11.25,11.99,12.425,BOTTOM
2026-04-01,25,TTML.NS,A,12.21300364099223,7.0,0.0,0.0,-56.62,Telecom - Services,11.139,20.38,18.069,BOTTOM
2026-04-01,25,TEJASNET.NS,A,8.750805901092233,7.0,25.0,2.0,-53.9,Telecom - Equipment & Accessories,4.77,3.101,-0.978,BOTTOM
2026-04-01,25,TRIDENT.NS,A,6.130604827786587,9.0,0.0,10.0,-29.94,Textiles & Apparels,3.358,7.297,7.67,BOTTOM
2026-04-01,25,UBL.NS,B,2.8701266994724026,9.0,0.0,27.0,-30.61,Beverages,-1.205,-1.744,-1.784,BOTTOM
2026-04-01,25,ZENTEC.NS,A,5.191557811889171,8.0,0.0,0.0,-40.6,Aerospace & Defense,12.142,11.491,22.228,BOTTOM
2026-04-01,25,ELECTCAST.NS,A,10.183299178024692,9.0,26.0,3.0,-40.68,Industrial Manufacturing,5.152,5.877,2.526,BOTTOM
2026-04-01,25,EIEL.NS,A+B,16.511153241218317,8.0,0.0,26.0,-46.62,Industrial Manufacturing,1.719,29.152,26.065,BOTTOM
2026-04-01,25,GALLANTT.NS,B,2.5975210780460114,8.0,9.0,35.0,-29.72,Diversified Metals,19.716,66.775,55.037,BOTTOM
2026-04-01,25,GANECOS.NS,A,19.997657040950195,9.0,26.0,5.0,-41.19,Consumer Durables,-5.225,-3.229,-5.459,BOTTOM
2026-04-01,25,JSFB.NS,B,2.5406064283078402,6.0,0.0,26.0,-33.16,Finance,4.924,6.144,22.927,BOTTOM
2026-04-01,25,KNRCON.NS,A,9.527597802405028,7.0,0.0,0.0,-49.97,Industrial Manufacturing,-2.709,2.461,3.345,BOTTOM
2026-04-01,25,KPIGREEN.NS,A,10.392938135344759,7.0,0.0,2.0,-31.01,Power,4.378,13.869,15.69,BOTTOM
2026-04-01,25,KSCL.NS,A+B,6.398319111394146,8.0,0.0,25.0,-47.67,Diversified Metals,8.774,10.157,15.555,BOTTOM
2026-04-01,25,NFL.NS,A,7.625551851091996,8.0,0.0,0.0,-37.11,Diversified Metals,7.944,10.049,12.327,BOTTOM
2026-04-01,25,PARADEEP.NS,A,8.093995223873716,8.0,0.0,0.0,-50.32,Diversified Metals,3.45,5.556,11.779,BOTTOM
2026-04-01,25,RTNINDIA.NS,A,11.496495637107222,7.0,0.0,0.0,-58.95,Consumer Durables,11.74,20.528,23.376,BOTTOM
2026-04-01,25,RTNPOWER.NS,A,9.788363142278685,7.0,0.0,0.0,-50.95,Power,6.174,17.191,22.518,BOTTOM
2026-04-01,25,ROUTE.NS,A,8.589985843397978,7.0,0.0,0.0,-60.43,Telecom - Services,5.346,10.42,14.797,BOTTOM
2026-04-01,25,SANOFICONR.NS,A,5.52556859168661,8.0,36.0,3.0,-23.05,Healthcare Services,-0.203,3.292,4.058,BOTTOM
2026-04-01,25,SHAREINDIA.NS,A,9.43090812221149,8.0,0.0,0.0,-38.82,Finance,9.544,14.108,6.311,BOTTOM
2026-04-01,25,SHILPAMED.NS,A+B,7.394674337025503,7.0,32.0,43.0,-24.97,Healthcare Services,7.74,5.94,4.564,BOTTOM
2026-04-01,25,ANUP.NS,A,7.800717183088729,7.0,0.0,0.0,-50.94,Industrial Manufacturing,6.547,17.223,17.921,BOTTOM
2026-04-01,25,WABAG.NS,B,6.808357101746669,6.0,1.0,39.0,-26.23,Industrial Manufacturing,6.494,16.199,21.781,BOTTOM
2026-04-01,25,WEBELSOLAR.NS,A+B,9.990742624977504,9.0,0.0,26.0,-55.13,IT - Services,2.423,15.008,44.919,BOTTOM
2026-04-01,25,ZAGGLE.NS,A,16.013230958012976,8.0,0.0,0.0,-53.71,IT - Services,7.36,12.434,2.486,BOTTOM
2026-04-02,26,AKZOINDIA.NS,B,4.189449724120669,9.0,11.0,29.0,-20.11,Chemicals & Petrochemicals,-0.538,-1.103,-1.374,BOTTOM
2026-04-02,26,BLS.NS,A+B,5.0859363564944395,9.0,1.0,27.0,-35.77,Leisure Services,7.481,10.6,3.692,BOTTOM
2026-04-02,26,CARBORUNIV.NS,A,6.417445482866044,9.0,36.0,5.0,-21.12,Industrial Products,4.854,10.082,11.446,BOTTOM
2026-04-02,26,COFORGE.NS,A,5.156425924352799,8.0,0.0,2.0,-38.87,IT - Software,0.898,8.522,-1.442,BOTTOM
2026-04-02,26,LATENTVIEW.NS,A,19.486979907236847,9.0,0.0,3.0,-39.69,IT - Software,-5.319,-0.368,-6.328,BOTTOM
2026-04-02,26,OLAELEC.NS,A+B,9.463116341049561,9.0,0.0,24.0,-60.22,Automobiles,44.248,44.037,29.005,BOTTOM
2026-04-02,26,TATACHEM.NS,A,7.44128956144417,8.0,0.0,0.0,-36.5,Chemicals & Petrochemicals,5.829,8.767,24.099,BOTTOM
2026-04-02,26,ARVINDFASN.NS,A,6.430042858148647,8.0,16.0,3.0,-24.39,Consumer Durables,9.982,7.96,1.222,BOTTOM
2026-04-02,26,ASTRAMICRO.NS,B,6.186256310503652,6.0,20.0,27.0,-20.17,IT - Services,6.613,14.78,18.113,BOTTOM
2026-04-02,26,CIGNITITEC.NS,A,5.517904468677788,7.0,0.0,2.0,-37.86,IT - Services,0.784,8.115,-1.401,BOTTOM
2026-04-02,26,GANECOS.NS,A+B,8.603992482561065,9.0,31.0,32.0,-36.13,Consumer Durables,-5.801,-5.089,-5.459,BOTTOM
2026-04-02,26,VMART.NS,A,12.769041938805941,9.0,0.0,1.0,-42.34,Consumer Durables,14.168,12.727,13.131,BOTTOM
2026-04-02,26,WEBELSOLAR.NS,A,7.036731889758559,9.0,26.0,2.0,-51.97,IT - Services,3.313,19.657,44.919,BOTTOM
2026-04-02,26,ZAGGLE.NS,A,8.014158000620904,9.0,0.0,1.0,-50.0,IT - Services,7.045,11.051,2.486,BOTTOM
2026-04-03,27,BLS.NS,A,5.0859363564944395,9.0,28.0,0.0,-35.77,Leisure Services,5.367,9.015,3.902,BOTTOM
2026-04-03,27,CARBORUNIV.NS,A,6.417445482866044,9.0,41.0,0.0,-21.12,Industrial Products,6.753,13.7,18.393,BOTTOM
2026-04-03,27,COFORGE.NS,A,5.156425924352799,8.0,2.0,0.0,-38.87,IT - Software,0.91,5.565,-5.622,BOTTOM
2026-04-03,27,LATENTVIEW.NS,A,19.486979907236847,9.0,3.0,0.0,-39.69,IT - Software,-3.842,0.782,-2.545,BOTTOM
2026-04-03,27,OLAELEC.NS,A,9.463116341049561,9.0,24.0,0.0,-60.22,Automobiles,31.107,34.361,24.734,BOTTOM
2026-04-03,27,TATACHEM.NS,A,7.44128956144417,8.0,0.0,0.0,-36.5,Chemicals & Petrochemicals,13.142,11.005,27.04,BOTTOM
2026-04-03,27,ARVINDFASN.NS,A,6.430042858148647,8.0,19.0,0.0,-24.39,Consumer Durables,8.615,5.713,-0.793,BOTTOM
2026-04-03,27,CIGNITITEC.NS,A,5.517904468677788,7.0,2.0,0.0,-37.86,IT - Services,0.673,5.012,-4.738,BOTTOM
2026-04-03,27,GANECOS.NS,A,8.603992482561065,9.0,63.0,0.0,-36.13,Consumer Durables,-6.78,-8.023,-6.597,BOTTOM
2026-04-03,27,VMART.NS,A,12.769041938805941,9.0,1.0,0.0,-42.34,Consumer Durables,0.057,4.498,3.796,BOTTOM
2026-04-03,27,WEBELSOLAR.NS,A,7.036731889758559,9.0,28.0,0.0,-51.97,IT - Services,4.502,16.236,52.5,BOTTOM
2026-04-03,27,ZAGGLE.NS,A,8.014158000620904,9.0,1.0,0.0,-50.0,IT - Services,11.019,12.688,9.105,BOTTOM
2026-04-06,28,ADANIGREEN.NS,A+B,7.605137334805782,8.0,12.0,30.0,-21.78,Power,17.302,24.277,43.881,BOTTOM
2026-04-06,28,CUB.NS,B,3.9170019351232774,8.0,35.0,32.0,-22.89,Banks,0.378,6.603,8.361,BOTTOM
2026-04-06,28,EIHOTEL.NS,A,5.343509106245853,7.0,0.0,1.0,-30.17,Leisure Services,3.664,14.185,10.655,BOTTOM
2026-04-06,28,KALYANKJIL.NS,A+B,6.593127829995541,8.0,1.0,28.0,-31.75,Consumer Durables,6.589,0.181,-1.87,BOTTOM
2026-04-06,28,KAYNES.NS,B,4.762577727529678,6.0,0.0,23.0,-51.89,Industrial Products,3.399,13.228,11.183,BOTTOM
2026-04-06,28,NEULANDLAB.NS,A+B,6.346014638462156,7.0,2.0,28.0,-33.04,Pharmaceuticals & Biotechnology,10.14,13.236,22.981,BOTTOM
2026-04-06,28,POLYMED.NS,B,2.690752940181885,6.0,0.0,24.0,-53.28,Healthcare Equipment & Supplies,4.54,6.511,14.878,BOTTOM
2026-04-06,28,TRENT.NS,A+B,7.970483642661088,8.0,0.0,26.0,-38.77,Retailing,1.371,14.844,8.172,BOTTOM
2026-04-06,28,AVALON.NS,B,2.65023995509052,6.0,32.0,57.0,-26.97,IT - Services,8.208,12.299,21.15,BOTTOM
2026-04-06,28,AWFIS.NS,A,5.566525618499893,7.0,0.0,0.0,-62.07,Industrial Manufacturing,13.121,24.39,27.599,BOTTOM
2026-04-06,28,LUXIND.NS,A+B,18.67698571828882,9.0,0.0,30.0,-34.17,Consumer Durables,11.463,21.182,17.383,BOTTOM
2026-04-06,28,OSWALPUMPS.NS,A,5.591257459498018,7.0,17.0,1.0,-63.01,Industrial Manufacturing,7.414,19.77,19.276,BOTTOM
2026-04-06,28,VMART.NS,A+B,12.39676725388406,9.0,1.0,29.0,-35.19,Consumer Durables,-2.257,2.927,-0.51,BOTTOM
2026-04-07,29,FIRSTCRY.NS,A+B,7.212177469613504,9.0,0.0,25.0,-44.6,Retailing,0.572,2.74,-2.627,BOTTOM
2026-04-07,29,CGCL.NS,B,2.7683763077051347,9.0,13.0,27.0,-20.55,Finance,3.64,4.517,11.947,BOTTOM
2026-04-07,29,COROMANDEL.NS,A,6.273125267161872,7.0,0.0,12.0,-25.75,Fertilizers & Agrochemicals,-1.248,-3.852,-4.627,BOTTOM
2026-04-07,29,RAINBOW.NS,B,4.906404241064185,8.0,10.0,28.0,-25.42,Healthcare Services,-0.48,1.786,0.968,BOTTOM
2026-04-07,29,TITAGARH.NS,A,8.743259020668996,9.0,1.0,14.0,-28.56,Transport Infrastructure,1.256,4.854,19.438,BOTTOM
2026-04-07,29,EPIGRAL.NS,B,5.462208026002675,6.0,0.0,24.0,-55.02,Diversified Metals,18.927,19.04,34.809,BOTTOM
2026-04-07,29,IMAGICAA.NS,A+B,5.282930246393256,7.0,0.0,27.0,-40.65,Telecom - Services,3.02,3.085,1.64,BOTTOM
2026-04-07,29,LLOYDSENT.NS,A,8.471723365882958,7.0,0.0,1.0,-46.32,Diversified Metals,2.731,17.32,14.996,BOTTOM
2026-04-07,29,LUXIND.NS,A+B,11.564057121411096,9.0,30.0,45.0,-26.56,Consumer Durables,8.516,21.361,9.811,BOTTOM
2026-04-07,29,OSWALPUMPS.NS,B,4.671334698234931,8.0,18.0,26.0,-61.28,Industrial Manufacturing,7.61,15.714,16.058,BOTTOM
2026-04-07,29,SHARDACROP.NS,A,6.846997203722678,9.0,66.0,2.0,-24.62,Diversified Metals,3.829,10.11,6.385,BOTTOM
2026-04-07,29,TIPSMUSIC.NS,B,3.359414919978591,8.0,12.0,27.0,-22.75,Telecom - Services,-0.109,8.633,18.253,BOTTOM
2026-04-07,29,EMUDHRA.NS,A,6.633499074892998,8.0,0.0,0.0,-49.0,IT - Services,3.55,4.128,3.757,BOTTOM
2026-04-08,30,ATGL.NS,A+B,7.59311194955727,7.0,1.0,38.0,-29.95,Gas,8.674,13.057,17.158,BOTTOM
2026-04-08,30,ABREL.NS,B,6.76978540921309,6.0,0.0,24.0,-50.18,"Paper, Forest & Jute Products",10.284,10.392,23.406,BOTTOM
2026-04-08,30,ANANTRAJ.NS,A,5.604527003124091,7.0,2.0,1.0,-34.75,Realty,6.974,7.027,16.602,BOTTOM
2026-04-08,30,AIIL.NS,A,7.07095061163963,8.0,5.0,1.0,-35.37,Finance,4.184,16.618,13.899,BOTTOM
2026-04-08,30,BLS.NS,A,10.493326374057887,9.0,28.0,14.0,-28.71,Leisure Services,4.057,-1.3,1.739,BOTTOM
2026-04-08,30,BRIGADE.NS,B,3.839477627327368,6.0,0.0,25.0,-45.95,Realty,5.342,11.968,10.285,BOTTOM
2026-04-08,30,CDSL.NS,A+B,6.971335638891773,7.0,1.0,37.0,-29.03,Capital Markets,6.918,3.463,-0.743,BOTTOM
2026-04-08,30,CERA.NS,A+B,5.077761314017871,8.0,0.0,37.0,-29.87,Other Construction Materials,4.712,8.664,8.399,BOTTOM
2026-04-08,30,CHOICEIN.NS,A,5.156072357985444,8.0,19.0,1.0,-21.31,Diversified,4.831,4.54,0.554,BOTTOM
2026-04-08,30,CHOLAHLDNG.NS,A+B,16.984109794407754,9.0,0.0,41.0,-26.74,Finance,0.076,-0.411,10.992,BOTTOM
2026-04-08,30,COROMANDEL.NS,A,5.226514213035609,8.0,12.0,4.0,-21.87,Fertilizers & Agrochemicals,-3.192,-4.962,-8.447,BOTTOM
2026-04-08,30,DLF.NS,A,7.255195987883932,7.0,0.0,2.0,-34.93,Realty,4.752,5.302,9.93,BOTTOM
2026-04-08,30,DEEPAKFERT.NS,A+B,6.5549681470550905,9.0,0.0,27.0,-40.58,Chemicals & Petrochemicals,13.267,18.441,26.473,BOTTOM
2026-04-08,30,DIXON.NS,A+B,5.135175208817279,8.0,0.0,24.0,-42.42,Consumer Durables,6.226,2.268,3.976,BOTTOM
2026-04-08,30,ELECON.NS,B,6.241294628334622,6.0,0.0,26.0,-41.23,Electrical Equipment,-4.603,20.406,32.124,BOTTOM
2026-04-08,30,ENDURANCE.NS,A,6.38077172478254,7.0,17.0,2.0,-23.4,Auto Components,0.193,0.542,6.581,BOTTOM
2026-04-08,30,ESCORTS.NS,A,5.14468171901242,7.0,0.0,13.0,-26.44,"Agricultural, Commercial & Construction Vehicles",4.957,5.814,6.993,BOTTOM
2026-04-08,30,ETERNAL.NS,A,5.022198489105591,7.0,2.0,0.0,-33.88,Retailing,6.226,9.261,8.21,BOTTOM
2026-04-08,30,FIVESTAR.NS,A,8.81881318104883,8.0,0.0,0.0,-51.93,Finance,8.599,14.564,11.8,BOTTOM
2026-04-08,30,GRSE.NS,A+B,7.465399291650132,9.0,8.0,37.0,-29.49,Aerospace & Defense,3.337,14.107,22.595,BOTTOM
2026-04-08,30,HBLENGINE.NS,A+B,5.546576749066223,8.0,6.0,27.0,-35.81,Industrial Products,8.401,12.151,17.39,BOTTOM
2026-04-08,30,IFCI.NS,A,5.027511993752899,8.0,33.0,2.0,-25.69,Finance,8.388,8.995,14.01,BOTTOM
2026-04-08,30,IREDA.NS,B,5.860994779919207,6.0,0.0,26.0,-34.02,Finance,5.117,11.687,10.095,BOTTOM
2026-04-08,30,INOXWIND.NS,A,6.762931555583007,7.0,0.0,0.0,-56.96,Electrical Equipment,11.723,19.206,24.898,BOTTOM
2026-04-08,30,INDIGO.NS,B,8.121725336751425,6.0,0.0,40.0,-25.94,Transport Services,3.587,2.403,1.299,BOTTOM
2026-04-08,30,IGIL.NS,A+B,5.654427783655807,9.0,12.0,29.0,-22.96,Commercial Services & Supplies,9.481,5.46,8.056,BOTTOM
2026-04-08,30,JKCEMENT.NS,A+B,5.67739485426754,7.0,2.0,37.0,-26.44,Cement & Cement Products,-0.578,4.694,1.571,BOTTOM
2026-04-08,30,JKTYRE.NS,A,7.503497509341764,7.0,23.0,1.0,-30.93,Auto Components,-0.273,-0.689,-2.577,BOTTOM
2026-04-08,30,JMFINANCIL.NS,A+B,6.84681245741509,8.0,6.0,26.0,-34.85,Diversified,3.338,6.737,9.615,BOTTOM
2026-04-08,30,JSWINFRA.NS,A,8.796039787076364,7.0,0.0,11.0,-26.96,Transport Infrastructure,6.19,6.864,9.544,BOTTOM
2026-04-08,30,JPPOWER.NS,A,8.157899607581836,8.0,26.0,2.0,-40.65,Power,16.657,18.263,15.348,BOTTOM
2026-04-08,30,JINDALSAW.NS,B,4.787846873690634,9.0,40.0,32.0,-26.29,Ferrous Metals,9.446,21.24,19.846,BOTTOM
2026-04-08,30,JYOTICNC.NS,A+B,5.656311874347858,9.0,0.0,26.0,-39.12,Industrial Products,-13.007,-6.603,-4.307,BOTTOM
2026-04-08,30,KALYANKJIL.NS,A,7.529861525248426,9.0,28.0,13.0,-27.66,Consumer Durables,-1.3,-7.453,-7.835,BOTTOM
2026-04-08,30,KEC.NS,A,6.832295996045409,9.0,0.0,0.0,-39.69,Construction,-1.513,0.346,5.924,BOTTOM
2026-04-08,30,LTFOODS.NS,B,6.212631436991556,6.0,18.0,27.0,-20.66,Agricultural Food & other Products,3.456,3.147,6.677,BOTTOM
2026-04-08,30,MAZDOCK.NS,B,2.8735835890862087,8.0,0.0,26.0,-36.16,Transport Services,5.301,10.606,10.175,BOTTOM
2026-04-08,30,MOTILALOFS.NS,A+B,8.378056932610582,8.0,5.0,27.0,-30.41,Capital Markets,2.844,3.902,17.099,BOTTOM
2026-04-08,30,NEULANDLAB.NS,A,6.671220400728598,8.0,29.0,13.0,-28.82,Pharmaceuticals & Biotechnology,1.881,1.725,17.401,BOTTOM
2026-04-08,30,NUVAMA.NS,A+B,8.90078609417564,7.0,18.0,27.0,-21.02,Capital Markets,5.53,6.325,13.879,BOTTOM
2026-04-08,30,OLECTRA.NS,A,5.833046414674753,9.0,26.0,2.0,-36.65,Automobiles,7.297,8.185,12.243,BOTTOM
2026-04-08,30,PNBHOUSING.NS,A+B,6.891063377352356,8.0,12.0,29.0,-23.13,Finance,3.575,16.78,21.861,BOTTOM
2026-04-08,30,PRESTIGE.NS,A,8.076268326154382,7.0,2.0,14.0,-27.1,Realty,1.402,4.911,12.437,BOTTOM
2026-04-08,30,RCF.NS,A+B,6.717117154052271,9.0,12.0,29.0,-23.35,Fertilizers & Agrochemicals,0.665,2.01,3.042,BOTTOM
2026-04-08,30,REDINGTON.NS,A,5.471510154001739,9.0,2.0,-1.0,-33.37,Commercial Services & Supplies,4.39,1.137,2.883,BOTTOM
2026-04-08,30,RPOWER.NS,A,5.811968515053261,8.0,0.0,0.0,-67.63,Power,17.344,22.218,18.278,BOTTOM
2026-04-08,30,SAMMAANCAP.NS,A,5.179780032951755,7.0,65.0,26.0,-20.86,Finance,0.918,-6.057,-1.153,BOTTOM
2026-04-08,30,SUMICHEM.NS,B,4.361091899932454,7.0,0.0,25.0,-38.29,Fertilizers & Agrochemicals,1.987,7.816,20.173,BOTTOM
2026-04-08,30,SUZLON.NS,A+B,6.4500610213859,8.0,0.0,26.0,-40.47,Electrical Equipment,13.611,21.479,25.82,BOTTOM
2026-04-08,30,TTML.NS,A+B,7.187992562244198,8.0,0.0,26.0,-49.82,Telecom - Services,8.315,12.027,11.012,BOTTOM
2026-04-08,30,TEJASNET.NS,A,5.241793959888059,8.0,27.0,1.0,-51.63,Telecom - Equipment & Accessories,-1.594,-8.446,21.434,BOTTOM
2026-04-08,30,TARIL.NS,B,4.861235686182227,7.0,0.0,25.0,-52.59,Electrical Equipment,15.371,15.425,18.438,BOTTOM
2026-04-08,30,VMM.NS,B,3.617134568298102,7.0,13.0,27.0,-26.02,Retailing,4.89,12.573,11.912,BOTTOM
2026-04-08,30,WOCKPHARMA.NS,B,4.022817064143077,6.0,4.0,37.0,-27.77,Pharmaceuticals & Biotechnology,-0.774,5.213,19.552,BOTTOM
2026-04-08,30,ARVINDFASN.NS,A+B,7.1028646658279015,9.0,18.0,26.0,-20.7,Consumer Durables,3.281,-0.403,-0.251,BOTTOM
2026-04-08,30,AWFIS.NS,A,8.795621277081246,8.0,0.0,0.0,-57.42,Industrial Manufacturing,17.043,12.998,17.886,BOTTOM
2026-04-08,30,BIRLACORPN.NS,A,6.458811465335383,9.0,0.0,2.0,-38.92,Diversified Metals,4.215,1.187,5.89,BOTTOM
2026-04-08,30,CSBBANK.NS,A+B,8.639825402069187,8.0,5.0,36.0,-29.29,Finance,1.808,-2.73,-9.759,BOTTOM
2026-04-08,30,CEMPRO.NS,A+B,7.631408256829933,7.0,20.0,28.0,-32.09,Industrial Manufacturing,7.281,9.871,60.566,BOTTOM
2026-04-08,30,EASEMYTRIP.NS,A+B,17.410715964629183,8.0,0.0,29.0,-41.51,Consumer Durables,0.251,-3.015,0.754,BOTTOM
2026-04-08,30,EMIL.NS,A,7.91275336325177,8.0,24.0,3.0,-39.22,Consumer Durables,3.044,6.117,20.559,BOTTOM
2026-04-08,30,ELECTCAST.NS,A,6.222615344950942,10.0,27.0,2.0,-39.73,Industrial Manufacturing,0.69,-6.101,8.634,BOTTOM
2026-04-08,30,EPIGRAL.NS,A,6.404454918005954,7.0,24.0,1.0,-52.14,Diversified Metals,18.109,16.814,33.868,BOTTOM
2026-04-08,30,ETHOSLTD.NS,A+B,6.22283826744178,7.0,14.0,28.0,-24.69,Consumer Durables,0.062,10.729,-1.838,BOTTOM
2026-04-08,30,GATEWAY.NS,B,2.7606255355108056,7.0,14.0,27.0,-22.28,Industrial Manufacturing,2.948,1.801,6.427,BOTTOM
2026-04-08,30,GOKEX.NS,A+B,8.439986659868064,9.0,0.0,28.0,-36.85,Consumer Durables,7.771,11.14,11.439,BOTTOM
2026-04-08,30,HGINFRA.NS,A,6.498865113819168,7.0,0.0,0.0,-59.43,Industrial Manufacturing,19.422,16.187,20.757,BOTTOM
2026-04-08,30,IONEXCHANG.NS,A+B,5.150951315273076,7.0,0.0,27.0,-36.5,Industrial Manufacturing,7.056,9.107,15.084,BOTTOM
2026-04-08,30,JKPAPER.NS,B,3.407386939521234,7.0,14.0,27.0,-22.56,Diversified Metals,9.882,10.637,8.257,BOTTOM
2026-04-08,30,JAIBALAJI.NS,A,8.493339786842826,7.0,0.0,0.0,-54.88,Diversified Metals,10.71,14.866,35.577,BOTTOM
2026-04-08,30,JAMNAAUTO.NS,A,5.443302574997075,7.0,66.0,2.0,-20.66,Consumer Durables,5.027,3.526,7.511,BOTTOM
2026-04-08,30,JINDWORLD.NS,A+B,17.249753402434713,9.0,0.0,24.0,-66.37,Consumer Durables,6.394,5.982,11.262,BOTTOM
2026-04-08,30,KPIGREEN.NS,B,4.868622695046389,7.0,2.0,38.0,-27.56,Power,9.093,13.634,20.809,BOTTOM
2026-04-08,30,KITEX.NS,A,8.114692376683896,7.0,0.0,0.0,-47.91,Consumer Durables,2.386,1.987,3.515,BOTTOM
2026-04-08,30,LXCHEM.NS,A,6.459554170321298,7.0,0.0,0.0,-47.96,Diversified Metals,14.892,14.957,32.023,BOTTOM
2026-04-08,30,LLOYDSENGG.NS,A+B,7.789928882191048,7.0,1.0,27.0,-41.34,Industrial Manufacturing,8.983,17.475,25.373,BOTTOM
2026-04-08,30,LLOYDSENT.NS,A+B,14.244190903425316,8.0,1.0,29.0,-38.68,Diversified Metals,5.073,9.818,14.351,BOTTOM
2026-04-08,30,LUXIND.NS,A,8.434826804087216,9.0,75.0,2.0,-20.36,Consumer Durables,16.007,41.771,22.446,BOTTOM
2026-04-08,30,MARKSANS.NS,B,2.705885943244485,7.0,0.0,26.0,-35.27,Healthcare Services,2.972,10.441,16.025,BOTTOM
2026-04-08,30,NFL.NS,A,5.108871693164346,8.0,0.0,2.0,-33.11,Diversified Metals,1.95,3.393,5.209,BOTTOM
2026-04-08,30,OSWALPUMPS.NS,A,5.829331903294195,8.0,44.0,1.0,-59.03,Industrial Manufacturing,11.595,13.261,17.987,BOTTOM
2026-04-08,30,PCJEWELLER.NS,A+B,11.981011134571473,7.0,0.0,25.0,-51.96,Consumer Durables,3.587,4.891,2.935,BOTTOM
2026-04-08,30,PARADEEP.NS,B,4.85126309232214,10.0,0.0,25.0,-48.03,Diversified Metals,2.036,14.839,6.736,BOTTOM
2026-04-08,30,POLYPLEX.NS,B,5.7621886884896,6.0,0.0,26.0,-38.67,Diversified Metals,2.341,-0.61,8.179,BOTTOM
2026-04-08,30,POWERMECH.NS,B,6.119094002662988,6.0,0.0,27.0,-39.44,Industrial Manufacturing,11.516,17.719,24.042,BOTTOM
2026-04-08,30,RATEGAIN.NS,A+B,8.801503151678443,8.0,4.0,39.0,-25.57,IT - Services,5.338,5.936,14.767,BOTTOM
2026-04-08,30,RTNINDIA.NS,A+B,8.496058570957452,9.0,0.0,25.0,-54.56,Consumer Durables,7.864,10.973,23.469,BOTTOM
2026-04-08,30,RTNPOWER.NS,A+B,5.81113231157024,8.0,0.0,24.0,-48.35,Power,10.376,13.113,17.332,BOTTOM
2026-04-08,30,REFEX.NS,B,5.248583739206436,6.0,0.0,24.0,-57.96,Oil,10.191,13.817,19.474,BOTTOM
2026-04-08,30,SAMHI.NS,A+B,8.789779591676801,7.0,1.0,27.0,-37.41,Consumer Durables,6.213,5.811,2.591,BOTTOM
2026-04-08,30,SHAREINDIA.NS,A+B,5.429285538819753,8.0,1.0,27.0,-33.5,Finance,4.166,4.872,4.801,BOTTOM
2026-04-08,30,SKIPPER.NS,B,4.647613841195293,9.0,0.0,26.0,-35.85,Industrial Manufacturing,7.709,24.197,27.542,BOTTOM
2026-04-08,30,SPARC.NS,A+B,7.738571467983557,8.0,1.0,28.0,-33.39,Healthcare Services,4.331,-2.251,14.148,BOTTOM
2026-04-08,30,TANLA.NS,A+B,6.876317149324492,7.0,0.0,27.0,-39.96,IT - Services,2.923,5.636,21.161,BOTTOM
2026-04-08,30,TEXRAIL.NS,A,7.383293672157822,7.0,0.0,1.0,-48.25,Industrial Manufacturing,7.032,8.022,18.468,BOTTOM
2026-04-08,30,ANUP.NS,A,5.340395432798525,9.0,25.0,2.0,-45.66,Industrial Manufacturing,10.02,15.805,17.254,BOTTOM
2026-04-08,30,THOMASCOOK.NS,A,5.737279278184199,8.0,0.0,0.0,-45.43,Consumer Durables,7.011,-2.331,-2.38,BOTTOM
2026-04-08,30,TIMETECHNO.NS,A+B,8.286268895954807,9.0,0.0,39.0,-27.67,Consumer Durables,9.547,5.407,4.824,BOTTOM
2026-04-08,30,WABAG.NS,A,5.694339389927268,7.0,41.0,3.0,-20.47,Industrial Manufacturing,9.113,10.961,13.59,BOTTOM
2026-04-08,30,WAAREERTL.NS,B,4.248857576776803,7.0,0.0,26.0,-34.23,Power,18.988,19.633,18.034,BOTTOM
2026-04-08,30,ZAGGLE.NS,A+B,8.938569912013724,9.0,0.0,27.0,-46.59,IT - Services,4.726,3.751,1.368,BOTTOM
2026-04-08,30,EMUDHRA.NS,A+B,7.631638666455758,8.0,0.0,27.0,-45.1,IT - Services,4.841,5.334,12.675,BOTTOM
2026-04-09,31,FACT.NS,A,5.276354250201604,8.0,44.0,1.0,-22.55,Fertilizers & Agrochemicals,5.265,3.731,5.48,RECOVERY
2026-04-09,31,FIVESTAR.NS,B,3.953824927134788,8.0,0.0,26.0,-50.03,Finance,10.091,15.084,7.851,RECOVERY
2026-04-09,31,ITI.NS,A+B,11.48641598816776,9.0,12.0,32.0,-20.24,Telecom - Equipment & Accessories,1.665,1.959,2.595,RECOVERY
2026-04-09,31,NEULANDLAB.NS,B,4.752757025969405,8.0,42.0,32.0,-25.44,Pharmaceuticals & Biotechnology,2.301,-3.652,18.159,RECOVERY
2026-04-09,31,OLAELEC.NS,A,19.986782773598666,9.0,25.0,4.0,-49.02,Automobiles,-0.147,-12.451,-11.742,RECOVERY
2026-04-09,31,ZENTEC.NS,A+B,5.708764848598393,8.0,27.0,32.0,-32.3,Aerospace & Defense,4.872,8.629,5.43,RECOVERY
2026-04-09,31,SPARC.NS,A+B,7.351640891312285,9.0,29.0,43.0,-28.49,Healthcare Services,-0.222,-6.108,16.685,RECOVERY
2026-04-10,32,ACE.NS,A,5.023965031651437,7.0,26.0,2.0,-34.39,"Agricultural, Commercial & Construction Vehicles",1.864,3.204,3.789,RECOVERY
2026-04-10,32,ATGL.NS,A,5.664659391877208,7.0,28.0,13.0,-27.19,Gas,8.377,11.041,8.403,RECOVERY
2026-04-10,32,ABREL.NS,A,5.560722026855657,7.0,25.0,1.0,-46.32,"Paper, Forest & Jute Products",2.926,7.707,1.049,RECOVERY
2026-04-10,32,ASIANPAINT.NS,B,4.013916531361677,8.0,11.0,28.0,-20.93,Chemicals & Petrochemicals,6.989,5.645,9.084,RECOVERY
2026-04-10,32,BERGEPAINT.NS,B,4.3678160919540225,7.0,12.0,27.0,-24.46,Chemicals & Petrochemicals,5.047,0.629,7.196,RECOVERY
2026-04-10,32,BRIGADE.NS,B,3.159549932208794,6.0,0.0,26.0,-45.57,Realty,4.079,5.562,0.584,RECOVERY
2026-04-10,32,COCHINSHIP.NS,B,2.8583433158253584,8.0,1.0,26.0,-42.11,Transport Services,7.659,17.024,19.617,RECOVERY
2026-04-10,32,COHANCE.NS,A+B,19.267788106976898,9.0,0.0,24.0,-66.36,Pharmaceuticals & Biotechnology,2.956,20.496,33.561,RECOVERY
2026-04-10,32,EIDPARRY.NS,B,2.8650520576900145,8.0,1.0,26.0,-31.46,Agricultural Food & other Products,-0.66,-0.263,-4.268,RECOVERY
2026-04-10,32,EXIDEIND.NS,B,4.257028112449799,7.0,11.0,27.0,-24.71,Auto Components,1.509,8.482,8.59,RECOVERY
2026-04-10,32,GODFRYPHLP.NS,B,3.282880244994895,6.0,0.0,24.0,-46.45,Cigarettes & Tobacco Products,4.625,3.46,17.07,RECOVERY
2026-04-10,32,JKTYRE.NS,B,2.8021818147559117,7.0,24.0,41.0,-29.25,Auto Components,-0.25,-3.63,-5.844,RECOVERY
2026-04-10,32,LTTS.NS,B,3.3991374801350083,9.0,11.0,27.0,-27.07,IT - Services,6.448,6.963,12.881,RECOVERY
2026-04-10,32,OLAELEC.NS,A+B,12.555069965875685,9.0,29.0,33.0,-42.62,Automobiles,2.482,-3.501,-3.397,RECOVERY
2026-04-10,32,TATACHEM.NS,A+B,6.211998672834173,7.0,0.0,28.0,-32.8,Chemicals & Petrochemicals,-1.888,0.655,6.097,RECOVERY
2026-04-10,32,TTML.NS,B,3.7861885302502856,8.0,1.0,26.0,-48.3,Telecom - Services,6.337,7.201,3.169,RECOVERY
2026-04-10,32,NIACL.NS,A+B,19.832233175523747,9.0,0.0,43.0,-26.83,Insurance,-3.914,-3.495,-4.975,RECOVERY
2026-04-10,32,ALLCARGO.NS,B,3.8369267262533957,6.0,0.0,22.0,-77.41,Industrial Manufacturing,11.93,8.538,13.918,RECOVERY
2026-04-10,32,ABDL.NS,A+B,9.184440515413813,8.0,9.0,37.0,-26.89,Diversified FMCG,14.703,10.932,17.714,RECOVERY
2026-04-10,32,AWFIS.NS,B,3.284962367773689,6.0,1.0,25.0,-55.35,Industrial Manufacturing,9.051,9.971,22.098,RECOVERY
2026-04-10,32,BANCOINDIA.NS,B,4.256066328642384,6.0,9.0,26.0,-31.34,Consumer Durables,5.969,7.904,7.524,RECOVERY
2026-04-10,32,BORORENEW.NS,B,3.8538372091289177,6.0,2.0,27.0,-35.15,IT - Services,5.315,10.534,17.613,RECOVERY
2026-04-10,32,EPIGRAL.NS,A,7.334478263193257,8.0,25.0,2.0,-48.05,Diversified Metals,3.465,9.182,15.262,RECOVERY
2026-04-10,32,EUREKAFORB.NS,B,4.01305820583389,7.0,14.0,27.0,-26.12,Consumer Durables,0.58,1.621,6.693,RECOVERY
2026-04-10,32,GOKEX.NS,B,3.6214723001510998,8.0,2.0,27.0,-36.16,Consumer Durables,9.146,9.714,7.95,RECOVERY
2026-04-10,32,HERITGFOOD.NS,B,4.385427035936288,8.0,0.0,26.0,-37.41,Diversified FMCG,5.776,7.234,12.623,RECOVERY
2026-04-10,32,HCC.NS,B,6.537529623363311,6.0,0.0,25.0,-52.93,Industrial Manufacturing,11.407,19.919,29.878,RECOVERY
2026-04-10,32,POWERMECH.NS,A,8.835423371330606,8.0,27.0,3.0,-33.75,Industrial Manufacturing,9.863,12.803,14.099,RECOVERY
2026-04-10,32,THOMASCOOK.NS,B,4.641595903137771,8.0,0.0,27.0,-43.1,Consumer Durables,1.235,-4.256,-10.289,RECOVERY
2026-04-10,32,TIMETECHNO.NS,B,4.364639585051208,9.0,14.0,27.0,-25.24,Consumer Durables,6.453,1.236,-0.32,RECOVERY
2026-04-13,33,AAVAS.NS,B,3.199865347755125,7.0,0.0,26.0,-42.54,Finance,9.053,7.206,8.055,RECOVERY
2026-04-13,33,KIRLOSBROS.NS,A,10.634004731559836,7.0,27.0,15.0,-28.76,Industrial Manufacturing,-0.102,-3.312,-4.45,RECOVERY
2026-04-13,33,ONESOURCE.NS,A,7.38063446868874,9.0,30.0,3.0,-31.27,Pharmaceuticals & Biotechnology,1.01,14.103,18.452,RECOVERY
2026-04-13,33,TATAINVEST.NS,A+B,7.143391579505246,9.0,26.0,33.0,-39.8,Finance,1.269,1.676,-6.359,RECOVERY
2026-04-13,33,MANYAVAR.NS,A+B,5.514197123915615,9.0,0.0,26.0,-50.28,Retailing,7.833,5.083,10.022,RECOVERY
2026-04-13,33,EIEL.NS,A,15.027435858886996,9.0,27.0,5.0,-35.0,Industrial Manufacturing,4.875,8.842,1.938,RECOVERY
2026-04-13,33,INOXGREEN.NS,B,2.530427158101967,7.0,4.0,24.0,-42.63,Power,8.047,12.415,11.646,RECOVERY
2026-04-13,33,LXCHEM.NS,B,2.789447820238675,6.0,0.0,25.0,-46.18,Diversified Metals,8.588,16.013,19.952,RECOVERY
2026-04-13,33,PARAS.NS,B,3.6183522075688077,7.0,43.0,31.0,-27.36,Industrial Manufacturing,10.851,14.244,13.415,RECOVERY
2026-04-13,33,PURVA.NS,A+B,10.62228194272167,9.0,1.0,29.0,-36.28,Realty,2.394,-0.106,-2.259,RECOVERY
2026-04-13,33,WAAREERTL.NS,A,5.746624781721923,8.0,28.0,12.0,-28.45,Power,9.242,9.031,-0.504,RECOVERY
2026-04-14,34,KIRLOSBROS.NS,A,10.634004731559836,7.0,42.0,0.0,-28.76,Industrial Manufacturing,-2.198,-2.209,-10.989,RECOVERY
2026-04-14,34,ONESOURCE.NS,A,7.38063446868874,9.0,33.0,0.0,-31.27,Pharmaceuticals & Biotechnology,4.74,14.589,16.364,RECOVERY
2026-04-14,34,TATAINVEST.NS,A,7.143391579505246,9.0,59.0,0.0,-39.8,Finance,2.38,0.441,-6.558,RECOVERY
2026-04-14,34,MANYAVAR.NS,A,5.514197123915615,9.0,26.0,0.0,-50.28,Retailing,3.592,0.978,1.842,RECOVERY
2026-04-14,34,EIEL.NS,A,15.027435858886996,9.0,32.0,0.0,-35.0,Industrial Manufacturing,-0.679,2.921,-3.838,RECOVERY
2026-04-14,34,PURVA.NS,A,10.62228194272167,9.0,30.0,0.0,-36.28,Realty,-6.257,-6.739,-7.787,RECOVERY
2026-04-14,34,WAAREERTL.NS,A,5.746624781721923,8.0,40.0,0.0,-28.45,Power,5.185,0.159,-6.46,RECOVERY
2026-04-15,35,AEGISLOG.NS,A+B,6.610563116592603,7.0,0.0,27.0,-30.26,Gas,6.861,6.277,-0.91,RECOVERY
2026-04-15,35,AFCONS.NS,A,10.133818188337484,8.0,26.0,15.0,-29.61,Construction,-6.355,-2.09,-4.655,RECOVERY
2026-04-15,35,ANANTRAJ.NS,B,3.7193527229691785,8.0,3.0,26.0,-32.31,Realty,0.049,-4.529,-3.059,RECOVERY
2026-04-15,35,BEML.NS,A+B,5.45252919297541,7.0,3.0,37.0,-29.66,"Agricultural, Commercial & Construction Vehicles",5.236,3.799,5.368,RECOVERY
2026-04-15,35,CAPLIPOINT.NS,B,2.874755539200084,6.0,12.0,26.0,-27.53,Pharmaceuticals & Biotechnology,0.176,-3.167,14.669,RECOVERY
2026-04-15,35,CLEAN.NS,B,4.339093351004916,7.0,0.0,24.0,-52.68,Chemicals & Petrochemicals,6.533,8.974,8.834,RECOVERY
2026-04-15,35,COCHINSHIP.NS,B,3.0801359701655056,8.0,1.0,26.0,-41.53,Transport Services,6.321,15.707,9.819,RECOVERY
2026-04-15,35,CYIENT.NS,A+B,7.415047632824932,8.0,3.0,38.0,-28.33,IT - Services,-3.246,-9.878,-9.868,RECOVERY
2026-04-15,35,DCMSHRIRAM.NS,A,5.00625793154219,10.0,40.0,3.0,-21.14,Diversified,1.451,3.586,-4.844,RECOVERY
2026-04-15,35,DEEPAKFERT.NS,A,13.110623505730807,9.0,27.0,5.0,-31.36,Chemicals & Petrochemicals,4.568,5.556,8.405,RECOVERY
2026-04-15,35,DIXON.NS,A+B,5.3791593278431,7.0,0.0,25.0,-40.08,Consumer Durables,-3.726,-1.068,-1.63,RECOVERY
2026-04-15,35,FIVESTAR.NS,A,7.0358865526657075,9.0,25.0,2.0,-46.84,Finance,5.493,4.318,1.273,RECOVERY
2026-04-15,35,FORTIS.NS,B,3.210818911257719,7.0,19.0,26.0,-20.53,Healthcare Services,6.048,5.613,11.071,RECOVERY
2026-04-15,35,MEDANTA.NS,B,2.5672430405140743,6.0,12.0,26.0,-25.23,Healthcare Services,1.749,2.289,10.954,RECOVERY
2026-04-15,35,HBLENGINE.NS,B,4.514929404334385,8.0,34.0,41.0,-29.77,Industrial Products,3.46,1.947,0.147,RECOVERY
2026-04-15,35,HONAUT.NS,B,4.09556313993174,6.0,12.0,27.0,-26.42,Industrial Products,2.544,-2.544,-9.799,RECOVERY
2026-04-15,35,IRCON.NS,B,4.586814405732978,7.0,1.0,27.0,-36.45,Construction,8.028,6.905,2.297,RECOVERY
2026-04-15,35,INOXWIND.NS,A+B,6.6933185677757745,9.0,0.0,25.0,-53.53,Electrical Equipment,6.698,5.818,2.296,RECOVERY
2026-04-15,35,INTELLECT.NS,A,5.804775297858214,7.0,0.0,0.0,-44.7,IT - Software,0.315,6.639,-0.765,RECOVERY
2026-04-15,35,INDIGO.NS,B,4.761469899434272,7.0,12.0,28.0,-25.58,Transport Services,-1.143,-6.8,-7.121,RECOVERY
2026-04-15,35,JPPOWER.NS,A+B,9.720605626478527,9.0,30.0,33.0,-31.95,Power,1.377,0.561,-8.924,RECOVERY
2026-04-15,35,KPRMILL.NS,B,4.220741872605113,8.0,0.0,26.0,-34.35,Textiles & Apparels,3.709,4.783,-0.185,RECOVERY
2026-04-15,35,MMTC.NS,B,2.6106069791691926,9.0,3.0,26.0,-31.36,Commercial Services & Supplies,8.06,4.636,3.65,RECOVERY
2026-04-15,35,MPHASIS.NS,B,4.024003594066922,9.0,14.0,28.0,-20.67,IT - Software,-6.749,-6.761,-13.379,RECOVERY
2026-04-15,35,NBCC.NS,B,2.650872457610818,7.0,2.0,36.0,-29.92,Construction,0.279,-1.505,2.622,RECOVERY
2026-04-15,35,NEWGEN.NS,A,6.21138813334773,7.0,0.0,0.0,-65.5,IT - Software,-0.45,5.75,-4.475,RECOVERY
2026-04-15,35,OFSS.NS,A,5.276013678553982,9.0,38.0,4.0,-23.02,IT - Software,13.059,25.084,14.513,RECOVERY
2026-04-15,35,PCBL.NS,B,4.202781461583967,9.0,2.0,26.0,-35.77,Chemicals & Petrochemicals,2.305,2.274,-0.077,RECOVERY
2026-04-15,35,PGEL.NS,A,10.485779535903395,8.0,0.0,1.0,-46.61,Consumer Durables,-1.282,-4.241,-11.817,RECOVERY
2026-04-15,35,PIIND.NS,B,4.561084751724903,7.0,0.0,37.0,-29.46,Fertilizers & Agrochemicals,-1.369,-1.844,-0.276,RECOVERY
2026-04-15,35,RITES.NS,B,3.7475645983298467,6.0,2.0,27.0,-30.48,Construction,2.549,1.272,-1.254,RECOVERY
2026-04-15,35,RVNL.NS,A,5.618304033846788,7.0,0.0,1.0,-35.36,Construction,4.532,1.279,-2.276,RECOVERY
2026-04-15,35,RAILTEL.NS,A+B,18.40846937360735,9.0,1.0,41.0,-29.08,Telecom - Services,-3.158,-4.238,-2.729,RECOVERY
2026-04-15,35,RPOWER.NS,A,10.838758550561174,8.0,24.0,1.0,-62.16,Power,4.154,-0.969,-3.565,RECOVERY
2026-04-15,35,SAREGAMA.NS,B,3.476420926350601,8.0,0.0,24.0,-42.62,Entertainment,1.545,0.219,12.081,RECOVERY
2026-04-15,35,SUZLON.NS,A,7.130397763286475,9.0,27.0,3.0,-33.88,Electrical Equipment,6.925,10.607,6.408,RECOVERY
2026-04-15,35,TATACOMM.NS,B,3.2533194196482262,7.0,14.0,27.0,-22.08,Telecom - Services,1.236,1.223,6.065,RECOVERY
2026-04-15,35,TECHNOE.NS,A,7.365820794969684,7.0,30.0,13.0,-27.29,Construction,3.539,6.357,1.297,RECOVERY
2026-04-15,35,TITAGARH.NS,B,2.977899018873861,8.0,15.0,27.0,-26.27,Transport Infrastructure,0.59,4.197,4.672,RECOVERY
2026-04-15,35,TARIL.NS,A,6.042920550563305,8.0,26.0,1.0,-47.98,Electrical Equipment,0.047,4.519,-4.676,RECOVERY
2026-04-15,35,UTIAMC.NS,A+B,5.215985454607443,8.0,0.0,27.0,-30.18,Capital Markets,3.575,-4.991,-2.66,RECOVERY
2026-04-15,35,DBREALTY.NS,B,8.45181443697207,6.0,0.0,25.0,-56.53,Leisure Services,-3.562,-5.173,16.151,RECOVERY
2026-04-15,35,VBL.NS,B,3.4718953733268574,6.0,14.0,27.0,-21.38,Beverages,5.18,11.577,9.72,RECOVERY
2026-04-15,35,WIPRO.NS,B,3.340394510775275,7.0,12.0,27.0,-21.21,IT - Software,-3.567,-4.571,-10.444,RECOVERY
2026-04-15,35,AGI.NS,B,5.3165712836068435,6.0,0.0,26.0,-43.53,Consumer Durables,-2.629,10.386,1.375,RECOVERY
2026-04-15,35,ALLCARGO.NS,B,4.093560467690797,6.0,0.0,22.0,-76.79,Industrial Manufacturing,-3.43,0.624,-5.925,RECOVERY
2026-04-15,35,ASHOKA.NS,A+B,10.823187521446563,8.0,0.0,28.0,-41.26,Industrial Manufacturing,-1.358,-2.534,-6.055,RECOVERY
2026-04-15,35,AWFIS.NS,A,13.826147498720564,8.0,26.0,3.0,-49.6,Industrial Manufacturing,-3.455,-3.398,-10.811,RECOVERY
2026-04-15,35,BANCOINDIA.NS,B,3.1271660336606577,7.0,10.0,25.0,-30.58,Consumer Durables,-0.982,-0.395,-2.029,RECOVERY
2026-04-15,35,BIRLACORPN.NS,B,2.939142214294449,10.0,2.0,26.0,-36.66,Diversified Metals,-2.906,-6.281,5.116,RECOVERY
2026-04-15,35,DATAMATICS.NS,B,4.4847876790268995,7.0,4.0,26.0,-34.64,IT - Services,-0.403,0.171,1.832,RECOVERY
2026-04-15,35,EIEL.NS,A,7.265151053739024,9.0,32.0,2.0,-30.27,Industrial Manufacturing,-2.344,-2.39,-8.52,RECOVERY
2026-04-15,35,EPIGRAL.NS,A,6.647168018639767,8.0,28.0,2.0,-43.08,Diversified Metals,-1.096,0.587,3.306,RECOVERY
2026-04-15,35,GOKEX.NS,A+B,5.208958526224691,9.0,3.0,27.0,-34.45,Consumer Durables,3.126,-0.014,-2.806,RECOVERY
2026-04-15,35,GREAVESCOT.NS,B,4.350429809314207,7.0,3.0,27.0,-35.59,Industrial Manufacturing,0.923,4.452,4.496,RECOVERY
2026-04-15,35,HGINFRA.NS,A+B,13.89090097640819,9.0,0.0,28.0,-50.45,Industrial Manufacturing,-2.709,-4.333,-1.487,RECOVERY
2026-04-15,35,HERITGFOOD.NS,A,6.236979037721417,8.0,26.0,2.0,-33.92,Diversified FMCG,1.702,0.774,-5.642,RECOVERY
2026-04-15,35,HCC.NS,A+B,6.890553533100947,7.0,0.0,27.0,-50.63,Industrial Manufacturing,9.221,16.799,16.375,RECOVERY
2026-04-15,35,ICIL.NS,A,8.015132474378072,7.0,2.0,14.0,-24.56,Consumer Durables,-0.779,2.894,5.394,RECOVERY
2026-04-15,35,JSFB.NS,A,5.504227429143624,8.0,28.0,13.0,-26.62,Finance,18.529,15.811,26.062,RECOVERY
2026-04-15,35,JINDWORLD.NS,A,6.600249657603607,8.0,24.0,1.0,-64.11,Consumer Durables,-0.388,0.427,6.941,RECOVERY
2026-04-15,35,KNRCON.NS,A,5.249365109277047,7.0,0.0,0.0,-49.69,Industrial Manufacturing,-1.451,0.862,4.812,RECOVERY
2026-04-15,35,KANSAINER.NS,B,4.055133529169969,6.0,14.0,27.0,-26.46,Diversified Metals,0.285,-1.484,10.896,RECOVERY
2026-04-15,35,LXCHEM.NS,A,6.183014878230258,7.0,25.0,2.0,-42.85,Diversified Metals,0.056,1.185,9.239,RECOVERY
2026-04-15,35,LLOYDSENGG.NS,A,6.151322476607506,7.0,28.0,2.0,-38.35,Industrial Manufacturing,7.792,8.468,34.979,RECOVERY
2026-04-15,35,MSTCLTD.NS,B,6.5845540002819005,6.0,14.0,29.0,-21.5,Industrial Manufacturing,-6.953,-8.878,-10.266,RECOVERY
2026-04-15,35,MIDHANI.NS,B,4.668264037238224,7.0,15.0,28.0,-25.46,Diversified Metals,5.597,6.705,15.463,RECOVERY
2026-04-15,35,BECTORFOOD.NS,A,5.687873602593937,7.0,0.0,0.0,-39.21,Diversified FMCG,5.902,3.952,-4.238,RECOVERY
2026-04-15,35,NAZARA.NS,B,3.0576540480364374,9.0,2.0,37.0,-29.3,Telecom - Services,4.605,1.299,2.237,RECOVERY
2026-04-15,35,NETWORK18.NS,B,3.952445634614822,6.0,0.0,27.0,-46.42,Telecom - Services,-0.281,-3.395,-7.997,RECOVERY
2026-04-15,35,OSWALPUMPS.NS,A,6.022465628592703,9.0,45.0,-19.0,-55.91,Industrial Manufacturing,1.493,0.93,-5.018,RECOVERY
2026-04-15,35,PCJEWELLER.NS,B,2.732240551067438,6.0,0.0,25.0,-52.16,Consumer Durables,1.259,-1.679,-10.703,RECOVERY
2026-04-15,35,PARAS.NS,A,6.934402816107885,9.0,74.0,2.0,-22.32,Industrial Manufacturing,6.811,2.26,0.83,RECOVERY
2026-04-15,35,PURVA.NS,A,7.731837827454813,8.0,30.0,3.0,-31.35,Realty,-1.156,-4.686,-5.598,RECOVERY
2026-04-15,35,RTNINDIA.NS,A,5.466826487166579,9.0,26.0,1.0,-50.73,Consumer Durables,2.882,2.363,-0.375,RECOVERY
2026-04-15,35,SKIPPER.NS,A,5.679728318917127,8.0,27.0,2.0,-31.64,Industrial Manufacturing,15.308,17.469,12.411,RECOVERY
2026-04-15,35,SPARC.NS,A,5.892267312038755,9.0,61.0,13.0,-26.23,Healthcare Services,-6.308,-6.203,11.528,RECOVERY
2026-04-15,35,TEXRAIL.NS,A,5.666455532282738,7.0,0.0,2.0,-45.95,Industrial Manufacturing,0.925,1.609,20.674,RECOVERY
2026-04-15,35,THOMASCOOK.NS,B,3.94749185773289,9.0,1.0,26.0,-42.65,Consumer Durables,-8.73,-14.394,-15.483,RECOVERY
2026-04-15,35,VARROC.NS,B,4.089903193892693,7.0,17.0,27.0,-22.33,Consumer Durables,-3.571,0.066,4.818,RECOVERY
2026-04-15,35,WAAREERTL.NS,A+B,6.983324134505003,9.0,40.0,34.0,-23.46,Power,0.542,-4.027,-9.148,RECOVERY
2026-04-15,35,WEBELSOLAR.NS,A,9.997486573578858,10.0,29.0,2.0,-44.91,IT - Services,21.601,26.008,19.995,RECOVERY
2026-04-16,36,APTUS.NS,A+B,7.023322938975298,7.0,2.0,28.0,-31.72,Finance,4.501,5.589,7.339,RECOVERY
2026-04-16,36,CROMPTON.NS,A,5.251060468929455,8.0,27.0,13.0,-27.42,Consumer Durables,-4.291,4.173,15.491,RECOVERY
2026-04-16,36,FSL.NS,A+B,10.827736678282946,9.0,0.0,27.0,-38.2,Commercial Services & Supplies,-12.542,-10.59,-0.702,RECOVERY
2026-04-16,36,JWL.NS,B,2.9399914457374163,7.0,1.0,26.0,-38.32,Transport Infrastructure,-2.484,-0.873,-3.871,RECOVERY
2026-04-16,36,KFINTECH.NS,B,2.514881430643883,6.0,0.0,26.0,-30.69,Capital Markets,-2.044,-8.227,-17.193,RECOVERY
2026-04-16,36,POLICYBZR.NS,B,4.7210607569002585,7.0,11.0,29.0,-21.61,Financial Technology (Fintech),6.004,4.098,5.479,RECOVERY
2026-04-16,36,PGEL.NS,B,3.6716860203740995,8.0,1.0,26.0,-44.65,Consumer Durables,-2.538,-4.881,-13.235,RECOVERY
2026-04-16,36,PNBHOUSING.NS,B,3.1446541323488444,8.0,41.0,32.0,-21.33,Finance,11.903,13.202,15.774,RECOVERY
2026-04-16,36,SONATSOFTW.NS,A+B,10.039795264430271,9.0,1.0,28.0,-38.52,IT - Software,-8.333,-9.028,-5.204,RECOVERY
2026-04-16,36,SYNGENE.NS,B,4.746990893260542,6.0,0.0,25.0,-42.3,Healthcare Services,-3.527,7.112,3.997,RECOVERY
2026-04-16,36,TBOTEK.NS,B,3.5064827764698854,7.0,4.0,37.0,-28.08,Leisure Services,-3.896,-2.968,-9.028,RECOVERY
2026-04-16,36,ZENSARTECH.NS,B,4.419992099611633,6.0,0.0,27.0,-33.1,IT - Software,-11.059,-14.735,-18.958,RECOVERY
2026-04-16,36,ALLCARGO.NS,A,8.089890987520153,7.0,22.0,1.0,-74.91,Industrial Manufacturing,-5.858,1.255,-7.95,RECOVERY
2026-04-16,36,ABDL.NS,B,4.321758586642301,8.0,46.0,32.0,-22.57,Diversified FMCG,-2.701,-7.32,-3.215,RECOVERY
2026-04-16,36,ICIL.NS,B,2.5761972653212952,8.0,16.0,27.0,-22.62,Consumer Durables,-4.553,0.547,5.202,RECOVERY
2026-04-16,36,KRBL.NS,A,6.73106523761247,8.0,28.0,13.0,-27.94,Diversified FMCG,2.521,4.586,-3.475,RECOVERY
2026-04-16,36,LLOYDSENT.NS,A,6.027076665145869,8.0,31.0,2.0,-33.21,Diversified Metals,6.447,7.992,11.129,RECOVERY
2026-04-16,36,MASTEK.NS,B,3.587767763859457,7.0,2.0,26.0,-39.13,IT - Services,-2.629,-2.967,-11.231,RECOVERY
2026-04-16,36,MIDHANI.NS,B,4.80424502889082,8.0,43.0,32.0,-21.88,Diversified Metals,1.718,5.492,10.403,RECOVERY
2026-04-16,36,SUDARSCHEM.NS,A+B,7.744185717526651,9.0,0.0,26.0,-45.19,Diversified Metals,-0.481,4.647,-0.589,RECOVERY
2026-04-17,37,ATGL.NS,A,5.906969590069653,9.0,73.0,2.0,-20.69,Gas,2.458,3.675,-1.652,RECOVERY
2026-04-17,37,CRISIL.NS,A+B,5.067496487257448,7.0,1.0,38.0,-28.51,Finance,-1.006,-2.42,-5.716,RECOVERY
2026-04-17,37,CHOLAHLDNG.NS,B,3.709551963234496,9.0,14.0,27.0,-26.41,Finance,-1.33,3.966,2.263,RECOVERY
2026-04-17,37,COHANCE.NS,A,7.604346234377346,9.0,24.0,1.0,-65.24,Pharmaceuticals & Biotechnology,17.037,27.505,15.94,RECOVERY
2026-04-17,37,COLPAL.NS,A+B,6.503488115615043,8.0,12.0,29.0,-21.68,Personal Products,0.564,2.062,1.043,RECOVERY
2026-04-17,37,EMAMILTD.NS,A+B,6.251470294598267,7.0,0.0,38.0,-28.97,Personal Products,3.684,2.437,-5.144,RECOVERY
2026-04-17,37,IRCON.NS,A,8.653513905144067,9.0,28.0,4.0,-30.46,Construction,1.65,1.604,-7.169,RECOVERY
2026-04-17,37,JYOTHYLAB.NS,B,4.0150113348816765,7.0,0.0,27.0,-39.78,Household Products,10.555,10.329,-11.498,RECOVERY
2026-04-17,37,MMTC.NS,A+B,10.353739078033698,10.0,40.0,35.0,-22.53,Commercial Services & Supplies,0.0,-2.175,-7.2,RECOVERY
2026-04-17,37,OLAELEC.NS,A+B,5.53257335254489,9.0,31.0,31.0,-42.71,Automobiles,-5.839,-7.165,-10.938,RECOVERY
2026-04-17,37,SUZLON.NS,A,5.333333940648321,9.0,31.0,12.0,-28.76,Electrical Equipment,8.438,4.686,1.429,RECOVERY
2026-04-17,37,TRITURBINE.NS,A,7.879871363742332,9.0,37.0,4.0,-23.02,Electrical Equipment,0.659,-1.076,3.549,RECOVERY
2026-04-17,37,WHIRLPOOL.NS,B,4.848873174465247,9.0,0.0,26.0,-39.39,Consumer Durables,7.573,7.482,-7.633,RECOVERY
2026-04-17,37,ZENTEC.NS,A,6.048674684669721,8.0,59.0,13.0,-28.63,Aerospace & Defense,4.611,-7.062,-5.286,RECOVERY
2026-04-17,37,ECLERX.NS,A,5.144067829952983,8.0,4.0,2.0,-34.69,Commercial Services & Supplies,-8.674,-12.378,-8.976,RECOVERY
2026-04-17,37,NAZARA.NS,A,5.058038293708649,9.0,40.0,2.0,-24.75,Telecom - Services,0.218,-1.029,10.689,RECOVERY
2026-04-17,37,OSWALPUMPS.NS,A,5.874434149331542,9.0,27.0,1.0,-51.31,Industrial Manufacturing,-0.205,-0.169,-10.642,RECOVERY
2026-04-17,37,SHAKTIPUMP.NS,A+B,7.333273426659102,8.0,0.0,26.0,-45.24,Industrial Manufacturing,1.829,1.343,-9.668,RECOVERY
2026-04-17,37,SKIPPER.NS,A,6.395781755777548,9.0,30.0,13.0,-26.29,Industrial Manufacturing,9.425,12.391,3.321,RECOVERY
2026-04-20,38,AEGISLOG.NS,B,4.3987047432655455,7.0,41.0,33.0,-21.61,Gas,-2.179,-2.578,-3.685,RECOVERY
2026-04-20,38,ZEEL.NS,A+B,8.094764911752177,8.0,0.0,28.0,-41.04,Media,7.146,4.403,1.06,RECOVERY
2026-04-20,38,LLOYDSENT.NS,B,3.8461517647034067,8.0,33.0,31.0,-31.47,Diversified Metals,7.869,2.825,4.071,RECOVERY
2026-04-20,38,SWSOLAR.NS,A,9.336495590235948,9.0,27.0,3.0,-39.21,IT - Services,1.809,0.468,-5.594,RECOVERY
2026-04-21,39,ALKYLAMINE.NS,B,4.454395732430126,9.0,0.0,27.0,-39.71,Chemicals,3.09,17.878,19.091,RECOVERY
2026-04-21,39,APTUS.NS,A,5.023053491122669,8.0,30.0,12.0,-28.81,Financial Services,1.506,2.495,3.147,RECOVERY
2026-04-21,39,DEEPAKNTR.NS,A,7.125180583204147,7.0,39.0,4.0,-24.03,Chemicals,-1.226,4.36,4.497,RECOVERY
2026-04-21,39,ELECON.NS,A,8.265411780268947,9.0,27.0,3.0,-33.96,Capital Goods,-3.144,10.623,-3.541,RECOVERY
2026-04-21,39,FIVESTAR.NS,A,7.429053200677284,9.0,28.0,2.0,-40.34,Financial Services,-0.569,-3.263,-11.367,RECOVERY
2026-04-21,39,KEC.NS,B,4.29809459702234,6.0,0.0,26.0,-37.99,Infrastructure,-3.982,-0.263,-19.908,RECOVERY
2026-04-21,39,LEMONTREE.NS,A+B,7.469287353298704,8.0,1.0,28.0,-32.71,Hospitality,-3.333,-0.57,-9.429,RECOVERY
2026-04-21,39,RKFORGE.NS,B,4.566470733012689,7.0,13.0,57.0,-25.68,Auto,7.523,11.85,0.171,RECOVERY
2026-04-21,39,SOBHA.NS,B,4.4837521475634015,7.0,15.0,27.0,-20.91,Real Estate,4.49,4.642,-1.139,RECOVERY
2026-04-21,39,TATAELXSI.NS,B,2.9690496115836575,9.0,2.0,26.0,-30.38,IT & Technology,-4.908,-1.861,-4.296,RECOVERY
2026-04-21,39,ZENTEC.NS,A,6.010093393181127,8.0,73.0,2.0,-23.05,Aerospace & Defense,-4.335,-11.076,-8.976,RECOVERY
2026-04-21,39,ETHOSLTD.NS,A+B,5.317241760540016,9.0,15.0,28.0,-23.91,Other,-10.251,-12.006,-13.304,RECOVERY
2026-04-21,39,GOKEX.NS,A+B,6.61764886443531,9.0,31.0,43.0,-27.5,Other,-5.656,-8.717,-9.11,RECOVERY
2026-04-21,39,INDIGOPNTS.NS,B,4.600109269618329,7.0,2.0,26.0,-35.04,Other,-1.616,0.713,10.422,RECOVERY
2026-04-21,39,INOXGREEN.NS,A,7.436621187021118,7.0,27.0,2.0,-38.02,Other,3.265,8.931,1.212,RECOVERY
2026-04-21,39,IONEXCHANG.NS,B,2.5721882539450442,7.0,30.0,41.0,-29.71,Other,-3.038,1.623,-4.881,RECOVERY
2026-04-21,39,JSFB.NS,A,12.97769641526132,9.0,28.0,16.0,-21.61,Other,3.256,1.761,0.399,RECOVERY
2026-04-21,39,IXIGO.NS,B,3.1123163359635013,7.0,1.0,26.0,-46.08,Other,-4.732,-4.849,-9.25,RECOVERY
2026-04-21,39,MASTEK.NS,A,5.074575029719685,8.0,28.0,1.0,-36.6,Other,-4.022,-3.982,-8.146,RECOVERY
2026-04-21,39,BECTORFOOD.NS,A+B,7.066145326686121,8.0,0.0,27.0,-37.31,Other,-3.418,-0.347,-12.68,RECOVERY
2026-04-21,39,SKIPPER.NS,A+B,6.550619721414917,9.0,43.0,32.0,-20.87,Other,2.935,3.91,-1.632,RECOVERY
2026-04-21,39,WESTLIFE.NS,B,4.911393872169204,8.0,0.0,26.0,-41.4,Other,-0.681,2.054,-3.364,RECOVERY
2026-04-22,40,ELECON.NS,A,6.902771530732766,9.0,30.0,13.0,-29.4,Capital Goods,-1.19,9.732,-1.677,RECOVERY
2026-04-22,40,HBLENGINE.NS,B,4.225716473500355,9.0,35.0,41.0,-27.05,Capital Goods,-1.462,4.671,-3.215,RECOVERY
2026-04-22,40,INTELLECT.NS,B,2.686348665244465,6.0,0.0,25.0,-44.24,IT & Technology,6.304,11.552,-0.677,RECOVERY
2026-04-22,40,IREDA.NS,A+B,8.994254449009818,9.0,29.0,44.0,-24.32,Financial Services,-1.76,-1.425,-7.017,RECOVERY
2026-04-22,40,JPPOWER.NS,A,6.003156415948247,7.0,63.0,12.0,-27.33,Power & Utilities,-0.805,-2.465,-6.64,RECOVERY
2026-04-22,40,KRBL.NS,A,6.750820914656558,9.0,41.0,4.0,-23.31,Other,0.232,3.18,-7.781,RECOVERY
2026-04-22,40,LLOYDSENGG.NS,A+B,5.6330501234319295,8.0,32.0,42.0,-29.66,Other,0.627,6.724,18.115,RECOVERY
2026-04-22,40,LLOYDSENT.NS,A,5.058486614660537,9.0,64.0,11.0,-28.06,Other,2.086,4.128,2.369,RECOVERY
2026-04-22,40,MEDANTA.NS,B,2.8252959750553455,7.0,13.0,27.0,-23.64,Pharma & Healthcare,0.531,8.598,11.594,RECOVERY
2026-04-22,40,MSUMI.NS,B,3.1992068175250306,6.0,14.0,26.0,-22.95,Auto,-0.074,5.571,-1.651,RECOVERY
2026-04-22,40,PRAJIND.NS,A,5.107077145116693,9.0,61.0,12.0,-28.17,Capital Goods,-0.415,-1.573,-4.78,RECOVERY
2026-04-22,40,RENUKA.NS,B,2.9538893662222714,8.0,42.0,32.0,-20.28,Other,1.108,-1.177,-17.169,RECOVERY
2026-04-22,40,RPOWER.NS,A,6.701938599521716,8.0,25.0,1.0,-60.45,Power & Utilities,-4.919,-3.224,-9.405,RECOVERY
2026-04-22,40,RTNPOWER.NS,A,6.315793489155016,8.0,27.0,2.0,-40.31,Other,2.016,3.73,-7.661,RECOVERY
2026-04-22,40,SJVN.NS,A,5.2597331648728005,8.0,40.0,3.0,-23.37,Power & Utilities,0.013,1.165,-6.965,RECOVERY
2026-04-22,40,SUDARSCHEM.NS,A,6.963770611595139,9.0,25.0,2.0,-43.18,Other,1.448,7.184,8.97,RECOVERY
2026-04-22,40,SUNTECK.NS,B,4.910583318757484,6.0,16.0,27.0,-25.0,Other,-4.344,-2.123,-19.609,RECOVERY
2026-04-22,40,SUPRIYA.NS,A+B,5.67861457913814,7.0,13.0,29.0,-21.19,Other,4.796,5.723,10.677,RECOVERY
2026-04-22,40,SUZLON.NS,B,2.768363960348412,9.0,43.0,31.0,-26.55,Capital Goods,3.443,3.573,-1.601,RECOVERY
2026-04-22,40,UNIMECH.NS,A+B,5.278142662058397,7.0,31.0,42.0,-28.54,Other,-1.692,4.379,-9.645,RECOVERY
2026-04-22,40,WEBELSOLAR.NS,A,9.992069820155622,9.0,31.0,2.0,-38.93,Other,3.624,7.529,-1.423,RECOVERY
2026-04-22,40,WOCKPHARMA.NS,B,3.0262200137739925,8.0,43.0,31.0,-22.39,Pharma & Healthcare,-3.157,13.628,11.012,RECOVERY
2026-04-23,41,ANUP.NS,A,5.1252044317837155,10.0,30.0,2.0,-35.55,Other,-2.21,2.518,-6.222,RECOVERY
2026-04-23,41,CIPLA.NS,A+B,5.629699331639641,9.0,10.0,29.0,-21.94,Pharma & Healthcare,1.127,4.015,8.046,RECOVERY
2026-04-23,41,GODREJIND.NS,A,5.603559796202185,9.0,30.0,12.0,-28.35,Diversified,-3.18,22.987,13.725,RECOVERY
2026-04-23,41,IFBIND.NS,A,7.147311867211838,7.0,27.0,2.0,-40.4,Other,-0.496,3.487,-8.659,RECOVERY
2026-04-23,41,JIOFIN.NS,B,4.25559070438976,9.0,9.0,28.0,-26.45,Financial Services,0.26,1.469,-3.068,RECOVERY
2026-04-23,41,MANINFRA.NS,A,7.609224433454149,8.0,27.0,2.0,-41.85,Other,6.007,18.673,4.237,RECOVERY
2026-04-23,41,MARKSANS.NS,A+B,7.62419393380697,9.0,27.0,44.0,-28.36,Other,-2.934,3.969,11.382,RECOVERY
2026-04-23,41,ONESOURCE.NS,A+B,9.782742122032124,9.0,44.0,33.0,-21.33,Pharma & Healthcare,-4.725,0.597,0.559,RECOVERY
2026-04-23,41,PPLPHARMA.NS,A,6.540535542731157,10.0,27.0,13.0,-28.22,Pharma & Healthcare,-2.176,8.69,6.14,RECOVERY
2026-04-23,41,PRAJIND.NS,A,7.118600018017171,9.0,73.0,2.0,-22.79,Capital Goods,2.485,1.255,-2.058,RECOVERY
2026-04-23,41,SHAILY.NS,A+B,12.754650763003978,7.0,6.0,69.0,-21.92,Other,1.179,7.035,7.674,RECOVERY
2026-04-23,41,WEBELSOLAR.NS,A+B,9.990735341959393,8.0,33.0,32.0,-32.83,Other,-0.171,3.69,-2.67,RECOVERY
2026-04-24,42,COCHINSHIP.NS,B,4.514057015295116,9.0,30.0,31.0,-34.2,Infrastructure,2.382,2.215,-8.95,RECOVERY
2026-04-27,43,ABFRL.NS,B,3.447155238482473,6.0,0.0,22.0,-78.38,Retail,0.645,-1.856,2.029,RECOVERY
2026-04-27,43,AEGISVOPAK.NS,A+B,5.400235832395981,8.0,2.0,27.0,-34.34,Oil & Gas,-2.095,1.803,4.646,RECOVERY
2026-04-27,43,AFFLE.NS,B,3.2203064193175686,9.0,0.0,27.0,-33.57,IT & Technology,-1.09,10.767,3.843,RECOVERY
2026-04-27,43,ALOKINDS.NS,B,2.88461077251285,6.0,1.0,26.0,-40.81,Textiles,0.288,-2.374,-8.849,RECOVERY
2026-04-27,43,ANANTRAJ.NS,A+B,8.326124677375935,8.0,1.0,28.0,-32.64,Real Estate,5.547,1.896,2.17,RECOVERY
2026-04-27,43,ANUP.NS,A+B,5.059747188035628,9.0,31.0,32.0,-33.83,Other,-4.599,-9.286,-8.789,RECOVERY
2026-04-27,43,AURIONPRO.NS,A+B,5.7249353403202665,7.0,0.0,26.0,-47.02,Other,-1.34,-12.712,-6.923,RECOVERY
2026-04-27,43,BALAMINES.NS,B,4.501843109484071,7.0,29.0,32.0,-32.39,Other,10.273,1.033,41.303,RECOVERY
2026-04-27,43,BALUFORGE.NS,A+B,5.031513494758784,7.0,4.0,26.0,-38.35,Other,11.932,-0.421,-0.311,RECOVERY
2026-04-27,43,BIRLACORPN.NS,B,3.7669292050021537,7.0,1.0,26.0,-38.15,Other,3.326,14.317,8.691,RECOVERY
2026-04-27,43,BLUEJET.NS,A,9.991319495015992,8.0,24.0,2.0,-56.76,Pharma & Healthcare,10.644,0.304,12.651,RECOVERY
2026-04-27,43,COHANCE.NS,A,19.994445648329876,9.0,24.0,2.0,-61.54,Pharma & Healthcare,-7.936,-1.753,-11.839,RECOVERY
2026-04-27,43,CROMPTON.NS,B,3.3768920962788567,7.0,2.0,37.0,-28.05,Consumer Durables,2.177,4.606,7.202,RECOVERY
2026-04-27,43,CYIENTDLM.NS,A,7.265417185929122,8.0,44.0,2.0,-20.85,Other,4.84,6.292,10.113,RECOVERY
2026-04-27,43,ELECTCAST.NS,A,8.134691479085463,8.0,28.0,3.0,-37.32,Other,10.599,0.782,-2.632,RECOVERY
2026-04-27,43,EMIL.NS,A,6.969320247590881,8.0,27.0,3.0,-34.42,Other,-0.807,-7.511,-6.175,RECOVERY
2026-04-27,43,GANECOS.NS,A,5.022312782752851,9.0,31.0,1.0,-38.21,Other,1.922,-3.512,-7.895,RECOVERY
2026-04-27,43,GREAVESCOT.NS,A,6.046121541219528,7.0,29.0,2.0,-32.8,Other,0.832,0.665,8.663,RECOVERY
2026-04-27,43,IONEXCHANG.NS,B,2.780920504148693,7.0,30.0,41.0,-29.43,Other,5.484,-1.565,2.091,RECOVERY
2026-04-27,43,JAIBALAJI.NS,A,9.268845234108184,8.0,27.0,2.0,-43.77,Other,0.933,1.916,-9.617,RECOVERY
2026-04-27,43,JBMA.NS,B,2.5944399196329746,7.0,44.0,31.0,-20.41,Auto,-4.068,1.821,-0.922,RECOVERY
2026-04-27,43,JINDWORLD.NS,A,6.8587685711047826,8.0,24.0,1.0,-62.64,Other,-2.114,9.815,13.817,RECOVERY
2026-04-27,43,LLOYDSENGG.NS,B,2.6467011138543985,7.0,33.0,41.0,-29.8,Other,1.31,14.803,31.036,RECOVERY
2026-04-27,43,LTTS.NS,A+B,6.213385317655496,7.0,12.0,29.0,-24.04,IT & Technology,4.862,1.046,-0.721,RECOVERY
2026-04-27,43,LXCHEM.NS,A,6.157241294619382,7.0,28.0,2.0,-38.26,Other,-4.034,3.396,0.93,RECOVERY
2026-04-27,43,M&MFIN.NS,B,7.914408557610067,6.0,31.0,34.0,-22.93,Financial Services,-2.271,4.574,-2.415,RECOVERY
2026-04-27,43,MSUMI.NS,B,3.007511033461682,7.0,13.0,27.0,-23.31,Auto,5.989,1.427,-0.025,RECOVERY
2026-04-27,43,NEWGEN.NS,A+B,6.223660246994868,7.0,0.0,23.0,-64.13,IT & Technology,1.326,-3.697,-9.704,RECOVERY
2026-04-27,43,PGEL.NS,B,3.1709722766653283,7.0,2.0,27.0,-38.39,Consumer Durables,-5.452,-12.281,-17.068,RECOVERY
2026-04-27,43,POLYMED.NS,A,5.755906323332176,7.0,24.0,2.0,-49.0,Pharma & Healthcare,5.629,10.544,-4.756,RECOVERY
2026-04-27,43,QUESS.NS,B,4.533499076921101,7.0,0.0,25.0,-45.15,Other,11.794,4.389,2.402,RECOVERY
2026-04-27,43,ROUTE.NS,A,6.832791210888544,8.0,24.0,1.0,-53.39,Other,5.509,-3.84,-3.009,RECOVERY
2026-04-27,43,RTNINDIA.NS,A,5.4890542134751374,7.0,27.0,1.0,-48.16,Other,0.501,-4.429,-2.646,RECOVERY
2026-04-27,43,RTNPOWER.NS,A,7.067511694582768,8.0,27.0,2.0,-40.01,Other,-0.787,-8.465,-8.858,RECOVERY
2026-04-27,43,SAPPHIRE.NS,A,5.145819372861244,7.0,0.0,0.0,-52.19,Retail,6.523,-0.861,6.162,RECOVERY
2026-04-27,43,SPARC.NS,A,5.341759410262259,7.0,60.0,13.0,-28.22,Other,-4.665,13.333,60.415,RECOVERY
2026-04-27,43,SUZLON.NS,A,5.601930006142717,9.0,74.0,1.0,-23.38,Capital Goods,-4.309,-10.119,-4.78,RECOVERY
2026-04-27,43,SYMPHONY.NS,A+B,7.474513963318233,8.0,1.0,27.0,-35.93,Other,-7.783,-12.454,-18.32,RECOVERY
2026-04-27,43,TANLA.NS,A+B,19.997947067768248,9.0,30.0,46.0,-23.15,Other,-3.851,-6.532,-5.317,RECOVERY
2026-04-27,43,TARIL.NS,A,5.935996588296233,8.0,29.0,2.0,-40.77,Capital Goods,-4.633,-11.753,-4.973,RECOVERY
2026-04-27,43,TATACOMM.NS,B,3.5578045807274847,8.0,14.0,28.0,-21.42,Telecom,-2.477,-3.672,25.679,RECOVERY
2026-04-27,43,TECHNOE.NS,B,4.654675208163057,8.0,44.0,31.0,-22.11,Infrastructure,0.926,-5.04,-4.953,RECOVERY
2026-04-27,43,WIPRO.NS,B,2.8541344422080637,7.0,10.0,27.0,-22.98,IT & Technology,-0.893,-5.958,1.067,RECOVERY
2026-04-28,44,AFCONS.NS,A,5.748216594294339,7.0,28.0,2.0,-30.35,Infrastructure,3.017,2.297,-2.573,RECOVERY
2026-04-28,44,AGI.NS,A,19.05646286536546,9.0,26.0,6.0,-32.85,Other,0.078,-6.946,-7.981,RECOVERY
2026-04-28,44,COHANCE.NS,A,14.163383666972642,9.0,26.0,2.0,-56.09,Pharma & Healthcare,2.93,-2.406,-8.299,RECOVERY
2026-04-28,44,DCAL.NS,A,5.360409012357437,7.0,28.0,1.0,-42.8,Other,4.269,-2.868,9.04,RECOVERY
2026-04-28,44,EIEL.NS,B,3.494696758713066,9.0,34.0,41.0,-29.25,Other,-3.861,-6.567,-6.313,RECOVERY
2026-04-28,44,EMIL.NS,A+B,11.075918583985507,9.0,30.0,44.0,-27.15,Other,-4.947,-9.374,-8.768,RECOVERY
2026-04-28,44,GRINFRA.NS,B,3.358290760839834,7.0,0.0,26.0,-36.77,Other,8.086,3.659,0.209,RECOVERY
2026-04-28,44,HCC.NS,A,8.160311968940148,9.0,29.0,3.0,-40.09,Other,9.425,-0.181,5.165,RECOVERY
2026-04-28,44,ICIL.NS,B,2.6797016534891567,6.0,42.0,32.0,-21.02,Other,7.235,4.687,15.139,RECOVERY
2026-04-28,44,INTELLECT.NS,A,6.392434379780686,9.0,26.0,2.0,-39.57,IT & Technology,6.036,-2.535,-4.008,RECOVERY
2026-04-28,44,KNRCON.NS,A+B,6.8116723683845235,7.0,0.0,25.0,-46.62,Other,1.76,1.499,1.238,RECOVERY
2026-04-28,44,OLECTRA.NS,B,3.931791762554863,9.0,44.0,31.0,-24.98,Auto,1.349,1.898,-2.311,RECOVERY
2026-04-28,44,POLYPLEX.NS,B,3.1169809937745407,9.0,29.0,31.0,-31.98,Other,-0.56,-5.441,-5.32,RECOVERY
2026-04-28,44,TATACHEM.NS,A,11.054968568541772,9.0,40.0,5.0,-21.87,Chemicals,2.026,-3.957,-3.151,RECOVERY
2026-04-28,44,UNIMECH.NS,A,8.433032432410844,9.0,75.0,2.0,-20.52,Other,-2.541,-8.229,-6.76,RECOVERY
2026-04-29,45,CONCORDBIO.NS,A+B,5.830223880597015,7.0,0.0,24.0,-46.91,Pharma & Healthcare,4.965,-0.175,-3.713,RECOVERY
2026-04-29,45,DEVYANI.NS,A+B,13.746989766123038,10.0,2.0,29.0,-33.2,Retail,-4.682,-5.372,-6.069,RECOVERY
2026-04-29,45,GODFRYPHLP.NS,A,7.523271292704995,8.0,25.0,2.0,-42.03,Consumer Goods,3.972,9.223,2.661,RECOVERY
2026-04-29,45,GREENPANEL.NS,A,7.0148379889450965,8.0,28.0,3.0,-33.74,Other,0.498,-8.278,-12.564,RECOVERY
2026-04-29,45,ITC.NS,B,3.875837516782412,8.0,9.0,28.0,-25.97,Consumer Goods,-2.382,-2.445,-7.288,RECOVERY
2026-04-29,45,LODHA.NS,B,3.3752392081703184,9.0,3.0,26.0,-40.19,Real Estate,7.735,-2.79,2.868,RECOVERY
2026-04-29,45,SAPPHIRE.NS,A+B,19.00171803631732,10.0,0.0,29.0,-43.64,Retail,-8.57,-15.544,-11.434,RECOVERY
2026-04-29,45,SUNDRMFAST.NS,B,3.6274919672119523,8.0,12.0,28.0,-22.06,Auto,2.635,0.544,2.818,RECOVERY
2026-04-30,46,BALUFORGE.NS,A,5.453836904654626,10.0,32.0,2.0,-30.93,Other,1.598,-11.683,-12.098,RECOVERY
2026-04-30,46,ELECON.NS,B,3.768559937836022,9.0,32.0,41.0,-29.04,Capital Goods,10.066,-4.303,0.661,RECOVERY
2026-04-30,46,NEWGEN.NS,A,5.331668526280297,9.0,23.0,1.0,-63.1,IT & Technology,-0.178,-6.614,-12.467,RECOVERY
2026-04-30,46,SYNGENE.NS,A,8.214740368248979,7.0,25.0,3.0,-35.82,Pharma & Healthcare,-2.042,-2.908,-5.485,RECOVERY
2026-05-01,47,BALUFORGE.NS,A,5.453836904654626,10.0,34.0,0.0,-30.93,Other,-5.703,-16.895,-19.435,RECOVERY
2026-05-01,47,NEWGEN.NS,A,5.331668526280297,9.0,24.0,0.0,-63.1,IT & Technology,-1.239,-7.575,-11.06,RECOVERY
2026-05-01,47,SYNGENE.NS,A,8.214740368248979,7.0,28.0,0.0,-35.82,Pharma & Healthcare,1.079,-2.315,-6.149,RECOVERY
2026-05-04,48,AARTIDRUGS.NS,A,5.195327915158697,9.0,28.0,12.0,-29.44,Pharma & Healthcare,-4.957,-3.322,-2.696,RECOVERY
2026-05-04,48,ANANTRAJ.NS,B,4.8161865888248006,8.0,3.0,27.0,-31.37,Real Estate,-3.459,-7.301,6.1,RECOVERY
2026-05-04,48,BALAMINES.NS,A,9.136578064359286,9.0,62.0,13.0,-24.7,Metals & Mining,-8.379,16.881,37.9,RECOVERY
2026-05-04,48,BIRLACORPN.NS,A+B,5.536006111702859,9.0,1.0,27.0,-36.99,Metals & Mining,10.638,4.216,1.591,RECOVERY
2026-05-04,48,BLUEJET.NS,A,7.040832115627815,9.0,26.0,1.0,-53.62,Pharma & Healthcare,-9.345,-10.894,-7.775,RECOVERY
2026-05-04,48,CHOLAHLDNG.NS,A+B,7.486665498862489,9.0,4.0,38.0,-25.0,Financial Services,0.082,-2.427,-13.633,RECOVERY
2026-05-04,48,DALBHARAT.NS,B,4.0392382115992085,7.0,13.0,28.0,-20.4,Cement & Materials,-9.496,-12.921,-11.097,RECOVERY
2026-05-04,48,DBREALTY.NS,A+B,19.99613705271413,9.0,0.0,28.0,-50.81,Hospitality,5.081,-5.447,-6.75,RECOVERY
2026-05-04,48,ELECTCAST.NS,A+B,8.086358160209473,7.0,29.0,33.0,-35.22,Capital Goods,-8.876,-19.08,-18.405,RECOVERY
2026-05-04,48,EPIGRAL.NS,A,9.299545468466718,10.0,30.0,2.0,-37.15,Metals & Mining,-7.583,-8.131,-15.536,RECOVERY
2026-05-04,48,GARFIBRES.NS,B,3.237092218635624,9.0,0.0,25.0,-33.74,Consumer Durables,0.128,2.843,5.797,RECOVERY
2026-05-04,48,GRAVITA.NS,B,2.5214708948427913,9.0,43.0,31.0,-22.99,Cement & Materials,-2.148,-5.847,-5.707,RECOVERY
2026-05-04,48,HCG.NS,A,5.816083923314983,9.0,37.0,3.0,-24.71,Pharma & Healthcare,-1.941,4.609,2.151,RECOVERY
2026-05-04,48,HEMIPROP.NS,A+B,5.565099246445412,9.0,2.0,38.0,-29.07,Real Estate,5.297,3.588,-0.883,RECOVERY
2026-05-04,48,IFBIND.NS,A,6.549413937517216,9.0,27.0,2.0,-39.71,Consumer Durables,-8.545,-10.404,7.453,RECOVERY
2026-05-04,48,INOXGREEN.NS,B,4.56482055830807,9.0,31.0,32.0,-32.27,Power & Utilities,-5.997,-3.646,-8.943,RECOVERY
2026-05-04,48,IRCTC.NS,B,2.909834595910605,9.0,0.0,26.0,-31.35,Hospitality,-6.168,-6.906,-9.172,RECOVERY
2026-05-04,48,JAIBALAJI.NS,A,5.505169891675073,9.0,29.0,2.0,-40.58,Metals & Mining,0.973,-5.829,-14.772,RECOVERY
2026-05-04,48,JISLJALEQS.NS,B,2.8905246416888457,7.0,0.0,25.0,-49.65,Capital Goods,-1.734,-9.279,-10.344,RECOVERY
2026-05-04,48,KEC.NS,B,3.3440341701074914,7.0,0.0,26.0,-38.43,Infrastructure,-3.253,-17.685,-12.556,RECOVERY
2026-05-04,48,MARKSANS.NS,B,2.5239605048367295,9.0,28.0,41.0,-29.83,Pharma & Healthcare,6.142,16.253,29.034,RECOVERY
2026-05-04,48,NESCO.NS,B,4.691708067697571,9.0,44.0,31.0,-21.58,Capital Goods,-6.848,-3.806,-10.104,RECOVERY
2026-05-04,48,PCBL.NS,A,6.511120621526037,9.0,30.0,13.0,-28.05,Chemicals,-8.689,-10.135,-4.32,RECOVERY
2026-05-04,48,POONAWALLA.NS,B,4.7698929324597446,7.0,14.0,27.0,-23.37,Financial Services,-3.861,-7.859,-9.385,RECOVERY
2026-05-04,48,QUESS.NS,A,7.056866007634335,9.0,25.0,2.0,-41.6,Capital Goods,-6.625,-8.035,-4.713,RECOVERY
2026-05-04,48,STARCEMENT.NS,B,3.456514371415594,9.0,40.0,32.0,-22.53,Metals & Mining,-6.128,-10.083,-9.789,RECOVERY
2026-05-04,48,SUMICHEM.NS,A,7.121557088913509,9.0,26.0,3.0,-32.48,Chemicals,-6.73,-1.688,2.264,RECOVERY
2026-05-04,48,SURYAROSNI.NS,A+B,7.108587528544649,8.0,42.0,33.0,-23.95,Consumer Durables,-13.089,-13.107,-9.376,RECOVERY
2026-05-04,48,TARC.NS,B,4.129301070230784,8.0,3.0,26.0,-32.95,Real Estate,-4.139,-6.791,-4.943,RECOVERY
2026-05-04,48,THYROCARE.NS,A,5.021235752300635,9.0,44.0,2.0,-21.66,Pharma & Healthcare,10.158,9.149,20.976,RECOVERY
