Ticker,Name,Sub_Industry,Cycle,CMP,Off_52W_High,Off_52W_Low,Off_MA50,MA50,Off_MA200,MA200,RS5,RS21,RS63,CompRS,RS21_Delta5,Liq5Cr,LiqFromLow,VolQuality,Shock_Ratio,IAS,IAS_Vel,IAS_Lfl,IAS_Price,IAS_RS63,Tier,V21_CRS_Gap,V21_MA50_Gap,Date
IDBI.NS,IDBI,Banks,SHORT,86.6,-25.4,40.8,1.9,85.0,-0.7,87.2,7.6,0.8,11.3,5.686,8.9,122.5,3.5,0.83,0.623,100.0,35.0,30.0,20.0,15.0,ALERT,0.0,0.0,2026-10-01
TRANSRAILL.NS,TRANSRAILL,Electrical Equipment,LONG,474.9,-36.8,17.3,4.4,454.7,-5.7,503.4,5.1,18.0,0.5,9.69,12.36,98.5,10.5,0.71,0.574,100.0,35.0,30.0,20.0,15.0,ALERT,0.0,0.0,2026-10-01
LEMONTREE.NS,LEMONTREE,Leisure Services,SHORT,107.7,-37.8,7.2,-0.1,107.7,-8.9,118.2,3.7,7.6,-2.1,3.338,4.78,87.0,5.7,0.89,0.725,83.1,33.5,30.0,9.6,10.0,ALERT,0.0,0.1,2026-10-01
HDFCLIFE.NS,HDFCLIFE,Insurance,SHORT,534.2,-31.9,3.9,-1.3,541.0,-13.4,617.2,4.2,6.5,2.9,4.811,6.46,246.2,2.5,0.67,0.625,77.1,35.0,21.9,5.2,15.0,READY,0.0,1.3,2026-10-01
TARIL.NS,TARIL,Electrical Equipment,LONG,280.8,-43.5,22.4,-3.9,292.3,-5.9,298.3,2.9,-0.7,-9.4,-3.823,2.26,339.3,21.0,0.96,0.0,70.8,15.8,30.0,20.0,5.0,READY,382.25,3.9,2026-10-01
BAJAJHFL.NS,BAJAJHFL,Finance,SHORT,82.9,-25.8,13.4,-1.7,84.4,-4.4,86.7,2.7,6.4,0.2,3.567,2.99,30.8,2.1,0.69,0.0,70.7,20.9,16.9,17.9,15.0,READY,0.0,1.7,2026-10-01
ADANIGREEN.NS,ADANIGREEN,Power,LONG,1276.1,-20.5,65.1,-3.1,1316.8,6.0,1203.9,2.5,4.7,-9.4,-1.164,1.75,310.2,5.4,0.85,0.0,67.2,12.2,30.0,20.0,5.0,READY,116.35,3.1,2026-10-01
HCLTECH.NS,HCLTECH,IT - Services,MID,1243.1,-26.0,21.4,-4.3,1298.5,-6.0,1322.4,2.7,-0.4,18.9,7.651,-0.9,423.0,4.1,0.67,0.0,65.0,0.0,30.0,20.0,15.0,READY,0.0,4.3,2026-10-01
FSL.NS,FSL,IT - Services,MID,250.4,-30.3,22.5,-8.1,272.4,-4.5,262.1,-1.7,-1.2,8.7,2.714,-2.96,43.5,4.9,0.78,0.0,65.0,0.0,30.0,20.0,15.0,READY,0.0,8.1,2026-10-01
JWL.NS,JWL,Transport Infrastructure,LONG,223.9,-35.6,1.9,-8.4,244.4,-18.3,274.1,1.0,-0.2,-5.0,-2.022,2.67,130.9,11.6,0.85,0.0,56.2,18.7,30.0,2.5,5.0,WATCH,202.21,8.4,2026-10-01
PREMIERENE.NS,PREMIERENE,Electrical Equipment,LONG,878.0,-21.4,28.6,-11.0,986.1,-6.0,933.6,0.6,-6.0,-5.9,-5.297,-0.04,122.2,3.0,0.56,0.0,54.9,0.0,29.9,20.0,5.0,WATCH,529.71,11.0,2026-10-01
INFY.NS,INFY,IT - Software,LONG,1035.0,-37.4,5.0,-6.1,1102.0,-16.4,1238.4,4.8,-3.0,7.5,2.007,1.72,1221.0,2.3,0.78,0.0,53.9,12.1,20.1,6.7,15.0,WATCH,0.0,6.1,2026-10-01
ADANIENSOL.NS,ADANIENSOL,Power,LONG,1326.4,-23.8,63.2,-11.5,1499.0,2.7,1292.1,1.7,1.2,-10.0,-3.237,11.13,363.6,2.8,0.72,0.95,52.4,35.0,27.3,20.0,5.0,WATCH,323.75,11.5,2026-10-01
BANKBARODA.NS,BANKBARODA,Banks,SHORT,230.8,-26.6,1.5,-4.0,240.3,-12.8,264.6,1.3,1.9,0.6,1.325,0.59,168.6,2.9,0.81,0.0,49.1,4.1,28.1,1.9,15.0,WATCH,0.0,4.0,2026-10-01
IRCON.NS,IRCON,Construction,LONG,110.2,-38.8,7.6,-7.4,119.0,-19.9,137.6,6.2,0.1,-9.1,-2.991,8.86,238.0,14.1,0.74,1.452,48.1,35.0,30.0,10.1,5.0,WATCH,299.07,7.4,2026-10-01
ZENSARTECH.NS,ZENSARTECH,IT - Software,LONG,434.4,-44.7,4.6,-7.5,469.8,-18.2,530.7,5.6,0.6,1.3,1.356,6.27,60.8,2.4,0.76,0.851,46.5,35.0,21.4,6.1,15.0,WATCH,0.0,7.5,2026-10-01
VESUVIUS.NS,VESUVIUS,Industrial Manufacturing,LONG,404.1,-27.2,4.9,-5.0,425.3,-13.2,465.4,5.9,4.1,-6.0,0.245,6.72,94.2,54.9,0.96,0.984,45.9,35.0,30.0,6.5,5.0,WATCH,0.0,5.0,2026-10-01
SRF.NS,SRF,Chemicals & Petrochemicals,SHORT,2486.2,-21.8,4.2,-3.2,2567.8,-7.4,2683.6,0.9,1.9,-3.8,-0.461,-0.9,60.5,3.4,0.61,0.0,45.5,0.0,30.0,5.5,10.0,WATCH,46.13,3.2,2026-10-01
GODIGIT.NS,GODIGIT,Insurance,SHORT,256.3,-29.9,7.2,-0.3,257.0,-15.7,304.1,5.2,5.4,-9.7,-0.631,4.1,50.3,7.7,0.64,0.913,44.0,28.7,30.0,9.7,5.0,WATCH,63.13,0.3,2026-10-01
