variant,final_equity,total_return_pct,cagr_pct,max_drawdown_pct,sharpe,trades,win_rate_pct,avg_win_pct,avg_loss_pct,test,period
BASE 6m RS,1327980,33.0,33.1,-11.9,1.93,98,33.7,24.95,-8.78,window,1y
P1 leader breakout 1st,1159812,16.1,16.19,-11.1,1.07,93,35.5,24.39,-9.22,window,1y
P2 +vol anchor 1st,1192531,19.4,19.48,-11.8,1.27,89,36.0,27.2,-9.21,window,1y
P3 any breakout 1st,1275743,27.7,27.85,-12.6,1.68,89,37.1,19.38,-9.75,window,1y
L1 leader industry 1st,1236239,23.8,23.87,-11.9,1.42,93,40.9,17.67,-8.45,window,1y
X1 skip laggard ind.,1356234,35.8,35.94,-12.0,2.01,98,32.7,25.78,-9.0,window,1y
P1+X1,1175648,17.7,17.78,-10.9,1.17,90,34.4,26.43,-8.73,window,1y
BASE 6m RS,1351479,35.3,10.62,-26.4,0.72,316,35.1,22.37,-10.01,window,3y
P1 leader breakout 1st,946242,-5.3,-1.78,-36.7,-0.04,274,33.6,20.88,-9.7,window,3y
P2 +vol anchor 1st,1195944,19.7,6.2,-24.3,0.46,275,34.2,22.52,-9.47,window,3y
P3 any breakout 1st,1289764,29.1,8.91,-29.1,0.61,286,33.2,22.07,-9.56,window,3y
L1 leader industry 1st,1633724,63.6,17.84,-17.5,1.07,281,36.3,23.6,-8.85,window,3y
X1 skip laggard ind.,1459360,46.1,13.49,-22.9,0.88,305,38.0,21.0,-10.05,window,3y
P1+X1,956737,-4.2,-1.42,-38.5,-0.01,272,33.5,21.75,-9.67,window,3y
BASE 6m RS,2404348,140.7,19.22,-22.5,1.23,498,35.5,26.49,-9.21,window,5y
P1 leader breakout 1st,2231077,123.4,17.45,-29.0,1.11,446,39.2,24.69,-8.73,window,5y
P2 +vol anchor 1st,2987180,199.1,24.52,-20.2,1.42,445,41.8,25.08,-8.72,window,5y
P3 any breakout 1st,2311545,131.5,18.29,-23.4,1.18,454,37.4,25.42,-9.39,window,5y
L1 leader industry 1st,3015371,201.9,24.75,-19.7,1.49,443,38.4,28.1,-8.71,window,5y
X1 skip laggard ind.,2471005,147.4,19.88,-23.0,1.27,502,34.3,28.43,-9.28,window,5y
P1+X1,2540063,154.3,20.54,-27.6,1.27,440,39.5,26.72,-8.67,window,5y
BASE 6m RS,9957341,897.0,25.87,-34.6,1.63,947,37.0,30.74,-8.9,window,10y
P1 leader breakout 1st,5725251,473.3,19.09,-31.0,1.24,874,37.2,28.18,-8.65,window,10y
P2 +vol anchor 1st,5823089,483.1,19.3,-32.7,1.25,863,37.5,29.13,-8.77,window,10y
P3 any breakout 1st,4987804,399.4,17.46,-35.5,1.17,864,36.6,27.24,-8.96,window,10y
L1 leader industry 1st,10470096,948.4,26.51,-31.2,1.63,859,40.3,28.14,-8.61,window,10y
X1 skip laggard ind.,9407534,842.0,25.16,-34.5,1.57,941,36.0,30.27,-8.81,window,10y
P1+X1,5132663,413.9,17.8,-33.3,1.18,867,36.8,28.22,-8.72,window,10y
BASE 6m RS,9957341,897.0,25.87,-34.6,1.63,947,37.0,30.74,-8.9,stagger,start 2016-09-30
P1 leader breakout 1st,5725251,473.3,19.09,-31.0,1.24,874,37.2,28.18,-8.65,stagger,start 2016-09-30
P2 +vol anchor 1st,5823089,483.1,19.3,-32.7,1.25,863,37.5,29.13,-8.77,stagger,start 2016-09-30
P3 any breakout 1st,4987804,399.4,17.46,-35.5,1.17,864,36.6,27.24,-8.96,stagger,start 2016-09-30
L1 leader industry 1st,10470096,948.4,26.51,-31.2,1.63,859,40.3,28.14,-8.61,stagger,start 2016-09-30
X1 skip laggard ind.,9407534,842.0,25.16,-34.5,1.57,941,36.0,30.27,-8.81,stagger,start 2016-09-30
P1+X1,5132663,413.9,17.8,-33.3,1.18,867,36.8,28.22,-8.72,stagger,start 2016-09-30
RANDOM 0,3919960,292.5,14.66,-27.8,1.01,862,36.2,25.87,-8.2,stagger,start 2016-09-30
RANDOM 1,2559152,156.2,9.87,-42.1,0.72,853,36.5,23.04,-8.41,stagger,start 2016-09-30
RANDOM 2,3161742,216.6,12.22,-38.6,0.88,868,36.5,23.75,-8.23,stagger,start 2016-09-30
RANDOM 3,5188273,419.5,17.93,-37.0,1.18,814,38.3,27.85,-8.3,stagger,start 2016-09-30
RANDOM 4,4131035,313.6,15.27,-31.1,1.06,852,35.4,27.1,-7.96,stagger,start 2016-09-30
RANDOM 5,2543725,154.7,9.81,-36.8,0.73,874,34.4,24.47,-8.07,stagger,start 2016-09-30
RANDOM 6,3997677,300.3,14.89,-27.7,1.01,848,35.5,24.98,-8.09,stagger,start 2016-09-30
RANDOM 7,3552734,255.7,13.54,-44.6,0.93,862,37.2,24.09,-8.51,stagger,start 2016-09-30
BASE 6m RS,12812483,1182.9,29.11,-26.2,1.77,918,38.7,29.04,-9.06,stagger,start 2016-09-07
P1 leader breakout 1st,10675779,969.0,26.77,-29.1,1.63,819,39.7,30.62,-8.53,stagger,start 2016-09-07
P2 +vol anchor 1st,9361830,837.4,25.12,-32.1,1.53,846,38.4,29.0,-8.71,stagger,start 2016-09-07
P3 any breakout 1st,8066233,707.7,23.26,-29.5,1.45,832,40.4,27.91,-8.94,stagger,start 2016-09-07
L1 leader industry 1st,11029603,1004.4,27.19,-24.1,1.65,817,41.5,28.85,-8.42,stagger,start 2016-09-07
X1 skip laggard ind.,12825363,1184.2,29.12,-26.0,1.76,914,38.7,29.4,-8.93,stagger,start 2016-09-07
P1+X1,10459608,947.3,26.51,-29.0,1.61,826,39.5,30.25,-8.54,stagger,start 2016-09-07
RANDOM 0,5082275,408.9,17.69,-30.3,1.2,822,40.3,23.15,-8.37,stagger,start 2016-09-07
RANDOM 1,2598200,160.2,10.05,-35.4,0.72,856,36.7,22.61,-8.67,stagger,start 2016-09-07
RANDOM 2,5989331,499.7,19.64,-27.9,1.26,811,37.2,29.92,-8.33,stagger,start 2016-09-07
RANDOM 3,4963798,397.0,17.41,-25.8,1.02,826,38.3,25.76,-8.31,stagger,start 2016-09-07
RANDOM 4,4177791,318.3,15.41,-31.2,1.04,855,35.0,27.88,-8.25,stagger,start 2016-09-07
RANDOM 5,5634339,464.2,18.91,-31.6,1.25,814,39.3,25.65,-8.45,stagger,start 2016-09-07
RANDOM 6,5502171,450.9,18.63,-30.6,1.21,828,38.5,25.72,-8.53,stagger,start 2016-09-07
RANDOM 7,4660685,366.7,16.68,-22.2,1.07,828,37.2,26.99,-8.44,stagger,start 2016-09-07
BASE 6m RS,7163997,617.3,21.78,-32.4,1.4,913,38.1,26.73,-9.29,stagger,start 2016-08-11
P1 leader breakout 1st,10306883,932.0,26.29,-30.5,1.61,804,41.2,28.06,-8.54,stagger,start 2016-08-11
P2 +vol anchor 1st,7658485,666.8,22.59,-32.0,1.42,833,39.5,26.25,-8.76,stagger,start 2016-08-11
P3 any breakout 1st,5138380,414.5,17.8,-30.6,1.16,833,38.8,26.1,-8.93,stagger,start 2016-08-11
L1 leader industry 1st,8054869,706.5,23.21,-31.6,1.49,814,41.2,27.81,-8.4,stagger,start 2016-08-11
X1 skip laggard ind.,7358147,636.8,22.1,-31.3,1.4,907,37.8,27.92,-9.21,stagger,start 2016-08-11
P1+X1,9619248,863.2,25.42,-33.6,1.56,805,40.7,28.12,-8.48,stagger,start 2016-08-11
RANDOM 0,3797864,280.3,14.29,-37.9,1.02,818,38.5,22.77,-8.19,stagger,start 2016-08-11
RANDOM 1,2683596,168.7,10.39,-40.5,0.75,831,36.3,23.13,-8.55,stagger,start 2016-08-11
RANDOM 2,4200907,320.6,15.45,-45.4,1.04,803,37.6,27.15,-8.51,stagger,start 2016-08-11
RANDOM 3,3007121,201.1,11.65,-38.6,0.85,829,36.4,23.99,-8.31,stagger,start 2016-08-11
RANDOM 4,3040712,204.5,11.78,-37.9,0.84,837,34.9,25.8,-8.5,stagger,start 2016-08-11
RANDOM 5,3576731,258.1,13.6,-39.7,0.97,817,38.7,22.74,-8.35,stagger,start 2016-08-11
RANDOM 6,3309705,231.4,12.73,-36.8,0.89,833,35.7,24.82,-8.48,stagger,start 2016-08-11
RANDOM 7,3546280,255.1,13.51,-42.4,0.95,815,35.6,26.09,-8.68,stagger,start 2016-08-11
BASE 6m RS,8795283,780.7,24.3,-33.8,1.51,899,38.5,29.02,-9.41,stagger,start 2016-07-20
P1 leader breakout 1st,8132927,714.3,23.33,-33.3,1.45,807,39.7,28.77,-8.77,stagger,start 2016-07-20
P2 +vol anchor 1st,7895501,690.6,22.97,-35.2,1.42,829,39.0,27.76,-9.06,stagger,start 2016-07-20
P3 any breakout 1st,6027634,503.5,19.69,-29.5,1.27,822,39.9,26.6,-9.17,stagger,start 2016-07-20
L1 leader industry 1st,8916638,792.8,24.47,-29.9,1.53,795,41.4,29.27,-8.55,stagger,start 2016-07-20
X1 skip laggard ind.,8085380,709.6,23.26,-30.2,1.45,894,38.1,29.49,-9.47,stagger,start 2016-07-20
P1+X1,8801113,781.2,24.31,-32.7,1.49,799,40.7,28.79,-8.91,stagger,start 2016-07-20
RANDOM 0,4919910,392.6,17.28,-36.5,1.18,807,38.7,24.89,-8.45,stagger,start 2016-07-20
RANDOM 1,2451927,145.5,9.4,-38.9,0.67,838,35.8,23.48,-8.63,stagger,start 2016-07-20
RANDOM 2,5413254,442.0,18.41,-31.7,1.21,799,37.7,28.14,-8.4,stagger,start 2016-07-20
RANDOM 3,3913471,291.9,14.63,-33.2,1.02,794,37.7,25.51,-8.33,stagger,start 2016-07-20
RANDOM 4,5543434,455.1,18.69,-32.6,1.23,820,36.3,28.33,-8.37,stagger,start 2016-07-20
RANDOM 5,3012141,201.6,11.67,-48.7,0.84,815,35.8,24.43,-8.46,stagger,start 2016-07-20
RANDOM 6,4752521,375.9,16.88,-33.2,1.12,824,35.4,28.73,-8.66,stagger,start 2016-07-20
RANDOM 7,4554646,356.1,16.38,-34.5,1.1,798,36.8,27.11,-8.81,stagger,start 2016-07-20
BASE 6m RS,7703464,671.3,22.66,-38.8,1.46,949,36.4,30.55,-9.12,stagger,start 2016-06-27
P1 leader breakout 1st,4908026,391.4,17.25,-32.2,1.16,865,38.4,25.69,-8.71,stagger,start 2016-06-27
P2 +vol anchor 1st,5152808,415.9,17.82,-34.8,1.18,867,37.9,26.82,-8.83,stagger,start 2016-06-27
P3 any breakout 1st,5161522,416.8,17.84,-37.6,1.2,852,37.7,26.72,-8.89,stagger,start 2016-06-27
L1 leader industry 1st,9179102,819.1,24.82,-35.6,1.54,850,40.9,27.08,-8.7,stagger,start 2016-06-27
X1 skip laggard ind.,6837620,584.6,21.2,-39.3,1.37,942,35.9,28.85,-9.11,stagger,start 2016-06-27
P1+X1,4343985,335.0,15.83,-34.6,1.07,872,37.6,25.54,-8.69,stagger,start 2016-06-27
RANDOM 0,2940812,194.5,11.4,-46.6,0.83,855,36.0,24.1,-8.27,stagger,start 2016-06-27
RANDOM 1,3038530,204.2,11.76,-47.2,0.84,848,36.3,24.83,-8.71,stagger,start 2016-06-27
RANDOM 2,2672747,167.6,10.34,-46.1,0.76,843,36.4,23.04,-8.16,stagger,start 2016-06-27
RANDOM 3,3980518,298.6,14.82,-43.8,1.02,816,37.6,26.05,-8.46,stagger,start 2016-06-27
RANDOM 4,3194333,219.8,12.32,-49.4,0.87,868,34.0,25.95,-7.98,stagger,start 2016-06-27
RANDOM 5,2750302,175.4,10.66,-37.1,0.79,866,36.4,23.3,-8.24,stagger,start 2016-06-27
RANDOM 6,3464027,246.8,13.24,-38.9,0.93,822,38.0,23.49,-8.38,stagger,start 2016-06-27
RANDOM 7,4158975,316.4,15.33,-45.2,1.05,845,38.0,23.77,-8.67,stagger,start 2016-06-27
BASE 6m RS,8976825,798.8,24.55,-32.4,1.52,931,39.8,26.91,-9.19,stagger,start 2016-06-03
P1 leader breakout 1st,14022274,1304.0,30.23,-29.9,1.78,821,41.8,29.61,-8.72,stagger,start 2016-06-03
P2 +vol anchor 1st,9866023,887.9,25.74,-37.5,1.55,844,41.1,28.09,-8.78,stagger,start 2016-06-03
P3 any breakout 1st,7969453,698.0,23.08,-29.5,1.43,861,39.4,28.5,-9.01,stagger,start 2016-06-03
L1 leader industry 1st,7239489,624.9,21.9,-27.1,1.39,847,39.7,27.45,-8.26,stagger,start 2016-06-03
X1 skip laggard ind.,8715166,772.6,24.19,-32.7,1.49,928,40.1,25.41,-8.91,stagger,start 2016-06-03
P1+X1,13116561,1213.3,29.37,-29.8,1.74,825,41.8,28.56,-8.59,stagger,start 2016-06-03
RANDOM 0,2836740,184.0,11.0,-32.1,0.79,836,39.2,21.94,-8.43,stagger,start 2016-06-03
RANDOM 1,3482402,248.7,13.3,-33.4,0.92,853,37.7,24.18,-8.57,stagger,start 2016-06-03
RANDOM 2,5269077,427.6,18.09,-33.2,1.18,830,37.6,27.34,-8.31,stagger,start 2016-06-03
RANDOM 3,3888305,289.3,14.56,-31.7,0.99,855,35.3,25.13,-8.26,stagger,start 2016-06-03
RANDOM 4,3171778,217.6,12.25,-35.1,0.86,832,36.5,24.45,-8.7,stagger,start 2016-06-03
RANDOM 5,5988948,499.7,19.61,-37.0,1.27,831,39.8,24.54,-8.32,stagger,start 2016-06-03
RANDOM 6,3749846,275.5,14.14,-32.5,0.95,870,36.2,24.65,-8.36,stagger,start 2016-06-03
RANDOM 7,2554172,155.7,9.84,-32.6,0.72,867,34.9,24.46,-8.21,stagger,start 2016-06-03
BASE 6m RS,7958355,696.9,23.07,-27.6,1.46,895,38.8,27.32,-9.17,stagger,start 2016-05-12
P1 leader breakout 1st,8544528,755.6,23.95,-27.2,1.47,806,40.2,28.05,-8.56,stagger,start 2016-05-12
P2 +vol anchor 1st,7779100,678.9,22.79,-30.0,1.41,827,39.2,27.28,-8.87,stagger,start 2016-05-12
P3 any breakout 1st,5159813,416.6,17.85,-29.5,1.17,820,39.5,26.49,-9.11,stagger,start 2016-05-12
L1 leader industry 1st,8755700,776.7,24.25,-24.4,1.52,806,41.8,27.48,-8.52,stagger,start 2016-05-12
X1 skip laggard ind.,7322001,633.1,22.05,-28.8,1.41,892,38.3,28.2,-9.23,stagger,start 2016-05-12
P1+X1,9062871,807.5,24.68,-27.6,1.51,804,40.5,28.51,-8.66,stagger,start 2016-05-12
RANDOM 0,4142286,314.8,15.29,-36.5,1.06,811,39.6,23.79,-8.29,stagger,start 2016-05-12
RANDOM 1,2550749,155.4,9.83,-34.3,0.72,828,37.7,22.51,-8.64,stagger,start 2016-05-12
RANDOM 2,5905227,491.3,19.45,-40.2,1.25,795,37.2,29.35,-8.27,stagger,start 2016-05-12
RANDOM 3,3673196,267.8,13.91,-37.8,0.97,804,38.7,25.21,-8.36,stagger,start 2016-05-12
RANDOM 4,3213390,221.8,12.4,-35.6,0.87,850,34.4,26.69,-8.31,stagger,start 2016-05-12
RANDOM 5,4826403,383.3,17.07,-30.4,1.18,787,38.5,25.01,-8.23,stagger,start 2016-05-12
RANDOM 6,3374159,237.8,12.95,-35.6,0.91,826,36.7,25.23,-8.31,stagger,start 2016-05-12
RANDOM 7,4021162,302.6,14.95,-33.9,1.02,811,35.6,27.72,-8.53,stagger,start 2016-05-12
BASE 6m RS,7019283,602.8,21.55,-36.9,1.39,909,36.9,29.12,-9.22,stagger,start 2016-04-20
P1 leader breakout 1st,6570373,557.9,20.75,-34.1,1.33,809,38.1,29.05,-8.69,stagger,start 2016-04-20
P2 +vol anchor 1st,6532308,554.1,20.68,-34.4,1.32,831,37.2,28.23,-9.01,stagger,start 2016-04-20
P3 any breakout 1st,5346153,435.3,18.28,-36.7,1.19,826,38.3,28.29,-9.1,stagger,start 2016-04-20
L1 leader industry 1st,8605532,761.7,24.06,-31.4,1.52,791,40.8,29.38,-8.46,stagger,start 2016-04-20
X1 skip laggard ind.,7456029,646.6,22.29,-34.3,1.42,906,36.8,29.91,-9.1,stagger,start 2016-04-20
P1+X1,6501002,550.9,20.62,-37.4,1.32,807,38.2,28.93,-8.63,stagger,start 2016-04-20
RANDOM 0,4751224,375.7,16.9,-40.5,1.14,804,40.3,24.0,-8.49,stagger,start 2016-04-20
RANDOM 1,2167491,117.0,8.06,-39.5,0.6,846,34.6,24.19,-8.58,stagger,start 2016-04-20
RANDOM 2,5124690,413.1,17.79,-43.0,1.17,792,36.5,29.65,-8.49,stagger,start 2016-04-20
RANDOM 3,3894003,289.9,14.59,-36.7,1.03,790,38.1,25.85,-8.44,stagger,start 2016-04-20
RANDOM 4,2997049,200.1,11.63,-38.9,0.83,834,34.4,26.14,-8.23,stagger,start 2016-04-20
RANDOM 5,3802219,280.7,14.32,-41.0,1.01,791,37.8,24.59,-8.4,stagger,start 2016-04-20
RANDOM 6,3508941,251.3,13.4,-41.4,0.93,818,35.2,27.12,-8.51,stagger,start 2016-04-20
RANDOM 7,4041072,304.6,15.02,-43.0,1.02,797,36.0,27.98,-8.76,stagger,start 2016-04-20
BASE 6m RS,1415619,41.7,11.33,-34.6,0.85,295,33.2,25.17,-9.15,period,2016-09-30 -> 2019-12-31
P1 leader breakout 1st,1526214,52.8,13.94,-28.3,1.02,281,34.5,25.71,-8.73,period,2016-09-30 -> 2019-12-31
P2 +vol anchor 1st,1575449,57.7,15.06,-32.7,1.07,274,35.0,27.47,-9.08,period,2016-09-30 -> 2019-12-31
P3 any breakout 1st,1234632,23.6,6.74,-33.2,0.55,274,32.5,24.0,-9.23,period,2016-09-30 -> 2019-12-31
L1 leader industry 1st,1372511,37.4,10.28,-31.2,0.83,281,36.7,20.16,-8.42,period,2016-09-30 -> 2019-12-31
X1 skip laggard ind.,1383620,38.5,10.55,-34.5,0.79,295,31.5,25.7,-9.21,period,2016-09-30 -> 2019-12-31
P1+X1,1533134,53.5,14.1,-30.9,1.04,276,34.1,26.26,-8.98,period,2016-09-30 -> 2019-12-31
RANDOM 0,1155855,15.7,4.6,-27.0,0.4,286,30.1,22.48,-8.32,period,2016-09-30 -> 2019-12-31
RANDOM 1,873189,-12.6,-4.05,-42.1,-0.25,283,29.7,15.81,-8.39,period,2016-09-30 -> 2019-12-31
RANDOM 2,1142056,14.4,4.21,-38.6,0.38,290,31.7,20.72,-8.87,period,2016-09-30 -> 2019-12-31
RANDOM 3,1229119,23.1,6.6,-37.0,0.54,281,30.6,27.05,-8.55,period,2016-09-30 -> 2019-12-31
RANDOM 4,1066195,6.8,2.03,-31.1,0.23,282,30.9,20.33,-8.68,period,2016-09-30 -> 2019-12-31
RANDOM 5,930180,-6.9,-2.17,-36.8,-0.1,291,28.5,18.54,-8.45,period,2016-09-30 -> 2019-12-31
RANDOM 6,1202949,20.4,5.89,-27.7,0.49,290,28.3,23.87,-8.09,period,2016-09-30 -> 2019-12-31
RANDOM 7,907909,-9.1,-2.89,-44.6,-0.15,296,29.4,18.71,-8.69,period,2016-09-30 -> 2019-12-31
BASE 6m RS,3602885,260.8,53.47,-17.1,2.63,300,44.7,31.75,-9.52,period,2020-01-01 -> 2022-12-30
P1 leader breakout 1st,3120196,212.4,46.28,-15.4,2.35,264,43.6,33.09,-8.41,period,2020-01-01 -> 2022-12-30
P2 +vol anchor 1st,2792318,179.6,40.95,-17.2,2.12,284,43.0,28.86,-8.78,period,2020-01-01 -> 2022-12-30
P3 any breakout 1st,2939270,194.3,43.39,-15.3,2.26,266,46.2,30.59,-9.42,period,2020-01-01 -> 2022-12-30
L1 leader industry 1st,3554937,256.0,52.79,-12.6,2.5,258,48.4,33.12,-8.43,period,2020-01-01 -> 2022-12-30
X1 skip laggard ind.,3814162,281.9,56.42,-19.9,2.71,298,44.0,35.82,-9.36,period,2020-01-01 -> 2022-12-30
P1+X1,3025191,202.9,44.77,-17.3,2.27,269,42.8,33.71,-8.58,period,2020-01-01 -> 2022-12-30
RANDOM 0,2057162,106.0,27.28,-16.9,1.58,282,46.8,23.07,-8.24,period,2020-01-01 -> 2022-12-30
RANDOM 1,2167491,117.0,29.52,-17.9,1.58,274,46.7,24.88,-8.64,period,2020-01-01 -> 2022-12-30
RANDOM 2,2790076,179.4,40.92,-15.7,2.04,263,42.6,34.04,-8.13,period,2020-01-01 -> 2022-12-30
RANDOM 3,2332931,133.6,32.74,-14.2,1.77,275,46.2,27.19,-8.02,period,2020-01-01 -> 2022-12-30
RANDOM 4,2512021,151.5,36.06,-15.7,1.95,279,38.4,32.53,-7.76,period,2020-01-01 -> 2022-12-30
RANDOM 5,2670049,167.3,38.86,-15.2,2.06,254,46.1,28.06,-8.11,period,2020-01-01 -> 2022-12-30
RANDOM 6,2396390,139.9,33.94,-19.8,1.77,278,41.0,30.46,-8.35,period,2020-01-01 -> 2022-12-30
RANDOM 7,2232845,123.6,30.82,-21.8,1.68,276,38.8,32.42,-9.02,period,2020-01-01 -> 2022-12-30
BASE 6m RS,2239931,124.3,24.13,-20.2,1.45,372,34.9,28.92,-9.21,period,2023-01-02 -> 2026-09-28
P1 leader breakout 1st,2005677,100.8,20.51,-26.2,1.22,324,39.5,26.2,-9.06,period,2023-01-02 -> 2026-09-28
P2 +vol anchor 1st,2385611,138.9,26.24,-16.9,1.49,323,40.6,27.27,-9.22,period,2023-01-02 -> 2026-09-28
P3 any breakout 1st,1779666,78.2,16.72,-26.3,1.05,326,38.3,23.37,-9.61,period,2023-01-02 -> 2026-09-28
L1 leader industry 1st,2895863,190.0,32.96,-15.3,1.79,314,42.7,27.32,-8.62,period,2023-01-02 -> 2026-09-28
X1 skip laggard ind.,2391332,139.4,26.32,-17.7,1.57,367,34.6,29.94,-9.28,period,2023-01-02 -> 2026-09-28
P1+X1,2188573,119.1,23.36,-21.8,1.35,323,39.3,28.14,-8.73,period,2023-01-02 -> 2026-09-28
RANDOM 0,1149504,15.1,3.83,-24.9,0.34,328,33.8,17.53,-7.61,period,2023-01-02 -> 2026-09-28
RANDOM 1,1756659,75.9,16.31,-19.5,1.06,312,42.3,22.71,-8.57,period,2023-01-02 -> 2026-09-28
RANDOM 2,1859264,86.2,18.09,-17.6,1.19,321,38.6,24.46,-8.19,period,2023-01-02 -> 2026-09-28
RANDOM 3,1393078,39.5,9.31,-23.8,0.71,317,39.1,19.72,-7.58,period,2023-01-02 -> 2026-09-28
RANDOM 4,1276218,27.8,6.78,-28.1,0.54,327,36.1,19.39,-8.18,period,2023-01-02 -> 2026-09-28
RANDOM 5,2365820,136.9,25.96,-14.6,1.59,303,42.6,23.34,-7.83,period,2023-01-02 -> 2026-09-28
RANDOM 6,1648347,65.0,14.35,-20.3,1.0,315,37.5,24.16,-8.26,period,2023-01-02 -> 2026-09-28
RANDOM 7,1331030,33.3,7.99,-28.1,0.62,322,36.6,20.32,-8.11,period,2023-01-02 -> 2026-09-28
