breakout,case,n,2wk vsTypical,1mo vsTypical,2mo vsTypical,3mo vsTypical,6mo vsTypical,1mo beat%,1mo vsNifty,3mo beat%,3mo vsNifty,6mo beat%,6mo vsNifty,3mo portfolio vsAvg,6mo portfolio vsAvg,below entry 2wk%,below entry 3mo%,retention 2wk%,held all 2wk%,under 50dma in 2wk%,yrs 3mo>0
"BASELINE any stock, weekly",leader industry,125434,0.19,0.36,0.57,0.87,1.53,52,0.0,52,0.54,53,1.9,1.32,2.02,48,43,52,23,51,12/13
"BASELINE any stock, weekly",mid industry,141342,0.02,0.06,0.11,0.16,0.19,50,-0.35,50,-0.3,50,0.04,0.29,0.46,49,45,50,22,63,8/13
"BASELINE any stock, weekly",laggard industry,150017,-0.17,-0.33,-0.54,-0.83,-1.33,48,-0.65,48,-1.12,47,-1.31,-1.36,-2.1,50,46,49,20,74,1/13
reclaim50,leader industry,20605,0.01,0.17,0.21,0.61,0.92,51,-0.19,51,0.13,52,1.21,1.17,2.19,48,45,76,51,65,9/13
reclaim50,leader + volume anchor,2922,-0.3,-0.34,-0.7,-0.92,-1.73,48,-0.91,48,-1.23,48,-0.96,-0.59,-0.67,52,49,87,69,52,4/13
reclaim50,leader + anchor + CLV>=0.8,1387,-0.5,-0.62,-1.64,-1.77,-2.22,47,-0.98,46,-1.68,47,-1.73,-1.06,-1.2,53,50,90,75,48,4/13
reclaim50,mid industry,25031,-0.25,-0.27,-0.18,-0.01,-0.27,49,-0.67,50,-0.45,49,-0.47,0.15,-0.22,51,47,74,48,67,6/13
reclaim50,mid + volume anchor,3371,-0.66,-0.71,-0.92,-0.88,-0.55,47,-1.34,47,-1.56,49,-0.69,-0.47,-0.58,53,50,86,67,54,2/13
reclaim50,mid + anchor + CLV>=0.8,1560,-0.74,-0.55,-0.79,-0.62,-0.07,47,-1.31,48,-1.42,50,0.37,-0.6,-1.07,52,49,90,73,49,6/13
reclaim50,laggard industry,25518,-0.5,-0.73,-1.06,-1.3,-1.68,46,-0.95,46,-1.46,47,-1.37,-1.73,-2.53,51,47,73,46,68,1/13
reclaim50,laggard + volume anchor,3457,-0.8,-1.24,-2.06,-2.86,-3.67,44,-1.76,42,-3.11,43,-3.97,-3.21,-5.11,53,51,85,66,55,0/13
reclaim50,laggard + anchor + CLV>=0.8,1636,-0.66,-1.12,-1.9,-2.97,-3.93,46,-1.58,42,-3.05,43,-4.18,-3.3,-5.02,52,50,88,71,52,0/13
golden,leader industry,2186,0.18,0.64,0.94,0.81,2.54,53,0.23,52,0.36,53,1.77,2.4,2.8,48,43,54,24,28,7/12
golden,leader + volume anchor,211,0.87,1.75,2.32,2.26,3.48,52,0.94,54,0.08,57,1.91,3.75,2.99,44,43,80,56,8,7/11
golden,leader + anchor + CLV>=0.8,85,0.86,0.43,3.09,2.43,5.8,51,-0.7,55,0.14,62,4.49,4.26,5.56,45,42,85,64,5,0/1
golden,mid industry,1885,-0.09,0.06,0.03,0.39,-0.97,50,-0.18,51,0.04,48,-1.61,0.7,0.31,51,43,51,23,35,7/12
golden,mid + volume anchor,149,-0.2,0.02,0.12,-0.26,-1.48,50,0.06,50,0.39,45,-2.32,0.83,-2.52,54,42,76,50,15,3/7
golden,mid + anchor + CLV>=0.8,59,-0.84,-0.6,-2.75,-0.68,-3.01,48,-1.19,46,-3.5,39,-3.01,-2.88,-2.3,59,47,83,61,14,1/1
golden,laggard industry,1376,-0.27,-0.09,-0.74,-1.02,-1.71,49,-0.57,47,-1.5,47,-2.46,-1.48,-0.1,51,47,50,22,44,5/12
golden,laggard + volume anchor,94,-1.14,-0.42,-1.7,-2.23,-4.56,49,-1.52,46,-4.85,48,-6.81,-3.38,-5.57,59,55,77,56,15,1/4
golden,laggard + anchor + CLV>=0.8,31,-3.32,-3.58,-2.53,-3.37,-10.16,45,-2.72,45,-7.73,43,-6.81,-4.39,-4.78,58,58,80,58,23,
high52,leader industry,4317,0.85,1.35,1.99,2.18,3.49,55,0.91,56,2.23,56,4.17,2.87,4.02,44,39,82,62,11,11/12
high52,leader + volume anchor,2176,1.16,1.86,2.52,2.89,4.22,57,1.45,56,3.24,57,5.85,3.9,5.89,42,37,89,73,8,11/12
high52,leader + anchor + CLV>=0.8,1156,1.15,1.92,2.49,2.6,4.85,57,1.4,56,2.95,57,5.68,4.48,6.97,43,37,91,78,8,10/12
high52,mid industry,3282,0.46,0.73,1.12,1.82,2.1,53,0.42,54,1.72,53,3.04,2.05,2.29,47,40,81,60,13,11/12
high52,mid + volume anchor,1627,0.48,0.79,1.53,2.54,2.2,53,0.54,56,2.42,54,3.34,2.73,2.78,47,39,88,69,11,10/12
high52,mid + anchor + CLV>=0.8,829,0.52,0.99,1.46,2.42,2.64,54,0.7,55,2.52,53,4.38,3.55,3.9,47,38,90,74,10,9/12
high52,laggard industry,2095,0.28,0.62,0.22,0.6,1.91,52,-0.05,52,0.68,53,2.94,0.07,1.51,47,40,81,60,14,6/12
high52,laggard + volume anchor,1032,0.35,0.5,0.58,0.39,0.92,52,0.45,51,0.51,51,1.66,0.55,1.9,46,40,88,71,11,6/12
high52,laggard + anchor + CLV>=0.8,553,0.24,0.29,-0.23,-0.21,0.34,51,-0.21,49,0.77,51,1.2,0.03,1.83,48,40,90,75,11,6/11
ath,leader industry,2537,0.83,1.22,1.93,2.91,3.35,55,0.5,57,1.58,56,2.81,2.86,3.68,45,39,82,61,12,9/11
ath,leader + volume anchor,1229,1.19,1.98,2.57,3.23,4.41,57,1.36,58,2.87,57,5.22,4.44,6.17,43,37,89,73,8,10/11
ath,leader + anchor + CLV>=0.8,673,1.3,1.93,2.52,2.93,4.16,56,1.27,58,2.24,57,3.91,4.27,6.19,43,38,91,79,8,8/11
ath,mid industry,1884,0.32,0.89,1.05,1.82,2.31,54,0.1,55,1.32,54,1.21,2.24,2.45,48,41,80,58,13,11/11
ath,mid + volume anchor,906,0.35,0.98,1.31,2.67,2.97,55,0.31,56,1.7,55,2.1,4.14,5.02,46,41,88,70,10,11/11
ath,mid + anchor + CLV>=0.8,463,0.56,1.09,1.04,2.54,3.26,54,0.66,55,1.51,55,3.26,5.12,6.12,45,41,90,73,11,7/10
ath,laggard industry,1131,0.47,1.08,0.58,1.05,3.04,55,0.56,53,0.48,55,2.53,0.64,1.97,47,40,81,60,14,7/11
ath,laggard + volume anchor,523,0.78,1.29,0.86,1.07,2.09,55,0.93,52,0.76,54,1.53,1.09,0.72,46,41,88,72,11,8/9
ath,laggard + anchor + CLV>=0.8,271,0.47,0.47,-1.39,-0.68,0.44,52,0.39,48,-0.52,52,-1.13,-0.58,-1.58,49,43,91,77,10,3/7
anchor_up,leader industry,17582,-0.01,0.14,0.55,0.77,1.48,51,0.06,52,0.8,52,2.26,1.17,1.21,49,43,80,59,31,10/13
anchor_up,leader + anchor + CLV>=0.8,7284,0.02,0.24,0.54,0.59,1.15,51,-0.01,51,0.54,52,1.86,1.4,1.74,49,43,86,68,26,7/13
anchor_up,mid industry,16931,-0.21,-0.09,0.09,0.29,0.57,49,-0.53,51,0.08,51,0.42,0.37,0.61,51,45,78,56,42,9/13
anchor_up,mid + anchor + CLV>=0.8,6580,-0.28,-0.2,-0.02,0.04,0.35,49,-0.52,50,-0.06,51,0.49,0.5,0.87,51,45,85,66,35,8/13
anchor_up,laggard industry,15797,-0.5,-0.64,-0.86,-1.08,-1.72,47,-0.87,47,-0.89,47,-1.29,-1.54,-2.85,52,45,75,53,55,2/13
anchor_up,laggard + anchor + CLV>=0.8,5864,-0.5,-0.6,-0.84,-1.41,-1.68,47,-0.78,47,-1.09,47,-0.93,-1.27,-2.05,51,45,83,64,48,3/13
