variant,ticker,entry_date,exit_date,entry_price,exit_price,pnl,pnl_pct,reason,regime,held,why
baseline,SHARDACROP.NS,2026-02-24,2026-03-04,1162.800048828125,1038.5,-5813.344246093751,-10.689718232588241,Trailing Stop (12% [CAUTION]),CAUTION,8,Trailing Stop
baseline,FORCEMOT.NS,2026-02-24,2026-03-04,25038.0,21450.0,-3630.9000000000015,-14.330218068535828,Trailing Stop (12% [CAUTION]),CAUTION,8,Trailing Stop
baseline,HINDCOPPER.NS,2026-02-24,2026-03-04,563.4500122070312,546.7999877929688,-1153.3355853271496,-2.9550135865370586,Trend Break (MA50 x1),CAUTION,8,Trend Break
baseline,AVANTIFEED.NS,2026-02-24,2026-03-06,1334.5,1165.0999755859375,-7899.59032080078,-12.693894673215622,Trailing Stop (12% [CAUTION]),CAUTION,10,Trailing Stop
baseline,APARINDS.NS,2026-02-24,2026-03-11,10825.0,9260.0,-6334.080000000002,-14.457274826789835,Trailing Stop (15% [BULL]),BULL,15,Trailing Stop
baseline,SANSERA.NS,2026-02-24,2026-03-13,2345.5,1953.4000244140625,-8316.142288330077,-16.71711684442283,Trend Break (MA50 x1),CAUTION,17,Trend Break
baseline,KRN.NS,2026-02-24,2026-03-13,946.25,856.0,-4598.0999999999985,-9.537648612945837,Trailing Stop (12% [CAUTION]),CAUTION,17,Trailing Stop
baseline,BHARATFORG.NS,2026-02-24,2026-03-13,1858.300048828125,1675.0999755859375,-2984.804371093749,-9.858476480034351,Trailing Stop (12% [CAUTION]),CAUTION,17,Trailing Stop
baseline,TDPOWERSYS.NS,2026-02-24,2026-03-13,888.2000122070312,780.5,-3277.8303662109392,-12.125648584423498,Trailing Stop (12% [CAUTION]),CAUTION,17,Trailing Stop
baseline,STLTECH.NS,2026-02-24,2026-03-17,165.11000061035156,176.16000366210938,4311.166266906745,6.6925098485312695,Trailing Stop (12% [CAUTION]),CAUTION,21,Trailing Stop
baseline,LUXIND.NS,2026-04-21,2026-04-28,1462.550048828125,1510.0999755859375,2003.8377062988293,3.2511657837563934,Trailing Stop (12% [CAUTION]),CAUTION,7,Trailing Stop
baseline,SUNFLAG.NS,2026-05-08,2026-05-12,415.8500061035156,365.70001220703125,-8955.125330078125,-12.059635243578848,Trailing Stop (12% [CAUTION]),CAUTION,4,Trailing Stop
baseline,KRN.NS,2026-04-21,2026-05-13,1212.800048828125,1140.199951171875,-3519.383385253903,-5.986155568380813,Trailing Stop (12% [CAUTION]),CAUTION,22,Trailing Stop
baseline,GALLANTT.NS,2026-04-21,2026-05-14,862.4500122070312,768.5499877929688,-7062.347204833983,-10.887590362920863,Trailing Stop (12% [CAUTION]),CAUTION,23,Trailing Stop
baseline,AVANTIFEED.NS,2026-04-21,2026-05-18,1463.0,1257.0999755859375,-7294.497852783206,-14.073822584693263,Trend Break (MA50 x1),CAUTION,27,Trend Break
baseline,MTARTECH.NS,2026-02-24,2026-06-01,3759.199951171875,7069.5,49442.41573242187,88.05863193832475,Trailing Stop (12% [CAUTION]),CAUTION,97,Trailing Stop
baseline,SCHNEIDER.NS,2026-02-24,2026-06-02,896.7999877929688,1181.300048828125,12978.323203125,31.723914463392553,Trailing Stop (12% [CAUTION]),CAUTION,98,Trailing Stop
baseline,POWERINDIA.NS,2026-02-24,2026-06-10,24903.0,33265.0,8295.470000000001,33.57828374091474,Trailing Stop (12% [CAUTION]),CAUTION,106,Trailing Stop
baseline,HFCL.NS,2026-04-21,2026-06-10,97.83999633789062,169.11000061035156,34260.05180300903,72.84342491830216,Trailing Stop (12% [CAUTION]),CAUTION,50,Trailing Stop
baseline,TDPOWERSYS.NS,2026-04-21,2026-06-10,1017.4500122070312,1153.300048828125,4139.846532226562,13.352010908763035,Trailing Stop (12% [CAUTION]),CAUTION,50,Trailing Stop
baseline,STLTECH.NS,2026-04-21,2026-06-11,278.4700012207031,568.4000244140625,68732.78710839845,104.11535243380614,Trailing Stop (12% [CAUTION]),CAUTION,51,Trailing Stop
baseline,PARAS.NS,2026-06-15,2026-06-25,1108.1500244140625,1233.75,8742.405766601558,11.334203205233774,Trailing Stop (12% [CAUTION]),CAUTION,10,Trailing Stop
baseline,IFCI.NS,2026-06-15,2026-06-25,89.5999984741211,77.0,-11249.026654174799,-14.062498536493074,Trailing Stop (12% [CAUTION]),CAUTION,10,Trailing Stop
baseline,BALAMINES.NS,2026-05-27,2026-06-29,1821.0,1892.199951171875,2831.4531533203117,3.9099369122391536,Trailing Stop (12% [CAUTION]),CAUTION,33,Trailing Stop
baseline,RAIN.NS,2026-06-15,2026-06-30,207.77999877929688,181.82000732421875,-6133.406132446289,-12.493979982477876,Trailing Stop (12% [CAUTION]),CAUTION,15,Trailing Stop
baseline,APARINDS.NS,2026-04-21,2026-07-01,11714.0,14598.0,5709.608,24.620112685675256,Trailing Stop (12% [CAUTION]),CAUTION,71,Trailing Stop
baseline,GVT&D.NS,2026-02-24,2026-07-02,3735.89990234375,4822.7998046875,8618.034421875003,29.093389297231266,Trailing Stop (12% [CAUTION]),CAUTION,128,Trailing Stop
baseline,BLUSPRING.NS,2026-07-02,2026-07-07,119.83999633789062,106.87000274658203,-7844.321490097049,-10.82275866793212,Trailing Stop (12% [CAUTION]),CAUTION,5,Trailing Stop
baseline,ANGELONE.NS,2026-04-21,2026-07-14,324.04998779296875,333.54998779296875,1157.1099031982449,2.9316464613075244,Trend Break (MA50 x1),CAUTION,84,Trend Break
baseline,AEGISLOG.NS,2026-06-15,2026-07-14,984.2999877929688,1222.5,13673.790708007815,24.199940583269886,Trailing Stop (12% [CAUTION]),CAUTION,29,Trailing Stop
baseline,EBGNG.NS,2026-07-02,2026-07-14,674.8499755859375,586.9500122070312,-7838.49997949219,-13.025111737254969,Trailing Stop (12% [CAUTION]),CAUTION,12,Trailing Stop
B1_caution_trail15,HINDCOPPER.NS,2026-02-24,2026-03-04,563.4500122070312,546.7999877929688,-1153.3355853271496,-2.9550135865370586,Trend Break (MA50 x1),CAUTION,8,Trend Break
B1_caution_trail15,FORCEMOT.NS,2026-02-24,2026-03-06,25038.0,21345.0,-3735.6899999999987,-14.749580637431103,Trend Break (MA50 x1),CAUTION,10,Trend Break
B1_caution_trail15,APARINDS.NS,2026-02-24,2026-03-11,10825.0,9260.0,-6334.080000000002,-14.457274826789835,Trailing Stop (15% [BULL]),BULL,15,Trailing Stop
B1_caution_trail15,SHARDACROP.NS,2026-02-24,2026-03-13,1162.800048828125,989.7000122070312,-8053.654085693357,-14.886483432430598,Trend Break (MA50 x1),CAUTION,17,Trend Break
B1_caution_trail15,SANSERA.NS,2026-02-24,2026-03-13,2345.5,1953.4000244140625,-8316.142288330077,-16.71711684442283,Trend Break (MA50 x1),CAUTION,17,Trend Break
B1_caution_trail15,AVANTIFEED.NS,2026-02-24,2026-03-23,1334.5,1115.0,-10199.580000000002,-16.44810790558262,Trailing Stop (15% [CAUTION]),CAUTION,27,Trailing Stop
B1_caution_trail15,KRN.NS,2026-02-24,2026-03-23,946.25,847.9500122070312,-4999.794390869138,-10.388373875082568,Trailing Stop (15% [CAUTION]),CAUTION,27,Trailing Stop
B1_caution_trail15,BHARATFORG.NS,2026-02-24,2026-03-23,1858.300048828125,1648.5999755859375,-3407.956371093751,-11.284510990269192,Trend Break (MA50 x1),CAUTION,27,Trend Break
B1_caution_trail15,LUXIND.NS,2026-04-21,2026-04-29,1462.550048828125,1479.6500244140625,664.6117502441339,1.1691890885812128,Trailing Stop (15% [CAUTION]),CAUTION,8,Trailing Stop
B1_caution_trail15,GALLANTT.NS,2026-04-21,2026-05-15,862.4500122070312,744.9000244140625,-9523.183027343752,-13.629774030863008,Trailing Stop (15% [CAUTION]),CAUTION,24,Trailing Stop
B1_caution_trail15,KRN.NS,2026-04-21,2026-05-18,1212.800048828125,1094.4000244140625,-6632.385345458984,-9.762534601517148,Trailing Stop (15% [CAUTION]),CAUTION,27,Trailing Stop
B1_caution_trail15,AVANTIFEED.NS,2026-04-21,2026-05-18,1463.0,1257.0999755859375,-8336.568974609378,-14.073822584693263,Trend Break (MA50 x1),CAUTION,27,Trend Break
B1_caution_trail15,SUNFLAG.NS,2026-05-08,2026-05-20,415.8500061035156,350.1499938964844,-12350.458068237305,-15.798968676863945,Trailing Stop (15% [CAUTION]),CAUTION,12,Trailing Stop
B1_caution_trail15,SCHNEIDER.NS,2026-02-24,2026-06-03,896.7999877929688,1122.300048828125,10269.751203125,25.144967005420416,Trend Break (MA50 x1),CAUTION,99,Trend Break
B1_caution_trail15,TDPOWERSYS.NS,2026-02-24,2026-06-10,888.2000122070312,1153.300048828125,7883.803095703122,29.84688504589903,Trailing Stop (15% [CAUTION]),CAUTION,106,Trailing Stop
B1_caution_trail15,HFCL.NS,2026-04-21,2026-06-10,97.83999633789062,169.11000061035156,37593.845663757325,72.84342491830216,Trailing Stop (15% [CAUTION]),CAUTION,50,Trailing Stop
B1_caution_trail15,MTARTECH.NS,2026-02-24,2026-06-11,3759.199951171875,6306.0,38012.82073242188,67.74845929741507,Trailing Stop (15% [CAUTION]),CAUTION,107,Trailing Stop
B1_caution_trail15,POWERINDIA.NS,2026-02-24,2026-06-24,24903.0,33950.0,8979.099999999999,36.32895635064048,Trend Break (MA50 x1),CAUTION,120,Trend Break
B1_caution_trail15,BALAMINES.NS,2026-05-27,2026-06-29,1821.0,1892.199951171875,2898.8687045898405,3.9099369122391536,Trailing Stop (15% [CAUTION]),CAUTION,33,Trailing Stop
B1_caution_trail15,PARAS.NS,2026-06-15,2026-06-29,1108.1500244140625,1182.9000244140625,5501.199196289061,6.745476546781126,Trailing Stop (15% [CAUTION]),CAUTION,14,Trailing Stop
B1_caution_trail15,IFCI.NS,2026-06-15,2026-06-30,89.5999984741211,74.87999725341797,-11657.892792724611,-16.42857307074024,Trailing Stop (15% [CAUTION]),CAUTION,15,Trailing Stop
B1_caution_trail15,GVT&D.NS,2026-02-24,2026-07-03,3735.89990234375,4401.5,5254.376781250001,17.816325786423782,Trend Break (MA50 x1),CAUTION,129,Trend Break
B1_caution_trail15,APARINDS.NS,2026-04-21,2026-07-07,11714.0,14154.0,4823.383999999998,20.829776336008198,Trailing Stop (15% [CAUTION]),CAUTION,77,Trailing Stop
B1_caution_trail15,ANGELONE.NS,2026-04-21,2026-07-14,324.04998779296875,333.54998779296875,1227.773103393556,2.9316464613075244,Trend Break (MA50 x1),CAUTION,84,Trend Break
B1b_trail_flat15,HINDCOPPER.NS,2026-02-24,2026-03-04,563.4500122070312,546.7999877929688,-1153.3355853271496,-2.9550135865370586,Trend Break (MA50 x1),CAUTION,8,Trend Break
B1b_trail_flat15,FORCEMOT.NS,2026-02-24,2026-03-06,25038.0,21345.0,-3735.6899999999987,-14.749580637431103,Trend Break (MA50 x1),CAUTION,10,Trend Break
B1b_trail_flat15,APARINDS.NS,2026-02-24,2026-03-11,10825.0,9260.0,-6334.080000000002,-14.457274826789835,Trailing Stop (15% [BULL]),BULL,15,Trailing Stop
B1b_trail_flat15,SHARDACROP.NS,2026-02-24,2026-03-13,1162.800048828125,989.7000122070312,-8053.654085693357,-14.886483432430598,Trend Break (MA50 x1),CAUTION,17,Trend Break
B1b_trail_flat15,SANSERA.NS,2026-02-24,2026-03-13,2345.5,1953.4000244140625,-8316.142288330077,-16.71711684442283,Trend Break (MA50 x1),CAUTION,17,Trend Break
B1b_trail_flat15,AVANTIFEED.NS,2026-02-24,2026-03-23,1334.5,1115.0,-10199.580000000002,-16.44810790558262,Trailing Stop (15% [CAUTION]),CAUTION,27,Trailing Stop
B1b_trail_flat15,KRN.NS,2026-02-24,2026-03-23,946.25,847.9500122070312,-4999.794390869138,-10.388373875082568,Trailing Stop (15% [CAUTION]),CAUTION,27,Trailing Stop
B1b_trail_flat15,BHARATFORG.NS,2026-02-24,2026-03-23,1858.300048828125,1648.5999755859375,-3407.956371093751,-11.284510990269192,Trend Break (MA50 x1),CAUTION,27,Trend Break
B1b_trail_flat15,LUXIND.NS,2026-04-21,2026-04-29,1462.550048828125,1479.6500244140625,664.6117502441339,1.1691890885812128,Trailing Stop (15% [CAUTION]),CAUTION,8,Trailing Stop
B1b_trail_flat15,GALLANTT.NS,2026-04-21,2026-05-15,862.4500122070312,744.9000244140625,-9523.183027343752,-13.629774030863008,Trailing Stop (15% [CAUTION]),CAUTION,24,Trailing Stop
B1b_trail_flat15,KRN.NS,2026-04-21,2026-05-18,1212.800048828125,1094.4000244140625,-6632.385345458984,-9.762534601517148,Trailing Stop (15% [CAUTION]),CAUTION,27,Trailing Stop
B1b_trail_flat15,AVANTIFEED.NS,2026-04-21,2026-05-18,1463.0,1257.0999755859375,-8336.568974609378,-14.073822584693263,Trend Break (MA50 x1),CAUTION,27,Trend Break
B1b_trail_flat15,SUNFLAG.NS,2026-05-08,2026-05-20,415.8500061035156,350.1499938964844,-12350.458068237305,-15.798968676863945,Trailing Stop (15% [CAUTION]),CAUTION,12,Trailing Stop
B1b_trail_flat15,SCHNEIDER.NS,2026-02-24,2026-06-03,896.7999877929688,1122.300048828125,10269.751203125,25.144967005420416,Trend Break (MA50 x1),CAUTION,99,Trend Break
B1b_trail_flat15,TDPOWERSYS.NS,2026-02-24,2026-06-10,888.2000122070312,1153.300048828125,7883.803095703122,29.84688504589903,Trailing Stop (15% [CAUTION]),CAUTION,106,Trailing Stop
B1b_trail_flat15,HFCL.NS,2026-04-21,2026-06-10,97.83999633789062,169.11000061035156,37593.845663757325,72.84342491830216,Trailing Stop (15% [CAUTION]),CAUTION,50,Trailing Stop
B1b_trail_flat15,MTARTECH.NS,2026-02-24,2026-06-11,3759.199951171875,6306.0,38012.82073242188,67.74845929741507,Trailing Stop (15% [CAUTION]),CAUTION,107,Trailing Stop
B1b_trail_flat15,POWERINDIA.NS,2026-02-24,2026-06-24,24903.0,33950.0,8979.099999999999,36.32895635064048,Trend Break (MA50 x1),CAUTION,120,Trend Break
B1b_trail_flat15,BALAMINES.NS,2026-05-27,2026-06-29,1821.0,1892.199951171875,2898.8687045898405,3.9099369122391536,Trailing Stop (15% [CAUTION]),CAUTION,33,Trailing Stop
B1b_trail_flat15,PARAS.NS,2026-06-15,2026-06-29,1108.1500244140625,1182.9000244140625,5501.199196289061,6.745476546781126,Trailing Stop (15% [CAUTION]),CAUTION,14,Trailing Stop
B1b_trail_flat15,IFCI.NS,2026-06-15,2026-06-30,89.5999984741211,74.87999725341797,-11657.892792724611,-16.42857307074024,Trailing Stop (15% [CAUTION]),CAUTION,15,Trailing Stop
B1b_trail_flat15,GVT&D.NS,2026-02-24,2026-07-03,3735.89990234375,4401.5,5254.376781250001,17.816325786423782,Trend Break (MA50 x1),CAUTION,129,Trend Break
B1b_trail_flat15,APARINDS.NS,2026-04-21,2026-07-07,11714.0,14154.0,4823.383999999998,20.829776336008198,Trailing Stop (15% [CAUTION]),CAUTION,77,Trailing Stop
B1b_trail_flat15,ANGELONE.NS,2026-04-21,2026-07-14,324.04998779296875,333.54998779296875,1227.773103393556,2.9316464613075244,Trend Break (MA50 x1),CAUTION,84,Trend Break
B2_ma50_confirm2,SHARDACROP.NS,2026-02-24,2026-03-04,1162.800048828125,1038.5,-5813.344246093751,-10.689718232588241,Trailing Stop (12% [CAUTION]),CAUTION,8,Trailing Stop
B2_ma50_confirm2,FORCEMOT.NS,2026-02-24,2026-03-04,25038.0,21450.0,-3630.9000000000015,-14.330218068535828,Trailing Stop (12% [CAUTION]),CAUTION,8,Trailing Stop
B2_ma50_confirm2,HINDCOPPER.NS,2026-02-24,2026-03-05,563.4500122070312,558.0,-426.7907934570321,-0.9672574476808693,Trend Break (MA50 x2),CAUTION,9,Trend Break
B2_ma50_confirm2,AVANTIFEED.NS,2026-02-24,2026-03-06,1334.5,1165.0999755859375,-7899.59032080078,-12.693894673215622,Trailing Stop (12% [CAUTION]),CAUTION,10,Trailing Stop
B2_ma50_confirm2,APARINDS.NS,2026-02-24,2026-03-11,10825.0,9260.0,-6334.080000000002,-14.457274826789835,Trailing Stop (15% [BULL]),BULL,15,Trailing Stop
B2_ma50_confirm2,SANSERA.NS,2026-02-24,2026-03-13,2345.5,1953.4000244140625,-8316.142288330077,-16.71711684442283,Trailing Stop (12% [CAUTION]),CAUTION,17,Trailing Stop
B2_ma50_confirm2,KRN.NS,2026-02-24,2026-03-13,946.25,856.0,-4598.0999999999985,-9.537648612945837,Trailing Stop (12% [CAUTION]),CAUTION,17,Trailing Stop
B2_ma50_confirm2,BHARATFORG.NS,2026-02-24,2026-03-13,1858.300048828125,1675.0999755859375,-2984.804371093749,-9.858476480034351,Trailing Stop (12% [CAUTION]),CAUTION,17,Trailing Stop
B2_ma50_confirm2,TDPOWERSYS.NS,2026-02-24,2026-03-13,888.2000122070312,780.5,-3277.8303662109392,-12.125648584423498,Trailing Stop (12% [CAUTION]),CAUTION,17,Trailing Stop
B2_ma50_confirm2,STLTECH.NS,2026-02-24,2026-03-17,165.11000061035156,176.16000366210938,4311.166266906745,6.6925098485312695,Trailing Stop (12% [CAUTION]),CAUTION,21,Trailing Stop
B2_ma50_confirm2,LUXIND.NS,2026-04-21,2026-04-28,1462.550048828125,1510.0999755859375,2003.8377062988293,3.2511657837563934,Trailing Stop (12% [CAUTION]),CAUTION,7,Trailing Stop
B2_ma50_confirm2,SUNFLAG.NS,2026-05-08,2026-05-12,415.8500061035156,365.70001220703125,-8955.125330078125,-12.059635243578848,Trailing Stop (12% [CAUTION]),CAUTION,4,Trailing Stop
B2_ma50_confirm2,KRN.NS,2026-04-21,2026-05-13,1212.800048828125,1140.199951171875,-3594.263882812498,-5.986155568380813,Trailing Stop (12% [CAUTION]),CAUTION,22,Trailing Stop
B2_ma50_confirm2,GALLANTT.NS,2026-04-21,2026-05-14,862.4500122070312,768.5499877929688,-7062.347204833983,-10.887590362920863,Trailing Stop (12% [CAUTION]),CAUTION,23,Trailing Stop
B2_ma50_confirm2,AVANTIFEED.NS,2026-04-21,2026-05-18,1463.0,1257.0999755859375,-7294.497852783206,-14.073822584693263,Trailing Stop (12% [CAUTION]),CAUTION,27,Trailing Stop
B2_ma50_confirm2,MTARTECH.NS,2026-02-24,2026-06-01,3759.199951171875,7069.5,49442.41573242187,88.05863193832475,Trailing Stop (12% [CAUTION]),CAUTION,97,Trailing Stop
B2_ma50_confirm2,SCHNEIDER.NS,2026-02-24,2026-06-02,896.7999877929688,1181.300048828125,12978.323203125,31.723914463392553,Trailing Stop (12% [CAUTION]),CAUTION,98,Trailing Stop
B2_ma50_confirm2,POWERINDIA.NS,2026-02-24,2026-06-10,24903.0,33265.0,8295.470000000001,33.57828374091474,Trailing Stop (12% [CAUTION]),CAUTION,106,Trailing Stop
B2_ma50_confirm2,HFCL.NS,2026-04-21,2026-06-10,97.83999633789062,169.11000061035156,34260.05180300903,72.84342491830216,Trailing Stop (12% [CAUTION]),CAUTION,50,Trailing Stop
B2_ma50_confirm2,TDPOWERSYS.NS,2026-04-21,2026-06-10,1017.4500122070312,1153.300048828125,4139.846532226562,13.352010908763035,Trailing Stop (12% [CAUTION]),CAUTION,50,Trailing Stop
B2_ma50_confirm2,STLTECH.NS,2026-04-21,2026-06-11,278.4700012207031,568.4000244140625,68732.78710839845,104.11535243380614,Trailing Stop (12% [CAUTION]),CAUTION,51,Trailing Stop
B2_ma50_confirm2,PARAS.NS,2026-06-15,2026-06-25,1108.1500244140625,1233.75,8742.405766601558,11.334203205233774,Trailing Stop (12% [CAUTION]),CAUTION,10,Trailing Stop
B2_ma50_confirm2,IFCI.NS,2026-06-15,2026-06-25,89.5999984741211,77.0,-11261.78065264893,-14.062498536493074,Trailing Stop (12% [CAUTION]),CAUTION,10,Trailing Stop
B2_ma50_confirm2,BALAMINES.NS,2026-05-27,2026-06-29,1821.0,1892.199951171875,2831.4531533203117,3.9099369122391536,Trailing Stop (12% [CAUTION]),CAUTION,33,Trailing Stop
B2_ma50_confirm2,RAIN.NS,2026-06-15,2026-06-30,207.77999877929688,181.82000732421875,-6107.082500976561,-12.493979982477876,Trailing Stop (12% [CAUTION]),CAUTION,15,Trailing Stop
B2_ma50_confirm2,APARINDS.NS,2026-04-21,2026-07-01,11714.0,14598.0,5709.608,24.620112685675256,Trailing Stop (12% [CAUTION]),CAUTION,71,Trailing Stop
B2_ma50_confirm2,GVT&D.NS,2026-02-24,2026-07-02,3735.89990234375,4822.7998046875,8618.034421875003,29.093389297231266,Trailing Stop (12% [CAUTION]),CAUTION,128,Trailing Stop
B2_ma50_confirm2,BLUSPRING.NS,2026-07-02,2026-07-07,119.83999633789062,106.87000274658203,-7831.137756500248,-10.82275866793212,Trailing Stop (12% [CAUTION]),CAUTION,5,Trailing Stop
B2_ma50_confirm2,AEGISLOG.NS,2026-06-15,2026-07-14,984.2999877929688,1222.5,13909.54572021484,24.199940583269886,Trailing Stop (12% [CAUTION]),CAUTION,29,Trailing Stop
B2_ma50_confirm2,EBGNG.NS,2026-07-02,2026-07-14,674.8499755859375,586.9500122070312,-7838.49997949219,-13.025111737254969,Trailing Stop (12% [CAUTION]),CAUTION,12,Trailing Stop
B3_combined,HINDCOPPER.NS,2026-02-24,2026-03-05,563.4500122070312,558.0,-426.7907934570321,-0.9672574476808693,Trend Break (MA50 x2),CAUTION,9,Trend Break
B3_combined,FORCEMOT.NS,2026-02-24,2026-03-09,25038.0,20650.0,-4429.299999999999,-17.5253614505951,Trend Break (MA50 x2),BULL,13,Trend Break
B3_combined,APARINDS.NS,2026-02-24,2026-03-11,10825.0,9260.0,-6334.080000000002,-14.457274826789835,Trailing Stop (15% [BULL]),BULL,15,Trailing Stop
B3_combined,SHARDACROP.NS,2026-02-24,2026-03-13,1162.800048828125,989.7000122070312,-8053.654085693357,-14.886483432430598,Trailing Stop (15% [CAUTION]),CAUTION,17,Trailing Stop
B3_combined,SANSERA.NS,2026-02-24,2026-03-13,2345.5,1953.4000244140625,-8316.142288330077,-16.71711684442283,Trailing Stop (15% [CAUTION]),CAUTION,17,Trailing Stop
B3_combined,AVANTIFEED.NS,2026-02-24,2026-03-23,1334.5,1115.0,-10199.580000000002,-16.44810790558262,Trailing Stop (15% [CAUTION]),CAUTION,27,Trailing Stop
B3_combined,KRN.NS,2026-02-24,2026-03-23,946.25,847.9500122070312,-4999.794390869138,-10.388373875082568,Trailing Stop (15% [CAUTION]),CAUTION,27,Trailing Stop
B3_combined,BHARATFORG.NS,2026-02-24,2026-04-02,1858.300048828125,1642.5999755859375,-3503.764371093752,-11.607386728435564,Trend Break (MA50 x2),CAUTION,37,Trend Break
B3_combined,LUXIND.NS,2026-04-21,2026-04-29,1462.550048828125,1479.6500244140625,664.6117502441339,1.1691890885812128,Trailing Stop (15% [CAUTION]),CAUTION,8,Trailing Stop
B3_combined,GALLANTT.NS,2026-04-21,2026-05-15,862.4500122070312,744.9000244140625,-9523.183027343752,-13.629774030863008,Trailing Stop (15% [CAUTION]),CAUTION,24,Trailing Stop
B3_combined,KRN.NS,2026-04-21,2026-05-18,1212.800048828125,1094.4000244140625,-6632.385345458984,-9.762534601517148,Trailing Stop (15% [CAUTION]),CAUTION,27,Trailing Stop
B3_combined,AVANTIFEED.NS,2026-04-21,2026-05-19,1463.0,1267.4000244140625,-7925.3910253906215,-13.36978643786313,Trend Break (MA50 x2),CAUTION,28,Trend Break
B3_combined,SUNFLAG.NS,2026-05-08,2026-05-20,415.8500061035156,350.1499938964844,-12350.458068237305,-15.798968676863945,Trailing Stop (15% [CAUTION]),CAUTION,12,Trailing Stop
B3_combined,SCHNEIDER.NS,2026-02-24,2026-06-03,896.7999877929688,1122.300048828125,10269.751203125,25.144967005420416,Trailing Stop (15% [CAUTION]),CAUTION,99,Trailing Stop
B3_combined,TDPOWERSYS.NS,2026-02-24,2026-06-10,888.2000122070312,1153.300048828125,7883.803095703122,29.84688504589903,Trailing Stop (15% [CAUTION]),CAUTION,106,Trailing Stop
B3_combined,HFCL.NS,2026-04-21,2026-06-10,97.83999633789062,169.11000061035156,37522.91387948608,72.84342491830216,Trailing Stop (15% [CAUTION]),CAUTION,50,Trailing Stop
B3_combined,MTARTECH.NS,2026-02-24,2026-06-11,3759.199951171875,6306.0,38012.82073242188,67.74845929741507,Trailing Stop (15% [CAUTION]),CAUTION,107,Trailing Stop
B3_combined,POWERINDIA.NS,2026-02-24,2026-06-25,24903.0,33965.0,8994.07,36.3891900574228,Trend Break (MA50 x2),CAUTION,121,Trend Break
B3_combined,BALAMINES.NS,2026-05-27,2026-06-29,1821.0,1892.199951171875,2898.8687045898405,3.9099369122391536,Trailing Stop (15% [CAUTION]),CAUTION,33,Trailing Stop
B3_combined,PARAS.NS,2026-06-15,2026-06-29,1108.1500244140625,1182.9000244140625,5501.199196289061,6.745476546781126,Trailing Stop (15% [CAUTION]),CAUTION,14,Trailing Stop
B3_combined,IFCI.NS,2026-06-15,2026-06-30,89.5999984741211,74.87999725341797,-11672.762553939821,-16.42857307074024,Trailing Stop (15% [CAUTION]),CAUTION,15,Trailing Stop
B3_combined,GVT&D.NS,2026-02-24,2026-07-03,3735.89990234375,4401.5,5254.376781250001,17.816325786423782,Trailing Stop (15% [CAUTION]),CAUTION,129,Trailing Stop
B3_combined,APARINDS.NS,2026-04-21,2026-07-07,11714.0,14154.0,4823.383999999998,20.829776336008198,Trailing Stop (15% [CAUTION]),CAUTION,77,Trailing Stop
B3b_flat15_confirm2,HINDCOPPER.NS,2026-02-24,2026-03-05,563.4500122070312,558.0,-426.7907934570321,-0.9672574476808693,Trend Break (MA50 x2),CAUTION,9,Trend Break
B3b_flat15_confirm2,FORCEMOT.NS,2026-02-24,2026-03-09,25038.0,20650.0,-4429.299999999999,-17.5253614505951,Trend Break (MA50 x2),BULL,13,Trend Break
B3b_flat15_confirm2,APARINDS.NS,2026-02-24,2026-03-11,10825.0,9260.0,-6334.080000000002,-14.457274826789835,Trailing Stop (15% [BULL]),BULL,15,Trailing Stop
B3b_flat15_confirm2,SHARDACROP.NS,2026-02-24,2026-03-13,1162.800048828125,989.7000122070312,-8053.654085693357,-14.886483432430598,Trailing Stop (15% [CAUTION]),CAUTION,17,Trailing Stop
B3b_flat15_confirm2,SANSERA.NS,2026-02-24,2026-03-13,2345.5,1953.4000244140625,-8316.142288330077,-16.71711684442283,Trailing Stop (15% [CAUTION]),CAUTION,17,Trailing Stop
B3b_flat15_confirm2,AVANTIFEED.NS,2026-02-24,2026-03-23,1334.5,1115.0,-10199.580000000002,-16.44810790558262,Trailing Stop (15% [CAUTION]),CAUTION,27,Trailing Stop
B3b_flat15_confirm2,KRN.NS,2026-02-24,2026-03-23,946.25,847.9500122070312,-4999.794390869138,-10.388373875082568,Trailing Stop (15% [CAUTION]),CAUTION,27,Trailing Stop
B3b_flat15_confirm2,BHARATFORG.NS,2026-02-24,2026-04-02,1858.300048828125,1642.5999755859375,-3503.764371093752,-11.607386728435564,Trend Break (MA50 x2),CAUTION,37,Trend Break
B3b_flat15_confirm2,LUXIND.NS,2026-04-21,2026-04-29,1462.550048828125,1479.6500244140625,664.6117502441339,1.1691890885812128,Trailing Stop (15% [CAUTION]),CAUTION,8,Trailing Stop
B3b_flat15_confirm2,GALLANTT.NS,2026-04-21,2026-05-15,862.4500122070312,744.9000244140625,-9523.183027343752,-13.629774030863008,Trailing Stop (15% [CAUTION]),CAUTION,24,Trailing Stop
B3b_flat15_confirm2,KRN.NS,2026-04-21,2026-05-18,1212.800048828125,1094.4000244140625,-6632.385345458984,-9.762534601517148,Trailing Stop (15% [CAUTION]),CAUTION,27,Trailing Stop
B3b_flat15_confirm2,AVANTIFEED.NS,2026-04-21,2026-05-19,1463.0,1267.4000244140625,-7925.3910253906215,-13.36978643786313,Trend Break (MA50 x2),CAUTION,28,Trend Break
B3b_flat15_confirm2,SUNFLAG.NS,2026-05-08,2026-05-20,415.8500061035156,350.1499938964844,-12350.458068237305,-15.798968676863945,Trailing Stop (15% [CAUTION]),CAUTION,12,Trailing Stop
B3b_flat15_confirm2,SCHNEIDER.NS,2026-02-24,2026-06-03,896.7999877929688,1122.300048828125,10269.751203125,25.144967005420416,Trailing Stop (15% [CAUTION]),CAUTION,99,Trailing Stop
B3b_flat15_confirm2,TDPOWERSYS.NS,2026-02-24,2026-06-10,888.2000122070312,1153.300048828125,7883.803095703122,29.84688504589903,Trailing Stop (15% [CAUTION]),CAUTION,106,Trailing Stop
B3b_flat15_confirm2,HFCL.NS,2026-04-21,2026-06-10,97.83999633789062,169.11000061035156,37522.91387948608,72.84342491830216,Trailing Stop (15% [CAUTION]),CAUTION,50,Trailing Stop
B3b_flat15_confirm2,MTARTECH.NS,2026-02-24,2026-06-11,3759.199951171875,6306.0,38012.82073242188,67.74845929741507,Trailing Stop (15% [CAUTION]),CAUTION,107,Trailing Stop
B3b_flat15_confirm2,POWERINDIA.NS,2026-02-24,2026-06-25,24903.0,33965.0,8994.07,36.3891900574228,Trend Break (MA50 x2),CAUTION,121,Trend Break
B3b_flat15_confirm2,BALAMINES.NS,2026-05-27,2026-06-29,1821.0,1892.199951171875,2898.8687045898405,3.9099369122391536,Trailing Stop (15% [CAUTION]),CAUTION,33,Trailing Stop
B3b_flat15_confirm2,PARAS.NS,2026-06-15,2026-06-29,1108.1500244140625,1182.9000244140625,5501.199196289061,6.745476546781126,Trailing Stop (15% [CAUTION]),CAUTION,14,Trailing Stop
B3b_flat15_confirm2,IFCI.NS,2026-06-15,2026-06-30,89.5999984741211,74.87999725341797,-11672.762553939821,-16.42857307074024,Trailing Stop (15% [CAUTION]),CAUTION,15,Trailing Stop
B3b_flat15_confirm2,GVT&D.NS,2026-02-24,2026-07-03,3735.89990234375,4401.5,5254.376781250001,17.816325786423782,Trailing Stop (15% [CAUTION]),CAUTION,129,Trailing Stop
B3b_flat15_confirm2,APARINDS.NS,2026-04-21,2026-07-07,11714.0,14154.0,4823.383999999998,20.829776336008198,Trailing Stop (15% [CAUTION]),CAUTION,77,Trailing Stop
B4_caution_trail18,HINDCOPPER.NS,2026-02-24,2026-03-04,563.4500122070312,546.7999877929688,-1153.3355853271496,-2.9550135865370586,Trend Break (MA50 x1),CAUTION,8,Trend Break
B4_caution_trail18,FORCEMOT.NS,2026-02-24,2026-03-06,25038.0,21345.0,-3735.6899999999987,-14.749580637431103,Trend Break (MA50 x1),CAUTION,10,Trend Break
B4_caution_trail18,APARINDS.NS,2026-02-24,2026-03-11,10825.0,9260.0,-6334.080000000002,-14.457274826789835,Trailing Stop (15% [BULL]),BULL,15,Trailing Stop
B4_caution_trail18,SHARDACROP.NS,2026-02-24,2026-03-13,1162.800048828125,989.7000122070312,-8053.654085693357,-14.886483432430598,Trend Break (MA50 x1),CAUTION,17,Trend Break
B4_caution_trail18,SANSERA.NS,2026-02-24,2026-03-13,2345.5,1953.4000244140625,-8316.142288330077,-16.71711684442283,Trend Break (MA50 x1),CAUTION,17,Trend Break
B4_caution_trail18,BHARATFORG.NS,2026-02-24,2026-03-23,1858.300048828125,1648.5999755859375,-3407.956371093751,-11.284510990269192,Trend Break (MA50 x1),CAUTION,27,Trend Break
B4_caution_trail18,LUXIND.NS,2026-04-21,2026-04-30,1462.550048828125,1398.199951171875,-3223.031882812502,-4.399856108022481,Trailing Stop (18% [CAUTION]),CAUTION,9,Trailing Stop
B4_caution_trail18,AVANTIFEED.NS,2026-02-24,2026-05-18,1334.5,1257.0999755859375,-3676.0543208007803,-5.799926895021546,Trend Break (MA50 x1),CAUTION,83,Trend Break
B4_caution_trail18,GALLANTT.NS,2026-04-21,2026-05-18,862.4500122070312,689.4000244140625,-14477.589390869143,-20.06492960097821,Trend Break (MA50 x1),CAUTION,27,Trend Break
B4_caution_trail18,KRN.NS,2026-02-24,2026-05-19,946.25,1039.699951171875,4568.527563476564,9.875820467305152,Trend Break (MA50 x1),CAUTION,84,Trend Break
B4_caution_trail18,SCHNEIDER.NS,2026-02-24,2026-06-03,896.7999877929688,1122.300048828125,10269.751203125,25.144967005420416,Trend Break (MA50 x1),CAUTION,99,Trend Break
B4_caution_trail18,MTARTECH.NS,2026-02-24,2026-06-11,3759.199951171875,6306.0,38012.82073242188,67.74845929741507,Trailing Stop (18% [CAUTION]),CAUTION,107,Trailing Stop
B4_caution_trail18,TDPOWERSYS.NS,2026-02-24,2026-06-11,888.2000122070312,1126.0,7066.439633789065,26.77324752586694,Trend Break (MA50 x1),CAUTION,107,Trend Break
B4_caution_trail18,SUNFLAG.NS,2026-05-08,2026-06-11,415.8500061035156,335.20001220703125,-15694.8360267334,-19.39401051166717,Trailing Stop (18% [CAUTION]),CAUTION,34,Trailing Stop
B4_caution_trail18,POWERINDIA.NS,2026-02-24,2026-06-24,24903.0,33950.0,8979.099999999999,36.32895635064048,Trend Break (MA50 x1),CAUTION,120,Trend Break
B4_caution_trail18,GVT&D.NS,2026-02-24,2026-07-03,3735.89990234375,4401.5,5254.376781250001,17.816325786423782,Trend Break (MA50 x1),CAUTION,129,Trend Break
B4_caution_trail18,APARINDS.NS,2026-04-21,2026-07-13,11714.0,13847.0,6315.917999999998,18.20898070684651,Trend Break (MA50 x1),CAUTION,83,Trend Break
B4_caution_trail18,ANGELONE.NS,2026-04-21,2026-07-14,324.04998779296875,333.54998779296875,1678.2510046386742,2.9316464613075244,Trend Break (MA50 x1),CAUTION,84,Trend Break
B4b_trail_flat18,HINDCOPPER.NS,2026-02-24,2026-03-04,563.4500122070312,546.7999877929688,-1153.3355853271496,-2.9550135865370586,Trend Break (MA50 x1),CAUTION,8,Trend Break
B4b_trail_flat18,FORCEMOT.NS,2026-02-24,2026-03-06,25038.0,21345.0,-3735.6899999999987,-14.749580637431103,Trend Break (MA50 x1),CAUTION,10,Trend Break
B4b_trail_flat18,SHARDACROP.NS,2026-02-24,2026-03-13,1162.800048828125,989.7000122070312,-8053.654085693357,-14.886483432430598,Trend Break (MA50 x1),CAUTION,17,Trend Break
B4b_trail_flat18,SANSERA.NS,2026-02-24,2026-03-13,2345.5,1953.4000244140625,-8316.142288330077,-16.71711684442283,Trend Break (MA50 x1),CAUTION,17,Trend Break
B4b_trail_flat18,APARINDS.NS,2026-02-24,2026-03-13,10825.0,8989.0,-7415.911999999997,-16.9607390300231,Trailing Stop (18% [CAUTION]),CAUTION,17,Trailing Stop
B4b_trail_flat18,BHARATFORG.NS,2026-02-24,2026-03-23,1858.300048828125,1648.5999755859375,-3407.956371093751,-11.284510990269192,Trend Break (MA50 x1),CAUTION,27,Trend Break
B4b_trail_flat18,LUXIND.NS,2026-04-21,2026-04-30,1462.550048828125,1398.199951171875,-3223.031882812502,-4.399856108022481,Trailing Stop (18% [CAUTION]),CAUTION,9,Trailing Stop
B4b_trail_flat18,AVANTIFEED.NS,2026-02-24,2026-05-18,1334.5,1257.0999755859375,-3676.0543208007803,-5.799926895021546,Trend Break (MA50 x1),CAUTION,83,Trend Break
B4b_trail_flat18,GALLANTT.NS,2026-04-21,2026-05-18,862.4500122070312,689.4000244140625,-14303.160603027347,-20.06492960097821,Trend Break (MA50 x1),CAUTION,27,Trend Break
B4b_trail_flat18,KRN.NS,2026-02-24,2026-05-19,946.25,1039.699951171875,4568.527563476564,9.875820467305152,Trend Break (MA50 x1),CAUTION,84,Trend Break
B4b_trail_flat18,SCHNEIDER.NS,2026-02-24,2026-06-03,896.7999877929688,1122.300048828125,10269.751203125,25.144967005420416,Trend Break (MA50 x1),CAUTION,99,Trend Break
B4b_trail_flat18,MTARTECH.NS,2026-02-24,2026-06-11,3759.199951171875,6306.0,38012.82073242188,67.74845929741507,Trailing Stop (18% [CAUTION]),CAUTION,107,Trailing Stop
B4b_trail_flat18,TDPOWERSYS.NS,2026-02-24,2026-06-11,888.2000122070312,1126.0,7066.439633789065,26.77324752586694,Trend Break (MA50 x1),CAUTION,107,Trend Break
B4b_trail_flat18,SUNFLAG.NS,2026-05-08,2026-06-11,415.8500061035156,335.20001220703125,-15694.8360267334,-19.39401051166717,Trailing Stop (18% [CAUTION]),CAUTION,34,Trailing Stop
B4b_trail_flat18,POWERINDIA.NS,2026-02-24,2026-06-24,24903.0,33950.0,8979.099999999999,36.32895635064048,Trend Break (MA50 x1),CAUTION,120,Trend Break
B4b_trail_flat18,GVT&D.NS,2026-02-24,2026-07-03,3735.89990234375,4401.5,5254.376781250001,17.816325786423782,Trend Break (MA50 x1),CAUTION,129,Trend Break
B4b_trail_flat18,APARINDS.NS,2026-04-21,2026-07-13,11714.0,13847.0,6315.917999999998,18.20898070684651,Trend Break (MA50 x1),CAUTION,83,Trend Break
B4b_trail_flat18,ANGELONE.NS,2026-04-21,2026-07-14,324.04998779296875,333.54998779296875,1678.2510046386742,2.9316464613075244,Trend Break (MA50 x1),CAUTION,84,Trend Break
B5_rs_decel30,SHARDACROP.NS,2026-02-24,2026-03-04,1162.800048828125,1038.5,-5813.344246093751,-10.689718232588241,Trailing Stop (12% [CAUTION]),CAUTION,8,Trailing Stop
B5_rs_decel30,FORCEMOT.NS,2026-02-24,2026-03-04,25038.0,21450.0,-3630.9000000000015,-14.330218068535828,Trailing Stop (12% [CAUTION]),CAUTION,8,Trailing Stop
B5_rs_decel30,HINDCOPPER.NS,2026-02-24,2026-03-04,563.4500122070312,546.7999877929688,-1153.3355853271496,-2.9550135865370586,Trend Break (MA50 x1),CAUTION,8,Trend Break
B5_rs_decel30,AVANTIFEED.NS,2026-02-24,2026-03-06,1334.5,1165.0999755859375,-7899.59032080078,-12.693894673215622,Trailing Stop (12% [CAUTION]),CAUTION,10,Trailing Stop
B5_rs_decel30,APARINDS.NS,2026-02-24,2026-03-11,10825.0,9260.0,-6334.080000000002,-14.457274826789835,Trailing Stop (15% [BULL]),BULL,15,Trailing Stop
B5_rs_decel30,SANSERA.NS,2026-02-24,2026-03-13,2345.5,1953.4000244140625,-8316.142288330077,-16.71711684442283,Trend Break (MA50 x1),CAUTION,17,Trend Break
B5_rs_decel30,KRN.NS,2026-02-24,2026-03-13,946.25,856.0,-4598.0999999999985,-9.537648612945837,Trailing Stop (12% [CAUTION]),CAUTION,17,Trailing Stop
B5_rs_decel30,BHARATFORG.NS,2026-02-24,2026-03-13,1858.300048828125,1675.0999755859375,-2984.804371093749,-9.858476480034351,Trailing Stop (12% [CAUTION]),CAUTION,17,Trailing Stop
B5_rs_decel30,TDPOWERSYS.NS,2026-02-24,2026-03-13,888.2000122070312,780.5,-3277.8303662109392,-12.125648584423498,Trailing Stop (12% [CAUTION]),CAUTION,17,Trailing Stop
B5_rs_decel30,STLTECH.NS,2026-02-24,2026-03-17,165.11000061035156,176.16000366210938,4311.166266906745,6.6925098485312695,Trailing Stop (12% [CAUTION]),CAUTION,21,Trailing Stop
B5_rs_decel30,LUXIND.NS,2026-04-21,2026-04-28,1462.550048828125,1510.0999755859375,2003.8377062988293,3.2511657837563934,Trailing Stop (12% [CAUTION]),CAUTION,7,Trailing Stop
B5_rs_decel30,MTARTECH.NS,2026-02-24,2026-05-08,3759.199951171875,6470.0,40467.90073242187,72.11108970096345,RS Decel (-30pt),CAUTION,73,RS Decel
B5_rs_decel30,GALLANTT.NS,2026-04-21,2026-05-12,862.4500122070312,817.0999755859375,-3476.833506347655,-5.258280013822702,RS Decel (-30pt),CAUTION,21,RS Decel
B5_rs_decel30,AVANTIFEED.NS,2026-04-21,2026-05-12,1463.0,1357.300048828125,-3794.509294433592,-7.224877045240941,RS Decel (-30pt),CAUTION,21,RS Decel
B5_rs_decel30,SUNFLAG.NS,2026-05-08,2026-05-12,415.8500061035156,365.70001220703125,-8955.125330078125,-12.059635243578848,Trailing Stop (12% [CAUTION]),CAUTION,4,Trailing Stop
B5_rs_decel30,POWERINDIA.NS,2026-02-24,2026-05-13,24903.0,31745.0,6778.509999999998,27.474601453640112,RS Decel (-30pt),CAUTION,78,RS Decel
B5_rs_decel30,KRN.NS,2026-04-21,2026-05-13,1212.800048828125,1140.199951171875,-3519.383385253903,-5.986155568380813,Trailing Stop (12% [CAUTION]),CAUTION,22,Trailing Stop
B5_rs_decel30,CEMPRO.NS,2026-05-08,2026-05-13,956.1500244140625,887.3499755859375,-5363.6809072265605,-7.195528637912895,RS Decel (-30pt),CAUTION,5,RS Decel
B5_rs_decel30,GVT&D.NS,2026-02-24,2026-05-14,3735.89990234375,4337.7998046875,4745.794421874998,16.111242754821742,RS Decel (-30pt),CAUTION,79,RS Decel
B5_rs_decel30,ANGELONE.NS,2026-04-21,2026-05-14,324.04998779296875,303.70001220703125,-2745.4162049560546,-6.27988778044295,RS Decel (-30pt),CAUTION,23,RS Decel
B5_rs_decel30,STLTECH.NS,2026-04-21,2026-05-15,278.4700012207031,419.79998779296875,33436.71201000977,50.7523201611414,RS Decel (-30pt),CAUTION,24,RS Decel
B5_rs_decel30,SCHNEIDER.NS,2026-02-24,2026-05-18,896.7999877929688,1201.0999755859375,13887.29824072266,33.93175646019502,RS Decel (-30pt),CAUTION,83,RS Decel
B5_rs_decel30,HFCL.NS,2026-04-21,2026-05-18,97.83999633789062,139.69000244140625,20078.61240563965,42.77392443779999,RS Decel (-30pt),CAUTION,27,RS Decel
B5_rs_decel30,MTARTECH.NS,2026-05-27,2026-05-28,7889.5,7889.5,-142.0109999999986,0.0,RS Decel (-30pt),CAUTION,1,RS Decel
B5_rs_decel30,TDPOWERSYS.NS,2026-04-21,2026-06-08,1017.4500122070312,1225.800048828125,6382.851532226559,20.477668103727797,RS Decel (-30pt),CAUTION,48,RS Decel
B5_rs_decel30,SPARC.NS,2026-05-27,2026-06-08,221.35000610351562,203.60000610351562,-5882.932803955075,-8.018974253698063,RS Decel (-30pt),CAUTION,12,RS Decel
B5_rs_decel30,BHEL.NS,2026-05-27,2026-06-08,422.3500061035156,386.29998779296875,-3203.567790893554,-8.53557897231596,RS Decel (-30pt),CAUTION,12,RS Decel
B5_rs_decel30,LLOYDSENGG.NS,2026-05-27,2026-06-11,78.11000061035156,66.7300033569336,-8727.200603179932,-14.56919365573508,Trailing Stop (12% [CAUTION]),CAUTION,15,Trailing Stop
B5_rs_decel30,ADANIPOWER.NS,2026-05-27,2026-06-11,248.91000366210938,215.50999450683594,-5514.457750518799,-13.418508161131726,Trailing Stop (12% [CAUTION]),CAUTION,15,Trailing Stop
B5_rs_decel30,STLTECH.NS,2026-06-15,2026-06-16,608.7999877929688,624.7000122070312,1728.7736779785191,2.611699200537676,RS Decel (-30pt),CAUTION,1,RS Decel
B5_rs_decel30,ATGL.NS,2026-05-27,2026-06-17,808.5499877929688,702.6500244140625,-5901.789488525392,-13.097515920811842,Trailing Stop (12% [CAUTION]),CAUTION,21,Trailing Stop
B5_rs_decel30,BALAMINES.NS,2026-05-27,2026-06-19,1821.0,2138.199951171875,12204.018499511716,17.41899786775809,RS Decel (-30pt),CAUTION,23,RS Decel
B5_rs_decel30,PARAS.NS,2026-06-15,2026-06-25,1108.1500244140625,1233.75,7634.213486328124,11.334203205233774,Trailing Stop (12% [CAUTION]),CAUTION,10,Trailing Stop
B5_rs_decel30,IFCI.NS,2026-06-15,2026-06-25,89.5999984741211,77.0,-6836.143182128908,-14.062498536493074,Trailing Stop (12% [CAUTION]),CAUTION,10,Trailing Stop
B5_rs_decel30,APARINDS.NS,2026-04-21,2026-07-01,11714.0,14598.0,5709.608,24.620112685675256,Trailing Stop (12% [CAUTION]),CAUTION,71,Trailing Stop
B5_rs_decel30,HFCL.NS,2026-06-15,2026-07-02,180.4499969482422,204.58999633789062,9468.596939392097,13.377666831755297,RS Decel (-30pt),CAUTION,17,RS Decel
B5_rs_decel30,AVALON.NS,2026-05-27,2026-07-07,1497.0999755859375,1639.9000244140625,5999.370697509759,9.53844440296885,RS Decel (-30pt),CAUTION,41,RS Decel
B5_rs_decel30,BLUSPRING.NS,2026-07-02,2026-07-07,119.83999633789062,106.87000274658203,-8107.996162033087,-10.82275866793212,Trailing Stop (12% [CAUTION]),CAUTION,5,Trailing Stop
B5_rs_decel30,AEGISLOG.NS,2026-07-02,2026-07-10,1321.9000244140625,1246.0999755859375,-4306.07368286133,-5.734174100021194,RS Decel (-30pt),CAUTION,8,RS Decel
B5_rs_decel30,AEROENTER.NS,2026-07-02,2026-07-13,136.66000366210938,120.97000122070312,-5416.8604309082,-11.48104933481462,RS Decel (-30pt),CAUTION,11,RS Decel
B5_rs_decel30,EBGNG.NS,2026-07-02,2026-07-14,674.8499755859375,586.9500122070312,-8283.86929650879,-13.025111737254969,Trailing Stop (12% [CAUTION]),CAUTION,12,Trailing Stop
B5_rs_decel30,APOLLO.NS,2026-07-02,2026-07-15,439.54998779296875,404.75,-3204.8539013671907,-7.917185475923572,RS Decel (-30pt),CAUTION,13,RS Decel
B6_trail18_decel30,SHARDACROP.NS,2026-02-24,2026-03-04,1162.800048828125,1038.5,-5813.344246093751,-10.689718232588241,RS Decel (-30pt),CAUTION,8,RS Decel
B6_trail18_decel30,HINDCOPPER.NS,2026-02-24,2026-03-04,563.4500122070312,546.7999877929688,-1153.3355853271496,-2.9550135865370586,Trend Break (MA50 x1),CAUTION,8,Trend Break
B6_trail18_decel30,AVANTIFEED.NS,2026-02-24,2026-03-06,1334.5,1165.0999755859375,-7899.59032080078,-12.693894673215622,RS Decel (-30pt),CAUTION,10,RS Decel
B6_trail18_decel30,FORCEMOT.NS,2026-02-24,2026-03-06,25038.0,21345.0,-3735.6899999999987,-14.749580637431103,Trend Break (MA50 x1),CAUTION,10,Trend Break
B6_trail18_decel30,APARINDS.NS,2026-02-24,2026-03-11,10825.0,9260.0,-6334.080000000002,-14.457274826789835,Trailing Stop (15% [BULL]),BULL,15,Trailing Stop
B6_trail18_decel30,SANSERA.NS,2026-02-24,2026-03-13,2345.5,1953.4000244140625,-8316.142288330077,-16.71711684442283,Trend Break (MA50 x1),CAUTION,17,Trend Break
B6_trail18_decel30,BHARATFORG.NS,2026-02-24,2026-03-23,1858.300048828125,1648.5999755859375,-3407.956371093751,-11.284510990269192,Trend Break (MA50 x1),CAUTION,27,Trend Break
B6_trail18_decel30,KRN.NS,2026-02-24,2026-03-30,946.25,851.8499755859375,-4805.186218261719,-9.976224508751653,RS Decel (-30pt),CAUTION,34,RS Decel
B6_trail18_decel30,LUXIND.NS,2026-04-21,2026-04-30,1462.550048828125,1398.199951171875,-3155.885385253903,-4.399856108022481,Trailing Stop (18% [CAUTION]),CAUTION,9,Trailing Stop
B6_trail18_decel30,MTARTECH.NS,2026-02-24,2026-05-08,3759.199951171875,6470.0,40467.90073242187,72.11108970096345,RS Decel (-30pt),CAUTION,73,RS Decel
B6_trail18_decel30,GALLANTT.NS,2026-04-21,2026-05-12,862.4500122070312,817.0999755859375,-3758.7389257812465,-5.258280013822702,RS Decel (-30pt),CAUTION,21,RS Decel
B6_trail18_decel30,AVANTIFEED.NS,2026-04-21,2026-05-12,1463.0,1357.300048828125,-4336.582050781253,-7.224877045240941,RS Decel (-30pt),CAUTION,21,RS Decel
B6_trail18_decel30,POWERINDIA.NS,2026-02-24,2026-05-13,24903.0,31745.0,6778.509999999998,27.474601453640112,RS Decel (-30pt),CAUTION,78,RS Decel
B6_trail18_decel30,KRN.NS,2026-04-21,2026-05-13,1212.800048828125,1140.199951171875,-4193.307863281247,-5.986155568380813,RS Decel (-30pt),CAUTION,22,RS Decel
B6_trail18_decel30,CEMPRO.NS,2026-05-08,2026-05-13,956.1500244140625,887.3499755859375,-5716.55465112305,-7.195528637912895,RS Decel (-30pt),CAUTION,5,RS Decel
B6_trail18_decel30,GVT&D.NS,2026-02-24,2026-05-14,3735.89990234375,4337.7998046875,4745.794421874998,16.111242754821742,RS Decel (-30pt),CAUTION,79,RS Decel
B6_trail18_decel30,ANGELONE.NS,2026-04-21,2026-05-14,324.04998779296875,303.70001220703125,-2954.9899610595676,-6.27988778044295,RS Decel (-30pt),CAUTION,23,RS Decel
B6_trail18_decel30,STLTECH.NS,2026-02-24,2026-05-15,165.11000061035156,419.79998779296875,102301.70604443358,154.2547309315735,RS Decel (-30pt),CAUTION,80,RS Decel
B6_trail18_decel30,SCHNEIDER.NS,2026-02-24,2026-05-18,896.7999877929688,1201.0999755859375,13887.29824072266,33.93175646019502,RS Decel (-30pt),CAUTION,83,RS Decel
B6_trail18_decel30,HFCL.NS,2026-04-21,2026-05-18,97.83999633789062,139.69000244140625,22198.714336669917,42.77392443779999,RS Decel (-30pt),CAUTION,27,RS Decel
B6_trail18_decel30,SUNFLAG.NS,2026-05-08,2026-05-18,415.8500061035156,355.45001220703125,-11366.62626928711,-14.524466276297055,RS Decel (-30pt),CAUTION,10,RS Decel
B6_trail18_decel30,MTARTECH.NS,2026-05-27,2026-05-28,7889.5,7889.5,-142.0109999999986,0.0,RS Decel (-30pt),CAUTION,1,RS Decel
B6_trail18_decel30,TDPOWERSYS.NS,2026-02-24,2026-06-08,888.2000122070312,1225.800048828125,10054.453095703124,38.00946093011337,RS Decel (-30pt),CAUTION,104,RS Decel
B6_trail18_decel30,SPARC.NS,2026-05-27,2026-06-08,221.35000610351562,203.60000610351562,-6227.919604187016,-8.018974253698063,RS Decel (-30pt),CAUTION,12,RS Decel
B6_trail18_decel30,BHEL.NS,2026-05-27,2026-06-08,422.3500061035156,386.29998779296875,-3461.3261188964825,-8.53557897231596,RS Decel (-30pt),CAUTION,12,RS Decel
B6_trail18_decel30,ADANIPOWER.NS,2026-05-27,2026-06-15,248.91000366210938,220.52000427246094,-5045.431894683839,-11.405728565328099,RS Decel (-30pt),CAUTION,19,RS Decel
B6_trail18_decel30,STLTECH.NS,2026-06-15,2026-06-16,608.7999877929688,624.7000122070312,1831.3280487060547,2.611699200537676,RS Decel (-30pt),CAUTION,1,RS Decel
B6_trail18_decel30,BALAMINES.NS,2026-05-27,2026-06-19,1821.0,2138.199951171875,12829.865602050777,17.41899786775809,RS Decel (-30pt),CAUTION,23,RS Decel
B6_trail18_decel30,ATGL.NS,2026-05-27,2026-06-25,808.5499877929688,719.7999877929688,-5321.18639855957,-10.97643947064466,RS Decel (-30pt),CAUTION,29,RS Decel
B6_trail18_decel30,PARAS.NS,2026-06-15,2026-06-29,1108.1500244140625,1182.9000244140625,4994.509796630853,6.745476546781126,RS Decel (-30pt),CAUTION,14,RS Decel
B6_trail18_decel30,HFCL.NS,2026-06-15,2026-07-02,180.4499969482422,204.58999633789062,10061.867424316413,13.377666831755297,RS Decel (-30pt),CAUTION,17,RS Decel
B6_trail18_decel30,APARINDS.NS,2026-04-21,2026-07-03,11714.0,14174.0,4863.304,21.00051220761483,RS Decel (-30pt),CAUTION,73,RS Decel
B6_trail18_decel30,AVALON.NS,2026-05-27,2026-07-07,1497.0999755859375,1639.9000244140625,6417.931443847658,9.53844440296885,RS Decel (-30pt),CAUTION,41,RS Decel
B6_trail18_decel30,AEGISLOG.NS,2026-07-02,2026-07-10,1321.9000244140625,1246.0999755859375,-4697.534926757813,-5.734174100021194,RS Decel (-30pt),CAUTION,8,RS Decel
B6_trail18_decel30,BLUSPRING.NS,2026-07-02,2026-07-14,119.83999633789062,113.16000366210938,-4578.885308898927,-5.57409285706828,RS Decel (-30pt),CAUTION,12,RS Decel
B6_trail18_decel30,EBGNG.NS,2026-07-02,2026-07-15,674.8499755859375,572.1500244140625,-11734.400387939451,-15.218189951434159,RS Decel (-30pt),CAUTION,13,RS Decel
