era,case,n,2wk vsTypical,1mo vsTypical,2mo vsTypical,3mo vsTypical,6mo vsTypical,1mo beat%,1mo vsNifty,3mo beat%,3mo vsNifty,6mo beat%,6mo vsNifty,3mo portfolio vsAvg,6mo portfolio vsAvg,below entry 2wk%,below entry 3mo%,retention 2wk%,held all 2wk%,under 50dma in 2wk%,yrs 3mo>0
2016-20,"Gate 1 pass, any",52841,0.34,0.66,1.08,1.67,2.64,53,-0.18,54,0.64,54,1.87,1.53,2.16,48,43,55,25,29,4/6
2016-20,v6 GO,15849,0.45,0.74,1.36,2.1,3.86,54,-0.08,55,0.97,57,3.08,1.63,2.64,48,42,54,24,24,5/6
2016-20,v6 VETO,9221,0.27,0.49,0.59,1.0,2.15,52,-0.32,52,0.23,54,1.69,0.6,1.25,48,44,55,25,37,4/6
2016-20,NO ANCHOR,6857,0.38,1.01,1.67,2.4,3.46,55,0.08,55,1.04,55,3.07,5.14,7.45,48,43,55,25,32,5/6
2016-20,ABSORPTION,696,0.16,0.13,0.95,2.09,2.96,51,-0.75,55,0.39,55,2.13,-0.71,-1.58,50,44,55,23,33,5/6
2016-20,DISTRIBUTION,10567,0.41,0.6,1.25,1.76,3.77,53,-0.24,55,0.83,56,3.06,1.63,2.86,48,43,53,23,25,4/6
2016-20,shakeout,1877,0.42,0.93,1.9,2.75,5.87,54,-0.3,57,1.12,60,3.73,1.56,3.29,47,40,56,26,40,5/6
2016-20,CLEAN AIR,38906,0.44,0.78,1.27,1.85,2.84,54,-0.08,55,0.82,55,1.83,1.54,2.03,48,44,55,25,26,5/6
2016-20,NEAR OVERHANG,2573,-0.24,-0.11,0.03,0.66,1.86,49,-0.65,51,0.13,52,2.77,1.69,3.35,49,42,60,30,33,3/6
2016-20,v6 BUY NOW,15416,0.47,0.75,1.38,2.11,3.84,54,-0.07,55,1.01,57,3.07,1.65,2.64,48,42,54,23,24,5/6
2016-20,v5 GO,8325,0.51,1.04,1.45,2.25,3.35,55,-0.0,56,0.95,56,2.77,0.9,1.65,46,41,55,23,25,5/6
2016-20,v5 VETO,8498,0.5,0.56,0.94,1.21,2.39,53,-0.13,53,0.51,54,1.68,0.33,0.77,46,44,54,23,38,4/6
2016-20,v5 BUY NOW,8076,0.52,1.05,1.46,2.26,3.39,56,0.02,56,0.99,56,2.81,0.92,1.58,46,41,55,23,25,5/6
2016-20,v5 ABSORPTION,1591,0.47,1.05,0.83,2.11,2.37,55,-0.24,55,0.81,54,1.89,0.1,0.24,47,43,54,22,31,5/6
2016-20,v5 DISTRIBUTION,4793,0.55,1.09,1.76,2.28,2.89,56,0.25,56,1.18,56,2.6,1.81,2.89,47,41,54,22,24,5/6
2021-26,"Gate 1 pass, any",81404,0.26,0.52,0.92,1.26,2.3,52,0.36,53,1.7,54,3.89,1.23,1.82,47,40,54,25,30,6/6
2021-26,v6 GO,30067,0.3,0.6,1.14,1.52,3.12,52,0.45,54,2.02,55,4.85,1.74,3.06,47,40,53,23,25,6/6
2021-26,v6 VETO,15995,0.21,0.39,0.76,1.16,2.4,51,0.13,53,1.28,54,3.54,1.53,2.27,48,42,54,25,38,6/6
2021-26,NO ANCHOR,3640,0.01,0.0,-0.02,0.39,1.0,50,-0.2,51,0.71,52,2.67,-0.94,-2.28,48,41,55,25,38,4/6
2021-26,ABSORPTION,1599,0.68,1.64,3.64,3.33,6.19,57,1.04,58,3.48,62,6.55,5.22,6.2,44,36,55,25,30,6/6
2021-26,DISTRIBUTION,19576,0.18,0.28,0.62,1.07,2.45,51,0.18,52,1.44,54,4.46,1.34,2.97,48,41,52,22,26,6/6
2021-26,shakeout,3089,0.14,0.59,1.04,1.76,3.95,53,0.15,55,2.09,57,5.1,2.77,4.46,50,39,55,25,46,6/6
2021-26,CLEAN AIR,61790,0.29,0.56,0.92,1.19,2.17,53,0.37,53,1.59,54,3.73,0.9,1.21,47,40,55,25,26,6/6
2021-26,NEAR OVERHANG,3130,-0.2,-0.3,0.11,0.94,2.92,49,-0.2,52,2.26,54,4.71,2.76,5.54,49,41,59,29,38,5/6
2021-26,v6 BUY NOW,29433,0.31,0.62,1.16,1.56,3.09,53,0.47,54,2.03,55,4.82,1.74,2.98,47,40,53,23,25,6/6
2021-26,v5 GO,13785,0.39,0.74,1.39,1.7,2.52,53,0.48,54,2.06,54,4.25,1.47,1.67,46,39,53,22,26,6/6
2021-26,v5 VETO,13973,0.29,0.63,0.9,1.35,2.37,53,0.45,54,1.69,54,3.94,1.35,2.08,48,41,53,23,40,6/6
2021-26,v5 BUY NOW,13396,0.42,0.78,1.43,1.74,2.51,53,0.51,54,2.09,54,4.23,1.46,1.58,46,39,53,22,25,6/6
2021-26,v5 ABSORPTION,3116,0.55,1.15,1.97,2.85,4.52,55,0.63,56,2.41,58,5.34,2.56,3.45,46,39,53,23,30,6/6
2021-26,v5 DISTRIBUTION,7131,0.3,0.67,1.29,1.71,2.83,53,0.62,54,2.44,55,4.54,1.66,2.55,47,39,52,21,26,5/6
