entries,rule,trades,win_pct,avg_win,avg_loss,mean_ret,median_ret,mean_vs_nifty,avg_days,yrs_vs_nifty_pos
Gate 1 pass (sample),engine: 1 close<MA50 or 15% trail,24826,36,21.2,-5.3,4.33,-2.04,3.07,29,10/12
Gate 1 pass (sample),prompt: 2 closes<MA50 or 15% trail,24826,38,22.5,-6.0,4.94,-2.16,3.47,33,10/12
Gate 1 pass (sample),prompt + initial stop,24826,37,22.6,-5.7,4.72,-2.27,3.31,32,10/12
Gate 1 pass (sample),prompt + stop + 2R target,24826,40,15.1,-5.9,2.56,-2.04,1.67,21,8/12
Gate 1 pass (sample),hold 126 sessions,24826,61,34.5,-16.1,14.89,7.76,9.72,124,11/12
v6 BUY NOW,engine: 1 close<MA50 or 15% trail,44510,38,22.0,-5.8,4.93,-2.05,3.66,30,9/12
v6 BUY NOW,prompt: 2 closes<MA50 or 15% trail,44510,40,23.2,-6.4,5.45,-2.12,3.99,34,9/12
v6 BUY NOW,prompt + initial stop,44510,39,23.2,-6.2,5.26,-2.27,3.85,33,9/12
v6 BUY NOW,prompt + stop + 2R target,44510,41,16.0,-6.3,2.86,-2.09,1.95,22,9/12
v6 BUY NOW,hold 126 sessions,44510,63,36.0,-16.4,16.55,8.97,11.22,123,11/12
v5 BUY NOW,engine: 1 close<MA50 or 15% trail,21322,38,20.2,-5.3,4.4,-1.99,3.16,30,9/12
v5 BUY NOW,prompt: 2 closes<MA50 or 15% trail,21322,40,21.6,-6.0,5.08,-2.04,3.6,35,9/12
v5 BUY NOW,prompt + initial stop,21322,37,21.5,-5.3,4.6,-2.33,3.25,32,9/12
v5 BUY NOW,prompt + stop + 2R target,21322,42,13.0,-5.5,2.21,-1.97,1.45,18,10/12
v5 BUY NOW,hold 126 sessions,21322,63,32.2,-15.5,14.55,8.28,9.79,123,11/12
