field,n,Q1_excess,Q2_excess,Q3_excess,Q4_excess,Q5_excess,Q1_doubled,Q5_doubled
sales_yoy,3916,-10.3,-5.1,-6.1,-2.8,-10.6,5.2,7.7
np_yoy,3597,-7.7,-5.9,-5.2,-6.1,-8.3,4.4,8.2
np_accel,3421,-8.1,-4.8,-4.1,-4.9,-9.6,7.7,4.8
inst_chg_2q,3808,-8.2,-5.0,-7.0,-7.5,-6.0,8.4,6.3
fii_chg_2q,3808,-3.8,-7.0,-8.9,-8.1,-5.6,6.2,6.3
dii_chg_2q,3808,-5.6,-9.6,-11.7,-4.1,-3.6,7.6,5.1
promoter_chg_2q,3683,-8.4,-3.2,-6.2,-8.7,-7.5,6.4,4.9
holders_chg_2q_pct,3808,-9.0,-6.6,-3.8,-4.7,-8.8,3.4,6.6
inst_rising_2q (no / yes),3808,-6.4,,,,-6.6,5.8,4.4
turnaround (no / yes),3918,-6.8,,,,-6.5,5.3,7.6
