view,case,n,2wk vsTypical,1mo vsTypical,2mo vsTypical,3mo vsTypical,6mo vsTypical,1mo beat%,1mo vsNifty,3mo beat%,3mo vsNifty,6mo beat%,6mo vsNifty,3mo portfolio vsAvg,6mo portfolio vsAvg,below entry 2wk%,below entry 3mo%,retention 2wk%,held all 2wk%,under 50dma in 2wk%,yrs 3mo>0
all stocks,ALL (baseline),416793,0.0,0.0,0.0,0.0,0.0,50.0,-0.36,50.0,-0.35,50.0,0.08,0.0,-0.0,49.0,45.0,50.0,22.0,63.0,0/13
all stocks,Actionable,82832,0.07,0.17,0.29,0.61,1.13,51.0,-0.21,52.0,0.54,52.0,1.8,0.64,1.09,49.0,43.0,55.0,26.0,19.0,11/13
all stocks,Pullback Buy,151411,0.07,0.1,0.2,0.34,0.75,51.0,-0.27,51.0,-0.12,51.0,0.76,-0.0,0.02,49.0,45.0,51.0,22.0,70.0,7/13
all stocks,Extended,21919,-0.34,-0.03,0.43,0.96,2.38,50.0,-0.4,52.0,1.21,53.0,4.17,2.72,5.25,50.0,42.0,59.0,31.0,5.0,7/13
all stocks,Late/Fading,25873,-0.0,-0.09,0.02,0.24,0.69,50.0,-0.55,51.0,0.18,51.0,1.04,1.44,3.31,49.0,44.0,44.0,15.0,39.0,8/13
all stocks,Weak,133094,-0.1,-0.19,-0.46,-0.86,-1.89,49.0,-0.52,48.0,-1.4,46.0,-2.28,-1.17,-2.26,49.0,47.0,46.0,19.0,98.0,1/13
leader industry,Actionable,34818,0.26,0.48,0.87,1.24,2.12,52.0,0.11,53.0,1.18,54.0,3.09,1.39,2.09,47.0,42.0,56.0,26.0,18.0,12/13
leader industry,Pullback Buy,43658,0.32,0.48,0.73,1.16,1.91,52.0,0.1,53.0,0.54,53.0,2.01,1.13,1.78,47.0,44.0,52.0,22.0,67.0,11/13
leader industry,Extended,11176,-0.23,0.19,0.67,1.36,3.41,51.0,-0.15,53.0,1.53,54.0,5.18,3.11,4.94,49.0,42.0,59.0,31.0,4.0,9/13
leader industry,Late/Fading,10610,0.12,0.19,0.47,0.67,1.95,51.0,-0.3,51.0,0.63,53.0,2.49,1.97,3.62,48.0,43.0,45.0,16.0,32.0,8/13
leader industry,Weak,24643,0.0,0.05,-0.02,-0.14,-0.64,50.0,-0.13,50.0,-0.63,49.0,-1.1,0.31,0.29,48.0,46.0,47.0,19.0,97.0,6/13
mid industry,Actionable,28530,0.09,0.21,0.38,0.67,0.94,51.0,-0.23,52.0,0.43,51.0,1.26,0.9,1.14,49.0,43.0,55.0,26.0,20.0,11/13
mid industry,Pullback Buy,53076,0.1,0.15,0.29,0.42,1.01,51.0,-0.28,51.0,-0.08,52.0,0.64,0.24,0.23,49.0,45.0,51.0,21.0,70.0,11/13
mid industry,Extended,7063,-0.3,-0.14,0.56,1.02,2.04,49.0,-0.52,52.0,1.06,52.0,3.71,2.37,5.86,51.0,43.0,59.0,31.0,5.0,7/13
mid industry,Late/Fading,8856,0.01,0.0,0.31,0.67,0.68,50.0,-0.48,52.0,0.44,51.0,0.61,2.29,4.33,50.0,43.0,43.0,15.0,41.0,8/13
mid industry,Weak,43314,-0.06,-0.11,-0.29,-0.6,-1.48,49.0,-0.47,48.0,-1.33,47.0,-1.97,-0.86,-1.42,49.0,47.0,46.0,19.0,98.0,4/13
laggard industry,Actionable,19484,-0.27,-0.41,-0.68,-0.56,-0.31,48.0,-0.76,49.0,-0.46,49.0,0.37,-1.05,-0.71,50.0,44.0,54.0,25.0,20.0,6/13
laggard industry,Pullback Buy,54677,-0.12,-0.23,-0.29,-0.36,-0.31,49.0,-0.54,49.0,-0.67,49.0,-0.14,-1.13,-1.54,49.0,46.0,50.0,21.0,73.0,5/13
laggard industry,Extended,3680,-0.79,-0.61,-0.46,0.1,0.31,48.0,-0.88,50.0,0.6,51.0,1.53,2.2,5.01,52.0,43.0,57.0,31.0,4.0,7/13
laggard industry,Late/Fading,6407,-0.27,-0.79,-0.96,-1.07,-1.16,47.0,-0.96,47.0,-0.95,48.0,-0.41,-0.64,1.41,51.0,46.0,42.0,14.0,47.0,3/13
laggard industry,Weak,65137,-0.16,-0.35,-0.72,-1.29,-2.56,48.0,-0.69,46.0,-1.75,45.0,-2.88,-1.93,-3.77,50.0,48.0,46.0,18.0,98.0,1/13
52w/ATH breakout in last 2 weeks,Actionable,10063,0.47,0.59,0.98,1.66,2.51,53.0,0.05,54.0,1.37,54.0,3.32,0.9,1.03,46.0,40.0,57.0,27.0,13.0,12/12
"52w/ATH breakout, leader industry",Actionable,4438,0.55,0.65,1.38,1.81,2.55,53.0,0.17,55.0,1.66,55.0,3.51,0.83,1.4,45.0,40.0,58.0,29.0,12.0,10/12
52w/ATH breakout in last 2 weeks,Pullback Buy,3340,0.81,0.93,1.42,1.4,2.75,55.0,0.43,54.0,1.5,55.0,3.35,0.09,0.11,44.0,39.0,49.0,20.0,47.0,8/12
"52w/ATH breakout, leader industry",Pullback Buy,1219,0.89,1.18,1.53,2.08,2.73,57.0,0.52,56.0,1.55,56.0,2.98,0.71,0.98,44.0,39.0,49.0,20.0,46.0,9/12
52w/ATH breakout in last 2 weeks,Extended,4523,-0.07,0.58,0.81,1.5,2.5,52.0,0.11,53.0,1.87,53.0,4.05,3.59,6.71,49.0,41.0,61.0,34.0,3.0,7/12
"52w/ATH breakout, leader industry",Extended,2329,-0.08,0.67,0.85,1.8,3.77,53.0,0.33,53.0,1.91,54.0,5.27,3.67,6.58,49.0,40.0,62.0,34.0,3.0,6/12
52w/ATH breakout in last 2 weeks,Late/Fading,2514,0.47,0.57,0.79,1.04,2.18,52.0,0.18,52.0,1.7,53.0,3.09,1.98,3.55,47.0,41.0,46.0,18.0,27.0,7/12
"52w/ATH breakout, leader industry",Late/Fading,1060,0.45,0.46,0.98,0.77,2.29,52.0,0.48,52.0,0.95,54.0,4.17,1.93,3.26,45.0,42.0,48.0,19.0,21.0,8/12
52w/ATH breakout in last 2 weeks,Weak,27,,,,,,,,,,,,,,,,,,,
"52w/ATH breakout, leader industry",Weak,4,,,,,,,,,,,,,,,,,,,
era 2016-20,Actionable,37754,0.03,0.2,0.37,0.91,1.34,51.0,-0.64,52.0,0.0,52.0,1.12,0.9,1.36,50.0,44.0,55.0,26.0,20.0,6/7
era 2016-20,Pullback Buy,67273,0.16,0.15,0.28,0.52,0.99,51.0,-0.39,51.0,-0.62,52.0,0.1,-0.0,-0.19,48.0,45.0,51.0,22.0,68.0,4/7
era 2016-20,Extended,9976,-0.81,-0.81,0.0,0.76,1.98,47.0,-1.49,51.0,0.58,53.0,3.97,2.7,5.88,52.0,43.0,58.0,31.0,6.0,4/7
era 2016-20,Late/Fading,12437,-0.06,-0.16,0.12,0.12,0.31,49.0,-0.9,50.0,-0.44,50.0,0.55,1.55,3.5,50.0,44.0,43.0,15.0,38.0,5/7
era 2016-20,Weak,72027,-0.09,-0.17,-0.51,-1.03,-1.93,49.0,-0.62,47.0,-2.37,47.0,-3.89,-1.18,-2.02,49.0,48.0,46.0,19.0,98.0,1/7
era 2021-26,Actionable,45078,0.11,0.14,0.23,0.35,0.93,51.0,0.16,51.0,1.01,51.0,2.57,0.42,0.85,48.0,42.0,56.0,26.0,19.0,5/6
era 2021-26,Pullback Buy,84138,0.01,0.05,0.12,0.2,0.52,50.0,-0.19,51.0,0.3,51.0,1.33,-0.01,0.21,49.0,44.0,50.0,21.0,72.0,3/6
era 2021-26,Extended,11943,-0.02,0.59,0.85,1.11,2.74,52.0,0.42,52.0,1.8,53.0,4.28,2.73,4.67,48.0,42.0,59.0,31.0,4.0,3/6
era 2021-26,Late/Fading,13436,0.06,-0.01,-0.01,0.35,1.18,50.0,-0.18,51.0,0.8,52.0,1.58,1.33,3.12,48.0,43.0,44.0,16.0,40.0,3/6
era 2021-26,Weak,61067,-0.1,-0.21,-0.39,-0.67,-1.84,49.0,-0.42,48.0,-0.37,46.0,-0.54,-1.15,-2.59,50.0,47.0,47.0,18.0,98.0,0/6
