group,lead_persist_16_20,lead_persist_21_26,turnaround_16_20,turnaround_21_26,pct_time_leading,persistent_both_eras,turnaround_both_eras
Aerospace & Defense,9.8,3.5,-6.4,2.3,43.5,True,False
Agricultural Food & other Products,2.4,-1.3,1.1,-0.7,39.9,False,False
"Agricultural, Commercial & Construction Vehicles",2.2,-4.0,1.8,3.1,46.1,False,False
Auto Components,3.0,1.0,-1.9,0.7,31.8,False,False
Automobiles,-4.0,-1.5,1.4,2.3,38.0,False,False
Banks,1.5,2.2,-4.4,-2.6,27.1,False,False
Beverages,4.5,0.7,0.2,0.4,38.7,False,False
Capital Markets,2.6,-0.2,-3.3,-0.7,29.6,False,False
Cement & Cement Products,-0.4,-1.0,-0.4,-3.4,34.0,False,False
Chemicals & Petrochemicals,-3.6,3.9,5.4,-3.3,27.6,False,False
Commercial Services & Supplies,-5.6,1.7,6.4,-2.8,31.5,False,False
Construction,-2.2,4.4,-1.4,-1.5,25.4,False,False
Consumable Fuels,-2.4,-2.0,-0.2,4.6,35.4,False,False
Consumer Durables,1.3,2.5,2.5,-2.0,28.6,False,False
Diversified,-2.3,-3.0,2.3,-1.3,21.5,False,False
Diversified FMCG,-2.3,1.5,0.0,-2.2,25.1,False,False
Diversified Metals,9.3,3.2,-4.0,-1.2,37.2,True,False
Electrical Equipment,1.1,-1.8,-1.1,5.3,31.0,False,False
Entertainment,-1.4,0.8,-0.4,-2.7,18.4,False,False
Ferrous Metals,6.0,-0.8,-1.8,4.7,41.9,False,False
Fertilizers & Agrochemicals,3.5,3.3,-2.4,-3.5,29.8,True,False
Finance,0.4,3.5,3.0,-2.8,35.7,False,False
Financial Technology (Fintech),,2.1,,-3.8,28.5,False,False
Food Products,3.5,-1.8,-0.6,-2.6,25.3,False,False
Gas,0.6,-5.0,2.3,-2.4,41.9,False,False
Healthcare Equipment & Supplies,,-19.7,,-6.9,27.8,False,False
Healthcare Services,1.5,-1.2,-1.0,0.1,38.6,False,False
IT - Services,5.6,1.0,-1.4,-2.4,31.3,False,False
IT - Software,3.7,4.6,-0.2,-2.9,33.3,True,False
Industrial Manufacturing,-0.3,1.9,-1.6,2.7,19.9,False,False
Industrial Products,-0.9,-0.1,1.2,1.5,31.0,False,False
Insurance,6.0,-3.5,-0.8,-2.8,30.6,False,False
Leisure Services,-0.2,1.8,-1.4,-4.1,21.7,False,False
Media,-1.2,1.5,-2.0,-8.1,20.7,False,False
Minerals & Mining,-4.2,-11.5,0.9,3.8,38.5,False,False
Non - Ferrous Metals,0.8,1.0,-4.5,-0.6,42.1,False,False
Oil,2.2,1.1,-6.3,0.3,33.8,False,False
Other Construction Materials,-0.2,-0.7,0.2,-3.2,24.9,False,False
"Paper, Forest & Jute Products",1.6,0.8,-0.0,-2.1,34.6,False,False
Personal Products,5.4,0.7,-3.2,-3.2,32.8,False,False
Petroleum Products,0.3,-2.6,0.1,-0.1,39.7,False,False
Pharmaceuticals & Biotechnology,10.6,4.2,-6.6,-2.7,32.7,True,False
Power,0.5,6.5,-1.8,-0.4,24.2,False,False
Printing & Publication,1.8,,-8.9,-28.2,14.8,False,False
Realty,1.7,1.2,-1.0,0.4,32.2,False,False
Retailing,-2.2,-3.9,1.6,-2.3,32.7,False,False
Telecom - Equipment & Accessories,5.0,0.7,-3.4,0.3,28.5,False,False
Telecom - Services,-0.9,-1.7,-3.6,0.2,24.1,False,False
Textiles & Apparels,1.2,-0.1,-0.4,-4.3,22.9,False,False
Transport Infrastructure,-6.7,9.4,-2.4,-2.0,36.9,False,False
Transport Services,2.3,-0.9,-3.1,-1.1,19.5,False,False
