,score,band,weeks_leading,weeks_lagging,score_4wk_ago,score_13wk_ago,lead_persist_16_20,lead_persist_21_26,turnaround_16_20,turnaround_21_26,persistent_both_eras,turnaround_both_eras
Oil,100.0,green,4,0,64.0,55.0,2.2,1.2,-6.3,0.2,False,False
Entertainment,98.0,green,3,0,94.0,60.0,-1.2,0.7,-0.7,-2.6,False,False
Pharmaceuticals & Biotechnology,96.0,green,5,0,79.0,79.0,10.7,4.2,-6.7,-2.7,True,False
Ferrous Metals,94.0,green,4,0,45.0,49.0,6.0,-0.9,-1.8,4.7,False,False
Diversified FMCG,92.0,green,5,0,85.0,32.0,-2.3,1.6,-0.0,-2.3,False,False
Industrial Products,90.0,green,14,0,98.0,74.0,-1.0,-0.2,1.2,1.5,False,False
Healthcare Services,88.0,green,2,0,60.0,64.0,1.7,-1.5,-1.3,0.1,False,False
Petroleum Products,85.0,green,10,0,91.0,47.0,0.3,-2.7,0.2,-0.1,False,False
Non - Ferrous Metals,83.0,green,1,0,72.0,4.0,1.0,1.0,-4.5,-0.6,False,False
Diversified,81.0,green,1,0,40.0,26.0,-2.3,-3.0,2.3,-1.2,False,False
Auto Components,79.0,green,2,0,89.0,87.0,3.0,0.9,-1.8,0.7,False,False
Consumable Fuels,77.0,green,1,0,6.0,9.0,-2.3,-2.2,-0.3,4.7,False,False
Industrial Manufacturing,75.0,green,3,0,43.0,98.0,-0.4,1.8,-1.5,2.7,False,False
"Agricultural, Commercial & Construction Vehicles",73.0,green,8,0,100.0,11.0,2.4,-4.1,1.7,3.1,False,False
Beverages,71.0,green,1,0,68.0,57.0,4.5,0.6,0.2,0.4,False,False
Healthcare Equipment & Supplies,69.0,yellow,0,0,,,,-19.7,,-6.9,False,False
Chemicals & Petrochemicals,67.0,yellow,0,0,55.0,81.0,-3.8,3.9,5.5,-3.2,False,False
Transport Infrastructure,65.0,yellow,0,0,15.0,94.0,-6.3,9.6,-2.4,-2.0,False,False
Capital Markets,62.0,yellow,0,0,77.0,70.0,2.6,0.3,-3.3,-1.0,False,False
Food Products,60.0,yellow,0,0,51.0,21.0,3.5,-1.7,-0.6,-2.7,False,False
Banks,58.0,yellow,0,0,74.0,68.0,1.6,2.2,-4.4,-2.5,False,False
Leisure Services,56.0,yellow,0,0,81.0,66.0,-0.5,1.7,-1.4,-4.0,False,False
Aerospace & Defense,54.0,yellow,0,0,96.0,96.0,9.9,3.5,-6.4,2.3,True,False
Commercial Services & Supplies,52.0,yellow,0,0,66.0,51.0,-5.9,1.3,6.4,-2.7,False,False
Realty,50.0,yellow,0,0,57.0,34.0,1.7,1.0,-1.0,0.6,False,False
Automobiles,48.0,yellow,0,0,83.0,38.0,-4.1,-1.4,1.4,2.0,False,False
Consumer Durables,46.0,yellow,0,0,70.0,53.0,1.4,2.4,2.5,-2.0,False,False
Cement & Cement Products,44.0,yellow,0,0,11.0,6.0,-0.1,-1.0,-0.5,-3.4,False,False
IT - Services,42.0,yellow,0,0,47.0,40.0,5.5,1.4,-1.4,-2.8,False,False
Personal Products,40.0,red,0,8,4.0,19.0,5.5,0.7,-3.3,-3.3,False,False
IT - Software,38.0,red,0,1,26.0,28.0,3.8,4.5,-0.2,-2.7,True,False
Textiles & Apparels,35.0,red,0,2,38.0,83.0,1.5,0.2,-0.3,-4.4,False,False
Retailing,33.0,red,0,1,53.0,72.0,-2.6,-3.8,1.5,-2.3,False,False
Gas,31.0,red,0,2,28.0,91.0,0.6,-5.0,2.3,-2.4,False,False
Telecom - Equipment & Accessories,29.0,red,0,2,62.0,100.0,4.7,0.4,-3.5,-0.0,False,False
Transport Services,27.0,red,0,1,23.0,30.0,2.3,-0.9,-3.0,-1.1,False,False
Diversified Metals,25.0,red,0,7,9.0,43.0,9.2,3.2,-4.0,-1.2,True,False
Financial Technology (Fintech),23.0,red,0,1,87.0,2.0,,2.1,,-3.8,False,False
Finance,21.0,red,0,1,49.0,62.0,0.4,3.5,3.0,-2.9,False,False
Other Construction Materials,19.0,red,0,6,21.0,36.0,-0.2,-0.4,0.2,-3.2,False,False
Electrical Equipment,17.0,red,0,5,32.0,89.0,0.7,-1.9,-0.1,5.5,False,False
Media,15.0,red,0,19,34.0,23.0,-1.1,1.6,-2.1,-8.1,False,False
Construction,12.0,red,0,11,36.0,85.0,-2.2,4.5,-1.5,-1.4,False,False
Insurance,10.0,red,0,1,19.0,17.0,6.0,-3.3,-0.8,-3.0,False,False
Telecom - Services,8.0,red,0,1,17.0,45.0,-0.7,-1.7,-3.8,0.1,False,False
Power,6.0,red,0,10,2.0,77.0,0.5,6.1,-1.8,-0.4,False,False
Agricultural Food & other Products,4.0,red,0,18,30.0,15.0,2.4,-1.2,1.1,-0.7,False,False
Fertilizers & Agrochemicals,2.0,red,0,21,13.0,13.0,4.2,3.3,-3.1,-3.4,True,False
