horizon,entry,n,abs_median,vs_nifty_median,vs_nifty_mean,beat_nifty_pct,vs_grp_median,vs_grp_mean,beat_grp_pct
1 wk,all entries,5847,0.63,0.19,0.34,53,-0.04,0.09,49
1 wk,"all, 2016-20",3137,0.48,0.04,0.24,51,-0.1,0.08,48
1 wk,"all, 2021-26",2710,0.77,0.36,0.46,55,0.03,0.09,50
1 wk,"baseline: any group, any day",142473,0.45,0.11,0.23,52,-0.13,-0.0,47
1 wk,from red,261,0.43,0.2,0.47,51,-0.27,0.09,47
1 wk,from yellow,5586,0.64,0.19,0.33,53,-0.03,0.09,49
2 wk,all entries,5833,1.07,0.47,0.69,55,0.04,0.18,51
2 wk,"all, 2016-20",3136,0.81,0.22,0.46,52,-0.01,0.12,50
2 wk,"all, 2021-26",2697,1.33,0.78,0.96,58,0.1,0.25,52
2 wk,"baseline: any group, any day",142184,0.8,0.25,0.47,53,-0.17,-0.0,47
2 wk,from red,259,0.9,0.51,0.73,53,-0.44,-0.1,45
2 wk,from yellow,5574,1.07,0.47,0.69,55,0.06,0.19,51
4 wk,all entries,5804,2.11,1.01,1.38,57,0.06,0.35,51
4 wk,"all, 2016-20",3136,1.91,0.54,1.02,53,0.05,0.3,50
4 wk,"all, 2021-26",2668,2.38,1.43,1.81,61,0.12,0.4,51
4 wk,"baseline: any group, any day",141561,1.79,0.64,1.0,55,-0.26,0.0,47
4 wk,from red,257,1.79,0.91,1.47,54,-0.03,0.23,49
4 wk,from yellow,5547,2.15,1.02,1.38,57,0.08,0.35,51
