,state,score,breakout_date,from_high_pct,base_len,rs126,rs63,depth,contraction,vol_surge,sub_industry
SUNFLAG,broke out (30 sessions),3,2026-09-28,0.0,97.0,113.5,37.0,-53.3,0.9,1.8,Diversified Metals
OPTIEMUS,broke out (30 sessions),3,2026-09-22,-2.2,489.0,104.5,58.2,-57.0,0.9,4.6,Telecom - Equipment & Accessories
FCL,broke out (30 sessions),3,2026-08-21,-5.1,42.0,101.6,40.4,-57.6,0.8,1.0,Chemicals & Petrochemicals
WABAG,broke out (30 sessions),3,2026-09-11,-13.2,44.0,94.1,42.1,-52.8,1.0,1.4,Construction
DYCL,broke out (30 sessions),3,2026-08-28,-20.1,419.0,77.3,49.1,-49.8,0.7,0.9,Electrical Equipment
JINDWORLD,broke out (30 sessions),3,2026-09-01,-16.8,407.0,71.6,41.0,-55.2,0.5,2.1,Consumer Durables
SHAREINDIA,broke out (30 sessions),3,2026-09-17,-9.7,630.0,69.1,61.4,-42.8,0.9,7.1,Finance
QPOWER,broke out (30 sessions),3,2026-08-28,0.0,85.0,68.4,33.3,-57.5,0.8,0.4,
NIACL,broke out (30 sessions),3,2026-09-04,-26.5,52.0,66.5,51.7,-44.5,0.6,2.6,Insurance
COFORGE,broke out (30 sessions),3,2026-08-28,-12.0,178.0,62.6,34.8,-45.6,0.6,0.6,IT - Services
GNA,broke out (30 sessions),3,2026-09-23,-4.2,47.0,56.3,44.6,-50.0,0.6,2.0,Auto Components
ONEPOINT,broke out (30 sessions),3,2026-09-23,-0.2,548.0,54.8,20.3,-35.8,1.0,3.1,
TATVA,coiled under 52w high,3,,-2.1,44.0,52.4,52.1,-44.9,0.9,0.8,
DWARKESH,broke out (30 sessions),3,2026-08-20,-21.7,712.0,52.2,22.3,-35.5,1.2,3.0,Food Products
SYNCOMF,broke out (30 sessions),3,2026-08-28,0.0,487.0,52.2,28.4,-43.0,1.2,4.4,
GIPCL,broke out (30 sessions),3,2026-08-26,-10.6,541.0,51.3,26.6,-37.6,1.0,2.8,Power
TNPETRO,broke out (30 sessions),3,2026-09-01,-9.1,203.0,50.3,48.4,-35.8,1.3,15.8,
BAJAJHIND,broke out (30 sessions),3,2026-08-20,-15.6,509.0,47.4,23.5,-35.8,1.2,5.7,Food Products
JTLIND,broke out (30 sessions),3,2026-08-28,-4.8,632.0,44.6,30.9,-50.9,0.6,1.1,
AARTIPHARM,broke out (30 sessions),3,2026-09-23,-2.8,292.0,43.7,35.1,-36.9,0.7,2.5,Pharmaceuticals & Biotechnology
KSL,broke out (30 sessions),3,2026-09-10,-4.6,42.0,42.8,21.9,-40.6,1.1,2.9,Diversified Metals
VENKEYS,broke out (30 sessions),3,2026-09-11,-8.6,499.0,41.9,30.2,-31.5,0.9,3.1,
PFOCUS,broke out (30 sessions),3,2026-09-21,-11.8,114.0,38.3,60.0,-53.4,0.8,1.8,
ENGINERSIN,broke out (30 sessions),3,2026-09-01,-0.6,81.0,33.9,20.0,-37.7,0.9,2.1,Construction
TEGA,broke out (30 sessions),3,2026-09-21,-5.5,458.0,24.5,24.1,-29.9,1.4,9.8,Industrial Manufacturing
ANTELOPUS,broke out (30 sessions),2,2026-09-02,-8.1,62.0,92.0,1.8,-60.7,0.9,5.6,Oil
ABDL,broke out (30 sessions),2,2026-09-24,0.0,56.0,76.1,18.6,-45.8,0.6,3.1,Beverages
WOCKPHARMA,broke out (30 sessions),2,2026-09-07,-6.1,68.0,74.0,14.7,-48.9,0.9,0.9,Pharmaceuticals & Biotechnology
RAYMOND,broke out (30 sessions),2,2026-08-20,-2.0,525.0,69.7,18.8,-50.8,0.7,0.9,
IFCI,broke out (30 sessions),2,2026-09-02,-31.2,53.0,69.6,17.8,-48.0,0.7,2.1,Finance
CARBORUNIV,broke out (30 sessions),2,2026-09-23,-3.8,65.0,67.4,11.4,-39.7,1.0,2.5,Diversified
SOLARA,broke out (30 sessions),2,2026-09-07,-2.3,436.0,53.9,17.9,-38.0,1.4,1.9,
DATAPATTNS,broke out (30 sessions),2,2026-09-08,-13.3,54.0,51.7,11.7,-55.1,0.7,0.6,Aerospace & Defense
SOMANYCERA,broke out (30 sessions),2,2026-08-24,0.0,532.0,46.7,6.5,-37.8,0.6,3.8,
MIDHANI,broke out (30 sessions),2,2026-09-08,-12.5,534.0,43.7,8.3,-39.9,1.1,3.5,Aerospace & Defense
JSWINFRA,broke out (30 sessions),2,2026-09-22,-5.1,49.0,43.7,18.8,-33.5,0.9,2.2,Transport Infrastructure
IDEA,broke out (30 sessions),2,2026-08-25,-13.7,46.0,37.2,5.7,-59.0,0.8,1.0,Telecom - Services
JKPAPER,broke out (30 sessions),2,2026-09-18,-7.5,548.0,33.7,27.1,-28.1,0.9,1.8,"Paper, Forest & Jute Products"
RACLGEAR,broke out (30 sessions),2,2026-09-09,-12.9,137.0,20.6,31.7,-44.8,0.7,1.1,
SOUTHBANK,broke out (30 sessions),1,2026-09-24,-2.6,67.0,40.2,15.1,-40.9,0.9,0.9,Banks
KPIL,broke out (30 sessions),1,2026-09-10,-4.8,56.0,34.6,11.5,-29.3,0.7,0.7,Construction
UTTAMSUGAR,broke out (30 sessions),1,2026-08-17,-11.6,668.0,31.9,18.6,-31.5,1.0,1.9,
MAXESTATES,broke out (30 sessions),1,2026-08-20,-7.3,491.0,27.6,19.3,-38.0,1.0,2.2,Realty
VINCOFE,broke out (30 sessions),1,2026-08-27,-3.0,155.0,27.3,18.2,-29.8,0.9,1.5,
GAIL,coiled under 52w high,1,,-4.7,40.0,26.2,4.3,-25.4,0.9,0.6,Gas
JINDRILL,broke out (30 sessions),1,2026-09-08,-7.9,390.0,17.9,10.5,-33.5,0.9,0.2,
GLAXO,broke out (30 sessions),1,2026-08-18,-6.8,296.0,16.2,21.2,-24.7,0.9,1.1,Pharmaceuticals & Biotechnology
LICHSGFIN,coiled under 52w high,0,,-3.0,556.0,20.7,6.6,-22.4,1.0,1.4,Finance
HARSHA,broke out (30 sessions),0,2026-08-20,-0.5,72.0,20.1,5.9,-28.4,0.9,2.0,Industrial Products
MAHLOG,coiled under 52w high,0,,-4.1,108.0,18.8,18.1,-36.9,0.7,0.9,
CASTROLIND,broke out (30 sessions),0,2026-09-18,-0.3,510.0,12.7,12.4,-12.9,1.0,2.0,Petroleum Products
