mode,test,period,key,cagr,sharpe,maxdd,gross_sharpe,turnover_pa
india_subind,window,1y,live,26.17,1.32,-13.0,1.54,979.0
india_subind,window,1y,live_rs126,13.18,0.75,-13.5,0.87,550.0
india_subind,window,1y,rs63,32.12,1.45,-13.7,1.58,647.0
india_subind,window,1y,rs126,14.36,0.79,-12.5,0.92,628.0
india_subind,window,1y,rs252,7.33,0.46,-15.4,0.58,588.0
india_subind,window,1y,rand0,-1.23,0.03,-19.7,0.4,1737.0
india_subind,window,1y,rand1,-2.5,-0.04,-22.0,0.32,1678.0
india_subind,window,1y,rand2,-10.28,-0.45,-28.7,-0.12,1638.0
india_subind,window,1y,rand3,-1.1,0.03,-21.9,0.4,1639.0
india_subind,window,1y,rand4,-4.9,-0.16,-24.7,0.2,1736.0
india_subind,window,1y,rand5,0.17,0.1,-21.3,0.45,1578.0
india_subind,window,1y,rand6,6.25,0.43,-14.5,0.81,1639.0
india_subind,window,1y,rand7,4.31,0.33,-20.1,0.71,1696.0
india_subind,window,1y,equal_weight_all,2.73,0.24,-19.1,,
india_subind,window,1y,benchmark ^NSEI,-7.55,-0.54,-15.2,,
india_subind,window,3y,live,21.53,1.02,-26.4,1.21,1036.0
india_subind,window,3y,live_rs126,12.66,0.65,-26.2,0.76,638.0
india_subind,window,3y,rs63,27.3,1.2,-27.6,1.33,735.0
india_subind,window,3y,rs126,20.09,0.94,-23.2,1.04,551.0
india_subind,window,3y,rs252,20.14,0.91,-32.6,0.99,454.0
india_subind,window,3y,rand0,5.53,0.37,-33.5,0.7,1686.0
india_subind,window,3y,rand1,4.83,0.34,-34.2,0.7,1693.0
india_subind,window,3y,rand2,3.93,0.29,-37.1,0.63,1693.0
india_subind,window,3y,rand3,16.11,0.84,-27.3,1.17,1706.0
india_subind,window,3y,rand4,13.68,0.73,-27.5,1.06,1700.0
india_subind,window,3y,rand5,9.99,0.57,-22.7,0.91,1687.0
india_subind,window,3y,rand6,9.56,0.56,-28.7,0.9,1727.0
india_subind,window,3y,rand7,9.17,0.55,-27.9,0.89,1693.0
india_subind,window,3y,equal_weight_all,15.02,0.83,-24.5,,
india_subind,window,3y,benchmark ^NSEI,5.08,0.45,-15.8,,
india_subind,window,5y,live,31.54,1.37,-26.4,1.56,984.0
india_subind,window,5y,live_rs126,23.2,1.06,-25.0,1.17,606.0
india_subind,window,5y,rs63,30.75,1.32,-27.4,1.45,702.0
india_subind,window,5y,rs126,30.97,1.33,-22.6,1.42,515.0
india_subind,window,5y,rs252,28.05,1.19,-32.0,1.27,431.0
india_subind,window,5y,rand0,8.1,0.5,-37.9,0.87,1725.0
india_subind,window,5y,rand1,9.82,0.58,-28.8,0.94,1733.0
india_subind,window,5y,rand2,9.06,0.54,-33.3,0.89,1658.0
india_subind,window,5y,rand3,11.17,0.64,-31.9,0.99,1714.0
india_subind,window,5y,rand4,14.92,0.81,-28.5,1.16,1714.0
india_subind,window,5y,rand5,10.9,0.63,-27.7,0.97,1655.0
india_subind,window,5y,rand6,11.07,0.64,-27.0,1.0,1721.0
india_subind,window,5y,rand7,9.14,0.55,-35.9,0.9,1690.0
india_subind,window,5y,equal_weight_all,19.29,1.05,-24.5,,
india_subind,window,5y,benchmark ^NSEI,5.17,0.44,-17.2,,
india_subind,window,10y,live,27.82,1.25,-59.4,1.45,1031.0
india_subind,window,10y,live_rs126,23.65,1.08,-51.2,1.19,653.0
india_subind,window,10y,rs63,24.45,1.1,-64.0,1.25,780.0
india_subind,window,10y,rs126,26.42,1.18,-53.4,1.28,535.0
india_subind,window,10y,rs252,27.26,1.2,-56.8,1.27,437.0
india_subind,window,10y,rand0,18.71,0.95,-54.3,1.28,1691.0
india_subind,window,10y,rand1,12.67,0.69,-61.6,1.03,1697.0
india_subind,window,10y,rand2,10.67,0.61,-62.8,0.95,1729.0
india_subind,window,10y,rand3,15.89,0.83,-60.5,1.18,1728.0
india_subind,window,10y,rand4,12.49,0.68,-64.2,1.02,1717.0
india_subind,window,10y,rand5,11.25,0.64,-64.4,0.98,1733.0
india_subind,window,10y,rand6,14.72,0.78,-67.6,1.11,1665.0
india_subind,window,10y,rand7,10.03,0.58,-67.1,0.91,1687.0
india_subind,window,10y,equal_weight_all,20.61,1.08,-57.9,,
india_subind,window,10y,benchmark ^NSEI,10.22,0.7,-38.4,,
india_subind,stagger,start 2016-09-30,live,27.82,1.25,-59.4,1.45,1031.0
india_subind,stagger,start 2016-09-30,live_rs126,23.65,1.08,-51.2,1.19,653.0
india_subind,stagger,start 2016-09-30,rs63,24.45,1.1,-64.0,1.25,780.0
india_subind,stagger,start 2016-09-30,rs126,26.42,1.18,-53.4,1.28,535.0
india_subind,stagger,start 2016-09-30,rs252,27.26,1.2,-56.8,1.27,437.0
india_subind,stagger,start 2016-09-30,rand0,18.71,0.95,-54.3,1.28,1691.0
india_subind,stagger,start 2016-09-30,rand1,12.67,0.69,-61.6,1.03,1697.0
india_subind,stagger,start 2016-09-30,rand2,10.67,0.61,-62.8,0.95,1729.0
india_subind,stagger,start 2016-09-30,rand3,15.89,0.83,-60.5,1.18,1728.0
india_subind,stagger,start 2016-09-30,rand4,12.49,0.68,-64.2,1.02,1717.0
india_subind,stagger,start 2016-09-30,rand5,11.25,0.64,-64.4,0.98,1733.0
india_subind,stagger,start 2016-09-30,rand6,14.72,0.78,-67.6,1.11,1665.0
india_subind,stagger,start 2016-09-30,rand7,10.03,0.58,-67.1,0.91,1687.0
india_subind,stagger,start 2016-09-30,equal_weight_all,20.61,1.08,-57.9,,
india_subind,stagger,start 2016-09-30,benchmark ^NSEI,10.22,0.7,-38.4,,
india_subind,stagger,start 2016-09-07,live,27.15,1.21,-59.2,1.4,1048.0
india_subind,stagger,start 2016-09-07,live_rs126,21.64,0.99,-55.8,1.1,645.0
india_subind,stagger,start 2016-09-07,rs63,28.27,1.24,-58.8,1.37,755.0
india_subind,stagger,start 2016-09-07,rs126,28.01,1.23,-51.2,1.33,545.0
india_subind,stagger,start 2016-09-07,rs252,29.56,1.27,-53.9,1.34,407.0
india_subind,stagger,start 2016-09-07,rand0,14.59,0.76,-65.4,1.1,1711.0
india_subind,stagger,start 2016-09-07,rand1,9.74,0.57,-64.2,0.91,1705.0
india_subind,stagger,start 2016-09-07,rand2,11.31,0.63,-56.3,0.97,1688.0
india_subind,stagger,start 2016-09-07,rand3,16.27,0.84,-61.6,1.18,1684.0
india_subind,stagger,start 2016-09-07,rand4,13.66,0.72,-64.4,1.05,1700.0
india_subind,stagger,start 2016-09-07,rand5,17.33,0.89,-60.1,1.23,1708.0
india_subind,stagger,start 2016-09-07,rand6,12.33,0.68,-62.0,1.01,1698.0
india_subind,stagger,start 2016-09-07,rand7,14.15,0.76,-64.7,1.09,1690.0
india_subind,stagger,start 2016-09-07,equal_weight_all,20.97,1.1,-57.9,,
india_subind,stagger,start 2016-09-07,benchmark ^NSEI,10.36,0.7,-38.4,,
india_subind,stagger,start 2016-08-11,live,27.34,1.22,-64.0,1.41,1008.0
india_subind,stagger,start 2016-08-11,live_rs126,25.73,1.15,-55.2,1.26,622.0
india_subind,stagger,start 2016-08-11,rs63,29.78,1.29,-58.4,1.42,737.0
india_subind,stagger,start 2016-08-11,rs126,27.22,1.2,-56.0,1.3,544.0
india_subind,stagger,start 2016-08-11,rs252,27.17,1.19,-54.5,1.27,449.0
india_subind,stagger,start 2016-08-11,rand0,12.55,0.7,-59.2,1.05,1723.0
india_subind,stagger,start 2016-08-11,rand1,15.77,0.83,-59.0,1.18,1719.0
india_subind,stagger,start 2016-08-11,rand2,10.15,0.59,-60.9,0.93,1658.0
india_subind,stagger,start 2016-08-11,rand3,14.96,0.79,-57.9,1.14,1712.0
india_subind,stagger,start 2016-08-11,rand4,16.82,0.87,-59.8,1.21,1704.0
india_subind,stagger,start 2016-08-11,rand5,11.34,0.64,-65.8,0.97,1684.0
india_subind,stagger,start 2016-08-11,rand6,12.42,0.68,-65.3,1.03,1719.0
india_subind,stagger,start 2016-08-11,rand7,16.04,0.85,-57.8,1.19,1707.0
india_subind,stagger,start 2016-08-11,equal_weight_all,21.62,1.12,-57.9,,
india_subind,stagger,start 2016-08-11,benchmark ^NSEI,11.02,0.74,-38.4,,
india_subind,stagger,start 2016-07-20,live,27.49,1.23,-58.3,1.42,1014.0
india_subind,stagger,start 2016-07-20,live_rs126,24.54,1.12,-54.1,1.23,631.0
india_subind,stagger,start 2016-07-20,rs63,28.19,1.25,-57.1,1.39,772.0
india_subind,stagger,start 2016-07-20,rs126,26.87,1.2,-56.1,1.31,565.0
india_subind,stagger,start 2016-07-20,rs252,25.08,1.12,-55.6,1.2,442.0
india_subind,stagger,start 2016-07-20,rand0,15.62,0.81,-57.7,1.14,1670.0
india_subind,stagger,start 2016-07-20,rand1,13.87,0.75,-67.3,1.08,1704.0
india_subind,stagger,start 2016-07-20,rand2,18.44,0.95,-56.8,1.29,1688.0
india_subind,stagger,start 2016-07-20,rand3,11.96,0.66,-66.9,1.01,1707.0
india_subind,stagger,start 2016-07-20,rand4,16.95,0.88,-59.8,1.22,1711.0
india_subind,stagger,start 2016-07-20,rand5,16.35,0.86,-56.1,1.19,1682.0
india_subind,stagger,start 2016-07-20,rand6,14.47,0.79,-62.5,1.13,1692.0
india_subind,stagger,start 2016-07-20,rand7,15.04,0.8,-62.0,1.14,1692.0
india_subind,stagger,start 2016-07-20,equal_weight_all,21.57,1.12,-57.9,,
india_subind,stagger,start 2016-07-20,benchmark ^NSEI,10.94,0.74,-38.4,,
india_subind,stagger,start 2016-06-27,live,29.14,1.28,-60.0,1.47,1006.0
india_subind,stagger,start 2016-06-27,live_rs126,25.35,1.14,-55.6,1.25,626.0
india_subind,stagger,start 2016-06-27,rs63,28.09,1.24,-59.7,1.38,753.0
india_subind,stagger,start 2016-06-27,rs126,25.56,1.15,-56.6,1.25,574.0
india_subind,stagger,start 2016-06-27,rs252,30.12,1.29,-55.5,1.37,405.0
india_subind,stagger,start 2016-06-27,rand0,18.37,0.94,-58.1,1.29,1716.0
india_subind,stagger,start 2016-06-27,rand1,18.59,0.95,-57.1,1.3,1703.0
india_subind,stagger,start 2016-06-27,rand2,16.02,0.84,-66.1,1.17,1687.0
india_subind,stagger,start 2016-06-27,rand3,10.58,0.6,-63.5,0.94,1696.0
india_subind,stagger,start 2016-06-27,rand4,8.41,0.5,-66.5,0.84,1698.0
india_subind,stagger,start 2016-06-27,rand5,11.19,0.62,-72.7,0.95,1723.0
india_subind,stagger,start 2016-06-27,rand6,14.64,0.78,-60.6,1.12,1693.0
india_subind,stagger,start 2016-06-27,rand7,15.57,0.82,-66.6,1.16,1712.0
india_subind,stagger,start 2016-06-27,equal_weight_all,22.11,1.15,-57.9,,
india_subind,stagger,start 2016-06-27,benchmark ^NSEI,11.45,0.77,-38.4,,
india_subind,stagger,start 2016-06-03,live,29.05,1.28,-61.8,1.46,983.0
india_subind,stagger,start 2016-06-03,live_rs126,24.78,1.11,-54.8,1.23,653.0
india_subind,stagger,start 2016-06-03,rs63,28.05,1.23,-59.4,1.37,786.0
india_subind,stagger,start 2016-06-03,rs126,29.17,1.28,-52.5,1.38,559.0
india_subind,stagger,start 2016-06-03,rs252,30.72,1.31,-52.0,1.39,406.0
india_subind,stagger,start 2016-06-03,rand0,16.69,0.86,-63.2,1.19,1686.0
india_subind,stagger,start 2016-06-03,rand1,9.78,0.56,-59.9,0.89,1712.0
india_subind,stagger,start 2016-06-03,rand2,12.83,0.7,-56.6,1.04,1701.0
india_subind,stagger,start 2016-06-03,rand3,14.16,0.76,-68.3,1.1,1652.0
india_subind,stagger,start 2016-06-03,rand4,13.17,0.72,-66.3,1.07,1715.0
india_subind,stagger,start 2016-06-03,rand5,19.2,0.96,-63.7,1.29,1709.0
india_subind,stagger,start 2016-06-03,rand6,12.33,0.68,-69.7,1.02,1675.0
india_subind,stagger,start 2016-06-03,rand7,17.12,0.89,-67.3,1.24,1695.0
india_subind,stagger,start 2016-06-03,equal_weight_all,22.34,1.16,-57.9,,
india_subind,stagger,start 2016-06-03,benchmark ^NSEI,11.03,0.74,-38.4,,
india_subind,stagger,start 2016-05-12,live,26.4,1.18,-58.8,1.37,1004.0
india_subind,stagger,start 2016-05-12,live_rs126,28.33,1.24,-57.1,1.35,617.0
india_subind,stagger,start 2016-05-12,rs63,27.51,1.22,-56.0,1.36,757.0
india_subind,stagger,start 2016-05-12,rs126,26.76,1.18,-59.5,1.27,557.0
india_subind,stagger,start 2016-05-12,rs252,27.82,1.22,-55.7,1.3,424.0
india_subind,stagger,start 2016-05-12,rand0,17.26,0.88,-59.0,1.22,1730.0
india_subind,stagger,start 2016-05-12,rand1,16.62,0.86,-62.7,1.2,1702.0
india_subind,stagger,start 2016-05-12,rand2,14.87,0.79,-57.1,1.13,1714.0
india_subind,stagger,start 2016-05-12,rand3,18.76,0.97,-58.9,1.31,1707.0
india_subind,stagger,start 2016-05-12,rand4,15.78,0.84,-62.8,1.18,1697.0
india_subind,stagger,start 2016-05-12,rand5,13.25,0.73,-60.1,1.08,1676.0
india_subind,stagger,start 2016-05-12,rand6,14.64,0.79,-65.4,1.13,1692.0
india_subind,stagger,start 2016-05-12,rand7,13.87,0.76,-65.0,1.12,1701.0
india_subind,stagger,start 2016-05-12,equal_weight_all,22.02,1.14,-57.9,,
india_subind,stagger,start 2016-05-12,benchmark ^NSEI,11.46,0.77,-38.4,,
india_subind,stagger,start 2016-04-20,live,25.42,1.16,-62.0,1.35,1019.0
india_subind,stagger,start 2016-04-20,live_rs126,25.63,1.16,-58.4,1.27,634.0
india_subind,stagger,start 2016-04-20,rs63,29.32,1.3,-53.2,1.43,742.0
india_subind,stagger,start 2016-04-20,rs126,27.21,1.22,-55.4,1.32,564.0
india_subind,stagger,start 2016-04-20,rs252,26.8,1.19,-56.3,1.26,431.0
india_subind,stagger,start 2016-04-20,rand0,8.57,0.51,-63.2,0.85,1711.0
india_subind,stagger,start 2016-04-20,rand1,17.19,0.9,-53.9,1.24,1703.0
india_subind,stagger,start 2016-04-20,rand2,15.4,0.81,-61.7,1.15,1690.0
india_subind,stagger,start 2016-04-20,rand3,12.22,0.68,-63.3,1.01,1703.0
india_subind,stagger,start 2016-04-20,rand4,18.2,0.94,-67.6,1.28,1727.0
india_subind,stagger,start 2016-04-20,rand5,12.86,0.71,-61.9,1.05,1725.0
india_subind,stagger,start 2016-04-20,rand6,10.25,0.59,-69.9,0.92,1703.0
india_subind,stagger,start 2016-04-20,rand7,11.51,0.65,-62.3,0.99,1697.0
india_subind,stagger,start 2016-04-20,equal_weight_all,22.06,1.15,-57.9,,
india_subind,stagger,start 2016-04-20,benchmark ^NSEI,11.91,0.79,-38.4,,
india_subind,period,2016-09-30 -> 2019-12-31,live,8.85,0.57,-38.2,0.81,1047.0
india_subind,period,2016-09-30 -> 2019-12-31,live_rs126,9.22,0.58,-29.9,0.72,654.0
india_subind,period,2016-09-30 -> 2019-12-31,rs63,8.37,0.53,-39.6,0.7,789.0
india_subind,period,2016-09-30 -> 2019-12-31,rs126,13.06,0.78,-32.5,0.89,503.0
india_subind,period,2016-09-30 -> 2019-12-31,rs252,14.58,0.83,-38.5,0.92,433.0
india_subind,period,2016-09-30 -> 2019-12-31,rand0,7.35,0.49,-43.2,0.88,1698.0
india_subind,period,2016-09-30 -> 2019-12-31,rand1,0.01,0.09,-46.8,0.47,1692.0
india_subind,period,2016-09-30 -> 2019-12-31,rand2,-3.19,-0.1,-45.9,0.3,1729.0
india_subind,period,2016-09-30 -> 2019-12-31,rand3,1.07,0.15,-41.9,0.55,1728.0
india_subind,period,2016-09-30 -> 2019-12-31,rand4,-1.72,-0.01,-50.9,0.38,1729.0
india_subind,period,2016-09-30 -> 2019-12-31,rand5,-5.18,-0.21,-48.9,0.18,1736.0
india_subind,period,2016-09-30 -> 2019-12-31,rand6,-1.82,-0.02,-52.3,0.38,1697.0
india_subind,period,2016-09-30 -> 2019-12-31,rand7,0.03,0.09,-52.9,0.48,1679.0
india_subind,period,2016-09-30 -> 2019-12-31,equal_weight_all,5.57,0.42,-40.9,,
india_subind,period,2016-09-30 -> 2019-12-31,benchmark ^NSEI,11.23,0.95,-14.6,,
india_subind,period,2020-01-01 -> 2022-12-30,live,45.91,1.58,-40.9,1.74,1050.0
india_subind,period,2020-01-01 -> 2022-12-30,live_rs126,45.43,1.55,-43.5,1.64,653.0
india_subind,period,2020-01-01 -> 2022-12-30,rs63,42.59,1.5,-44.5,1.62,795.0
india_subind,period,2020-01-01 -> 2022-12-30,rs126,39.7,1.4,-43.7,1.49,593.0
india_subind,period,2020-01-01 -> 2022-12-30,rs252,42.92,1.52,-41.1,1.58,419.0
india_subind,period,2020-01-01 -> 2022-12-30,rand0,26.04,1.08,-46.6,1.38,1781.0
india_subind,period,2020-01-01 -> 2022-12-30,rand1,41.11,1.58,-43.7,1.88,1768.0
india_subind,period,2020-01-01 -> 2022-12-30,rand2,32.66,1.32,-40.0,1.61,1749.0
india_subind,period,2020-01-01 -> 2022-12-30,rand3,30.48,1.23,-43.5,1.52,1714.0
india_subind,period,2020-01-01 -> 2022-12-30,rand4,32.98,1.31,-43.8,1.6,1735.0
india_subind,period,2020-01-01 -> 2022-12-30,rand5,34.51,1.37,-44.6,1.66,1722.0
india_subind,period,2020-01-01 -> 2022-12-30,rand6,30.33,1.21,-44.9,1.49,1710.0
india_subind,period,2020-01-01 -> 2022-12-30,rand7,30.7,1.29,-44.5,1.59,1690.0
india_subind,period,2020-01-01 -> 2022-12-30,equal_weight_all,38.16,1.53,-43.4,,
india_subind,period,2020-01-01 -> 2022-12-30,benchmark ^NSEI,14.14,0.71,-38.4,,
india_subind,period,2023-01-02 -> 2026-09-28,live,32.7,1.47,-27.5,1.66,972.0
india_subind,period,2023-01-02 -> 2026-09-28,live_rs126,27.13,1.26,-22.6,1.37,586.0
india_subind,period,2023-01-02 -> 2026-09-28,rs63,34.21,1.49,-28.9,1.63,705.0
india_subind,period,2023-01-02 -> 2026-09-28,rs126,31.85,1.41,-23.0,1.51,542.0
india_subind,period,2023-01-02 -> 2026-09-28,rs252,27.82,1.22,-33.2,1.3,424.0
india_subind,period,2023-01-02 -> 2026-09-28,rand0,14.89,0.82,-31.8,1.18,1723.0
india_subind,period,2023-01-02 -> 2026-09-28,rand1,13.94,0.78,-35.5,1.14,1670.0
india_subind,period,2023-01-02 -> 2026-09-28,rand2,10.31,0.62,-37.1,0.98,1691.0
india_subind,period,2023-01-02 -> 2026-09-28,rand3,19.82,1.06,-27.8,1.42,1664.0
india_subind,period,2023-01-02 -> 2026-09-28,rand4,11.9,0.7,-30.5,1.07,1674.0
india_subind,period,2023-01-02 -> 2026-09-28,rand5,14.07,0.8,-29.0,1.15,1616.0
india_subind,period,2023-01-02 -> 2026-09-28,rand6,14.48,0.81,-29.9,1.17,1681.0
india_subind,period,2023-01-02 -> 2026-09-28,rand7,15.16,0.86,-23.4,1.23,1696.0
india_subind,period,2023-01-02 -> 2026-09-28,equal_weight_all,20.94,1.15,-24.5,,
india_subind,period,2023-01-02 -> 2026-09-28,benchmark ^NSEI,6.19,0.55,-15.8,,
ai,window,1y,live,201.84,2.14,-34.8,2.21,1121.0
ai,window,1y,optcomp_10_50_40,157.77,1.88,-38.2,1.95,982.0
ai,window,1y,rs63,158.88,1.87,-43.6,1.92,788.0
ai,window,1y,rs126,160.59,1.77,-41.9,1.81,629.0
ai,window,1y,rs252,217.48,2.04,-41.1,2.07,432.0
ai,window,1y,rand0,23.32,0.7,-31.4,0.89,2010.0
ai,window,1y,rand1,55.23,1.3,-23.1,1.49,1989.0
ai,window,1y,rand2,47.01,1.13,-31.7,1.32,2046.0
ai,window,1y,rand3,21.39,0.69,-26.3,0.89,1934.0
ai,window,1y,rand4,64.59,1.44,-28.6,1.64,2011.0
ai,window,1y,rand5,24.29,0.75,-24.9,0.95,1933.0
ai,window,1y,rand6,91.27,1.74,-25.7,1.92,2021.0
ai,window,1y,rand7,34.03,0.94,-31.6,1.13,1905.0
ai,window,1y,equal_weight_all,71.42,1.59,-25.5,,
ai,window,1y,benchmark SMH,86.94,1.77,-24.6,,
ai,window,3y,live,103.57,1.71,-43.0,1.81,1158.0
ai,window,3y,optcomp_10_50_40,84.55,1.5,-42.9,1.58,1022.0
ai,window,3y,rs63,74.13,1.37,-46.5,1.44,781.0
ai,window,3y,rs126,76.52,1.35,-50.7,1.4,640.0
ai,window,3y,rs252,119.5,1.73,-51.1,1.77,453.0
ai,window,3y,rand0,38.13,1.05,-46.7,1.27,2027.0
ai,window,3y,rand1,61.06,1.49,-31.9,1.71,2029.0
ai,window,3y,rand2,59.1,1.44,-38.9,1.66,1992.0
ai,window,3y,rand3,29.09,0.91,-35.4,1.14,1993.0
ai,window,3y,rand4,49.59,1.3,-35.0,1.53,2029.0
ai,window,3y,rand5,33.48,0.97,-44.6,1.19,2008.0
ai,window,3y,rand6,61.39,1.48,-36.0,1.7,1989.0
ai,window,3y,rand7,29.61,0.89,-40.1,1.11,2003.0
ai,window,3y,equal_weight_all,62.01,1.58,-34.5,,
ai,window,3y,benchmark SMH,61.33,1.48,-35.7,,
ai,window,5y,live,48.22,1.13,-46.8,1.23,1145.0
ai,window,5y,optcomp_10_50_40,43.43,1.04,-47.7,1.13,990.0
ai,window,5y,rs63,37.48,0.94,-48.6,1.02,793.0
ai,window,5y,rs126,49.77,1.1,-49.4,1.16,618.0
ai,window,5y,rs252,70.78,1.37,-47.2,1.41,455.0
ai,window,5y,rand0,28.33,0.89,-34.0,1.12,2010.0
ai,window,5y,rand1,34.98,1.05,-35.6,1.28,2018.0
ai,window,5y,rand2,23.87,0.79,-41.1,1.03,2049.0
ai,window,5y,rand3,17.38,0.64,-43.7,0.88,2032.0
ai,window,5y,rand4,11.81,0.5,-48.9,0.74,2036.0
ai,window,5y,rand5,16.66,0.62,-39.9,0.85,2045.0
ai,window,5y,rand6,25.37,0.84,-42.4,1.08,2028.0
ai,window,5y,rand7,34.03,1.0,-36.6,1.23,2012.0
ai,window,5y,equal_weight_all,39.21,1.18,-34.5,,
ai,window,5y,benchmark SMH,37.0,1.04,-45.3,,
ai,window,10y,live,32.37,0.95,-46.9,1.08,1177.0
ai,window,10y,optcomp_10_50_40,29.98,0.9,-45.6,1.01,1017.0
ai,window,10y,rs63,27.72,0.84,-48.9,0.93,801.0
ai,window,10y,rs126,32.3,0.91,-50.7,0.97,636.0
ai,window,10y,rs252,45.12,1.12,-51.1,1.16,438.0
ai,window,10y,rand0,20.19,0.73,-46.7,0.98,2002.0
ai,window,10y,rand1,29.31,0.97,-39.6,1.22,1967.0
ai,window,10y,rand2,34.28,1.09,-38.9,1.34,1956.0
ai,window,10y,rand3,24.08,0.85,-37.1,1.1,1957.0
ai,window,10y,rand4,22.6,0.82,-42.5,1.08,2000.0
ai,window,10y,rand5,18.78,0.7,-44.6,0.95,1967.0
ai,window,10y,rand6,24.4,0.85,-41.2,1.1,1956.0
ai,window,10y,rand7,18.06,0.69,-44.8,0.94,1989.0
ai,window,10y,equal_weight_all,36.41,1.2,-36.6,,
ai,window,10y,benchmark SMH,34.24,1.05,-45.3,,
ai,stagger,start 2016-09-30,live,32.37,0.95,-46.9,1.08,1177.0
ai,stagger,start 2016-09-30,optcomp_10_50_40,29.98,0.9,-45.6,1.01,1017.0
ai,stagger,start 2016-09-30,rs63,27.72,0.84,-48.9,0.93,801.0
ai,stagger,start 2016-09-30,rs126,32.3,0.91,-50.7,0.97,636.0
ai,stagger,start 2016-09-30,rs252,45.12,1.12,-51.1,1.16,438.0
ai,stagger,start 2016-09-30,rand0,20.19,0.73,-46.7,0.98,2002.0
ai,stagger,start 2016-09-30,rand1,29.31,0.97,-39.6,1.22,1967.0
ai,stagger,start 2016-09-30,rand2,34.28,1.09,-38.9,1.34,1956.0
ai,stagger,start 2016-09-30,rand3,24.08,0.85,-37.1,1.1,1957.0
ai,stagger,start 2016-09-30,rand4,22.6,0.82,-42.5,1.08,2000.0
ai,stagger,start 2016-09-30,rand5,18.78,0.7,-44.6,0.95,1967.0
ai,stagger,start 2016-09-30,rand6,24.4,0.85,-41.2,1.1,1956.0
ai,stagger,start 2016-09-30,rand7,18.06,0.69,-44.8,0.94,1989.0
ai,stagger,start 2016-09-30,equal_weight_all,36.41,1.2,-36.6,,
ai,stagger,start 2016-09-30,benchmark SMH,34.24,1.05,-45.3,,
ai,stagger,start 2016-09-08,live,33.4,0.97,-45.1,1.09,1140.0
ai,stagger,start 2016-09-08,optcomp_10_50_40,34.14,0.98,-49.3,1.08,980.0
ai,stagger,start 2016-09-08,rs63,30.87,0.91,-44.3,0.99,778.0
ai,stagger,start 2016-09-08,rs126,35.58,0.97,-47.7,1.03,597.0
ai,stagger,start 2016-09-08,rs252,48.61,1.18,-46.0,1.23,431.0
ai,stagger,start 2016-09-08,rand0,19.8,0.74,-47.0,0.99,1987.0
ai,stagger,start 2016-09-08,rand1,24.5,0.85,-40.2,1.11,2002.0
ai,stagger,start 2016-09-08,rand2,16.58,0.65,-48.4,0.9,1976.0
ai,stagger,start 2016-09-08,rand3,26.36,0.92,-41.9,1.18,1976.0
ai,stagger,start 2016-09-08,rand4,20.51,0.75,-38.6,1.0,1982.0
ai,stagger,start 2016-09-08,rand5,27.73,0.94,-39.8,1.2,1988.0
ai,stagger,start 2016-09-08,rand6,26.53,0.9,-37.4,1.16,1985.0
ai,stagger,start 2016-09-08,rand7,25.54,0.88,-40.6,1.14,1984.0
ai,stagger,start 2016-09-08,equal_weight_all,36.22,1.2,-36.6,,
ai,stagger,start 2016-09-08,benchmark SMH,33.82,1.04,-45.3,,
ai,stagger,start 2016-08-16,live,34.72,1.01,-47.1,1.13,1142.0
ai,stagger,start 2016-08-16,optcomp_10_50_40,36.19,1.03,-46.5,1.14,973.0
ai,stagger,start 2016-08-16,rs63,38.16,1.05,-49.5,1.13,757.0
ai,stagger,start 2016-08-16,rs126,36.53,0.99,-49.5,1.05,613.0
ai,stagger,start 2016-08-16,rs252,46.16,1.15,-49.9,1.19,443.0
ai,stagger,start 2016-08-16,rand0,22.19,0.8,-43.9,1.05,1979.0
ai,stagger,start 2016-08-16,rand1,32.19,1.03,-41.9,1.28,1980.0
ai,stagger,start 2016-08-16,rand2,35.21,1.11,-37.6,1.37,1981.0
ai,stagger,start 2016-08-16,rand3,24.01,0.85,-43.3,1.11,1990.0
ai,stagger,start 2016-08-16,rand4,26.85,0.9,-43.4,1.15,2009.0
ai,stagger,start 2016-08-16,rand5,27.18,0.92,-39.2,1.18,2003.0
ai,stagger,start 2016-08-16,rand6,19.08,0.71,-41.7,0.97,1994.0
ai,stagger,start 2016-08-16,rand7,27.0,0.92,-36.0,1.18,1979.0
ai,stagger,start 2016-08-16,equal_weight_all,37.87,1.24,-36.6,,
ai,stagger,start 2016-08-16,benchmark SMH,34.8,1.06,-45.3,,
ai,stagger,start 2016-07-25,live,35.04,1.02,-46.6,1.14,1138.0
ai,stagger,start 2016-07-25,optcomp_10_50_40,33.1,0.96,-47.0,1.07,978.0
ai,stagger,start 2016-07-25,rs63,34.83,1.0,-47.9,1.08,780.0
ai,stagger,start 2016-07-25,rs126,37.15,1.01,-47.6,1.08,622.0
ai,stagger,start 2016-07-25,rs252,46.62,1.17,-47.0,1.22,444.0
ai,stagger,start 2016-07-25,rand0,18.21,0.7,-39.4,0.96,1957.0
ai,stagger,start 2016-07-25,rand1,26.34,0.91,-37.7,1.18,1990.0
ai,stagger,start 2016-07-25,rand2,29.86,1.0,-43.7,1.26,1971.0
ai,stagger,start 2016-07-25,rand3,30.91,1.03,-34.5,1.29,1970.0
ai,stagger,start 2016-07-25,rand4,28.54,0.97,-38.9,1.23,1980.0
ai,stagger,start 2016-07-25,rand5,26.84,0.92,-40.6,1.18,1981.0
ai,stagger,start 2016-07-25,rand6,35.38,1.13,-37.9,1.39,1991.0
ai,stagger,start 2016-07-25,rand7,27.29,0.92,-40.1,1.18,1979.0
ai,stagger,start 2016-07-25,equal_weight_all,37.62,1.24,-36.6,,
ai,stagger,start 2016-07-25,benchmark SMH,35.37,1.08,-45.3,,
ai,stagger,start 2016-06-30,live,37.36,1.07,-44.9,1.2,1155.0
ai,stagger,start 2016-06-30,optcomp_10_50_40,35.96,1.04,-46.2,1.15,989.0
ai,stagger,start 2016-06-30,rs63,35.5,1.01,-46.7,1.1,808.0
ai,stagger,start 2016-06-30,rs126,41.0,1.09,-50.1,1.16,604.0
ai,stagger,start 2016-06-30,rs252,49.92,1.24,-47.9,1.29,436.0
ai,stagger,start 2016-06-30,rand0,28.37,0.96,-33.7,1.21,1982.0
ai,stagger,start 2016-06-30,rand1,29.8,0.99,-42.4,1.24,1966.0
ai,stagger,start 2016-06-30,rand2,25.07,0.89,-41.6,1.15,1970.0
ai,stagger,start 2016-06-30,rand3,31.83,1.03,-42.0,1.29,1992.0
ai,stagger,start 2016-06-30,rand4,24.29,0.86,-39.1,1.11,1948.0
ai,stagger,start 2016-06-30,rand5,37.0,1.17,-35.5,1.43,1974.0
ai,stagger,start 2016-06-30,rand6,25.25,0.88,-41.8,1.12,1952.0
ai,stagger,start 2016-06-30,rand7,30.61,1.02,-41.2,1.27,1953.0
ai,stagger,start 2016-06-30,equal_weight_all,39.28,1.29,-36.6,,
ai,stagger,start 2016-06-30,benchmark SMH,37.21,1.13,-45.3,,
ai,stagger,start 2016-06-08,live,39.06,1.12,-46.9,1.25,1171.0
ai,stagger,start 2016-06-08,optcomp_10_50_40,37.81,1.08,-45.6,1.2,1007.0
ai,stagger,start 2016-06-08,rs63,35.42,1.03,-48.9,1.11,800.0
ai,stagger,start 2016-06-08,rs126,37.37,1.04,-50.7,1.1,636.0
ai,stagger,start 2016-06-08,rs252,49.95,1.25,-51.1,1.3,437.0
ai,stagger,start 2016-06-08,rand0,24.36,0.86,-46.7,1.12,2002.0
ai,stagger,start 2016-06-08,rand1,32.62,1.07,-39.6,1.33,1962.0
ai,stagger,start 2016-06-08,rand2,39.65,1.25,-38.9,1.51,1955.0
ai,stagger,start 2016-06-08,rand3,28.55,0.98,-37.1,1.23,1960.0
ai,stagger,start 2016-06-08,rand4,24.39,0.88,-42.5,1.15,1996.0
ai,stagger,start 2016-06-08,rand5,21.59,0.78,-44.6,1.03,1967.0
ai,stagger,start 2016-06-08,rand6,26.5,0.92,-41.2,1.18,1957.0
ai,stagger,start 2016-06-08,rand7,22.34,0.81,-44.8,1.07,1984.0
ai,stagger,start 2016-06-08,equal_weight_all,39.75,1.31,-36.6,,
ai,stagger,start 2016-06-08,benchmark SMH,37.63,1.15,-45.3,,
ai,stagger,start 2016-05-16,live,38.44,1.11,-45.1,1.24,1142.0
ai,stagger,start 2016-05-16,optcomp_10_50_40,39.5,1.12,-49.3,1.23,976.0
ai,stagger,start 2016-05-16,rs63,37.84,1.08,-44.3,1.17,772.0
ai,stagger,start 2016-05-16,rs126,43.48,1.16,-47.7,1.22,598.0
ai,stagger,start 2016-05-16,rs252,54.52,1.33,-46.0,1.38,432.0
ai,stagger,start 2016-05-16,rand0,22.57,0.83,-47.0,1.09,1986.0
ai,stagger,start 2016-05-16,rand1,26.45,0.93,-40.2,1.19,1998.0
ai,stagger,start 2016-05-16,rand2,21.17,0.78,-48.4,1.04,1971.0
ai,stagger,start 2016-05-16,rand3,31.09,1.05,-41.9,1.32,1977.0
ai,stagger,start 2016-05-16,rand4,25.56,0.91,-38.6,1.17,1981.0
ai,stagger,start 2016-05-16,rand5,31.37,1.05,-39.8,1.32,1988.0
ai,stagger,start 2016-05-16,rand6,30.35,1.03,-37.4,1.29,1981.0
ai,stagger,start 2016-05-16,rand7,28.03,0.97,-40.6,1.23,1975.0
ai,stagger,start 2016-05-16,equal_weight_all,40.12,1.32,-36.6,,
ai,stagger,start 2016-05-16,benchmark SMH,37.55,1.15,-45.3,,
ai,stagger,start 2016-04-22,live,35.32,1.05,-47.1,1.18,1145.0
ai,stagger,start 2016-04-22,optcomp_10_50_40,37.84,1.1,-46.5,1.21,964.0
ai,stagger,start 2016-04-22,rs63,40.32,1.14,-49.5,1.22,754.0
ai,stagger,start 2016-04-22,rs126,39.65,1.09,-49.5,1.16,613.0
ai,stagger,start 2016-04-22,rs252,47.56,1.22,-49.9,1.27,438.0
ai,stagger,start 2016-04-22,rand0,22.26,0.81,-43.9,1.07,1974.0
ai,stagger,start 2016-04-22,rand1,31.68,1.05,-41.9,1.31,1976.0
ai,stagger,start 2016-04-22,rand2,35.84,1.16,-37.6,1.43,1979.0
ai,stagger,start 2016-04-22,rand3,26.57,0.94,-43.3,1.21,1986.0
ai,stagger,start 2016-04-22,rand4,28.23,0.96,-43.4,1.22,2006.0
ai,stagger,start 2016-04-22,rand5,27.2,0.95,-39.2,1.21,1996.0
ai,stagger,start 2016-04-22,rand6,21.3,0.79,-41.7,1.05,1990.0
ai,stagger,start 2016-04-22,rand7,28.41,0.98,-36.0,1.25,1977.0
ai,stagger,start 2016-04-22,equal_weight_all,37.92,1.27,-36.6,,
ai,stagger,start 2016-04-22,benchmark SMH,34.15,1.07,-45.3,,
ai,period,2016-09-30 -> 2019-12-31,live,4.55,0.31,-32.1,0.53,1216.0
ai,period,2016-09-30 -> 2019-12-31,optcomp_10_50_40,11.97,0.62,-28.1,0.8,1026.0
ai,period,2016-09-30 -> 2019-12-31,rs63,13.94,0.69,-27.4,0.83,809.0
ai,period,2016-09-30 -> 2019-12-31,rs126,21.25,0.9,-27.7,0.99,599.0
ai,period,2016-09-30 -> 2019-12-31,rs252,24.86,0.99,-31.5,1.05,389.0
ai,period,2016-09-30 -> 2019-12-31,rand0,19.64,0.93,-30.0,1.29,1962.0
ai,period,2016-09-30 -> 2019-12-31,rand1,14.53,0.72,-29.7,1.06,1881.0
ai,period,2016-09-30 -> 2019-12-31,rand2,20.04,0.93,-29.3,1.27,1854.0
ai,period,2016-09-30 -> 2019-12-31,rand3,22.03,1.01,-20.2,1.37,1912.0
ai,period,2016-09-30 -> 2019-12-31,rand4,18.47,0.9,-28.5,1.27,1931.0
ai,period,2016-09-30 -> 2019-12-31,rand5,20.43,0.97,-23.3,1.32,1915.0
ai,period,2016-09-30 -> 2019-12-31,rand6,13.06,0.66,-33.2,1.01,1901.0
ai,period,2016-09-30 -> 2019-12-31,rand7,8.83,0.52,-29.7,0.9,1935.0
ai,period,2016-09-30 -> 2019-12-31,equal_weight_all,26.41,1.28,-24.2,,
ai,period,2016-09-30 -> 2019-12-31,benchmark SMH,26.61,1.12,-27.0,,
ai,period,2020-01-02 -> 2022-12-30,live,14.7,0.55,-41.1,0.68,1173.0
ai,period,2020-01-02 -> 2022-12-30,optcomp_10_50_40,18.38,0.63,-42.2,0.74,982.0
ai,period,2020-01-02 -> 2022-12-30,rs63,18.61,0.64,-43.2,0.71,761.0
ai,period,2020-01-02 -> 2022-12-30,rs126,14.53,0.54,-40.7,0.6,610.0
ai,period,2020-01-02 -> 2022-12-30,rs252,8.85,0.41,-40.4,0.46,493.0
ai,period,2020-01-02 -> 2022-12-30,rand0,-1.18,0.15,-43.9,0.37,1974.0
ai,period,2020-01-02 -> 2022-12-30,rand1,19.26,0.66,-36.8,0.88,2044.0
ai,period,2020-01-02 -> 2022-12-30,rand2,22.32,0.74,-37.6,0.97,1999.0
ai,period,2020-01-02 -> 2022-12-30,rand3,14.7,0.56,-43.3,0.79,2015.0
ai,period,2020-01-02 -> 2022-12-30,rand4,8.29,0.4,-43.4,0.62,2024.0
ai,period,2020-01-02 -> 2022-12-30,rand5,16.71,0.61,-37.8,0.83,1977.0
ai,period,2020-01-02 -> 2022-12-30,rand6,11.91,0.49,-39.6,0.71,2006.0
ai,period,2020-01-02 -> 2022-12-30,rand7,22.07,0.74,-36.0,0.97,2005.0
ai,period,2020-01-02 -> 2022-12-30,equal_weight_all,21.72,0.74,-36.6,,
ai,period,2020-01-02 -> 2022-12-30,benchmark SMH,12.86,0.5,-45.3,,
ai,period,2023-01-03 -> 2026-09-28,live,74.21,1.45,-45.1,1.55,1125.0
ai,period,2023-01-03 -> 2026-09-28,optcomp_10_50_40,75.01,1.45,-45.5,1.54,995.0
ai,period,2023-01-03 -> 2026-09-28,rs63,62.11,1.29,-44.3,1.36,790.0
ai,period,2023-01-03 -> 2026-09-28,rs126,72.63,1.37,-47.7,1.42,652.0
ai,period,2023-01-03 -> 2026-09-28,rs252,112.91,1.78,-46.0,1.82,462.0
ai,period,2023-01-03 -> 2026-09-28,rand0,34.29,1.03,-35.8,1.26,2050.0
ai,period,2023-01-03 -> 2026-09-28,rand1,47.92,1.29,-36.5,1.53,2068.0
ai,period,2023-01-03 -> 2026-09-28,rand2,43.21,1.22,-36.9,1.45,2008.0
ai,period,2023-01-03 -> 2026-09-28,rand3,44.77,1.31,-41.9,1.56,2021.0
ai,period,2023-01-03 -> 2026-09-28,rand4,31.91,0.96,-37.8,1.19,2046.0
ai,period,2023-01-03 -> 2026-09-28,rand5,48.95,1.33,-35.4,1.57,2029.0
ai,period,2023-01-03 -> 2026-09-28,rand6,44.78,1.24,-32.5,1.48,2055.0
ai,period,2023-01-03 -> 2026-09-28,rand7,52.26,1.39,-37.7,1.63,2041.0
ai,period,2023-01-03 -> 2026-09-28,equal_weight_all,59.21,1.6,-34.5,,
ai,period,2023-01-03 -> 2026-09-28,benchmark SMH,61.86,1.54,-35.7,,
us_sectors,window,1y,live,19.91,1.44,-6.4,1.63,621.0
us_sectors,window,1y,optcomp_10_50_40,11.56,0.91,-5.8,1.11,626.0
us_sectors,window,1y,rs63,10.24,0.8,-8.2,0.94,464.0
us_sectors,window,1y,rs126,1.02,0.14,-10.0,0.27,431.0
us_sectors,window,1y,rs252,21.39,1.52,-8.1,1.59,240.0
us_sectors,window,1y,rand0,12.26,0.98,-5.9,1.27,892.0
us_sectors,window,1y,rand1,8.34,0.69,-9.2,0.98,924.0
us_sectors,window,1y,rand2,8.4,0.7,-8.4,0.99,889.0
us_sectors,window,1y,rand3,9.09,0.8,-6.7,1.08,826.0
us_sectors,window,1y,rand4,1.29,0.17,-10.0,0.47,924.0
us_sectors,window,1y,rand5,1.43,0.18,-14.8,0.45,890.0
us_sectors,window,1y,rand6,2.53,0.27,-11.0,0.54,821.0
us_sectors,window,1y,rand7,8.45,0.79,-7.1,1.11,888.0
us_sectors,window,1y,equal_weight_all,11.4,1.19,-6.3,,
us_sectors,window,1y,benchmark SPY,16.66,1.25,-8.9,,
us_sectors,window,3y,live,12.94,0.94,-17.5,1.15,696.0
us_sectors,window,3y,optcomp_10_50_40,11.84,0.87,-17.5,1.06,664.0
us_sectors,window,3y,rs63,10.45,0.83,-15.4,0.99,522.0
us_sectors,window,3y,rs126,11.17,0.81,-18.2,0.92,390.0
us_sectors,window,3y,rs252,22.29,1.44,-14.9,1.5,238.0
us_sectors,window,3y,rand0,10.73,0.78,-17.5,1.05,909.0
us_sectors,window,3y,rand1,11.94,0.82,-18.1,1.06,888.0
us_sectors,window,3y,rand2,10.04,0.76,-17.9,1.05,986.0
us_sectors,window,3y,rand3,10.08,0.74,-15.4,0.98,832.0
us_sectors,window,3y,rand4,17.64,1.23,-13.9,1.48,833.0
us_sectors,window,3y,rand5,12.63,0.96,-18.4,1.23,865.0
us_sectors,window,3y,rand6,5.89,0.46,-19.9,0.7,854.0
us_sectors,window,3y,rand7,15.84,1.08,-16.7,1.32,854.0
us_sectors,window,3y,equal_weight_all,16.8,1.33,-15.3,,
us_sectors,window,3y,benchmark SPY,22.93,1.43,-18.8,,
us_sectors,window,5y,live,7.21,0.51,-24.7,0.69,719.0
us_sectors,window,5y,optcomp_10_50_40,6.61,0.48,-24.8,0.64,639.0
us_sectors,window,5y,rs63,7.47,0.53,-19.1,0.66,514.0
us_sectors,window,5y,rs126,7.84,0.55,-18.2,0.64,377.0
us_sectors,window,5y,rs252,15.29,0.96,-17.0,1.02,242.0
us_sectors,window,5y,rand0,6.03,0.44,-25.9,0.67,906.0
us_sectors,window,5y,rand1,9.86,0.64,-26.2,0.85,922.0
us_sectors,window,5y,rand2,11.31,0.74,-22.0,0.94,809.0
us_sectors,window,5y,rand3,7.49,0.52,-20.6,0.74,935.0
us_sectors,window,5y,rand4,5.1,0.38,-24.2,0.59,873.0
us_sectors,window,5y,rand5,0.56,0.11,-22.0,0.34,854.0
us_sectors,window,5y,rand6,4.23,0.33,-26.0,0.54,847.0
us_sectors,window,5y,rand7,13.65,0.85,-24.0,1.06,873.0
us_sectors,window,5y,equal_weight_all,10.65,0.77,-19.2,,
us_sectors,window,5y,benchmark SPY,13.52,0.83,-24.5,,
us_sectors,window,10y,live,6.68,0.45,-36.5,0.62,720.0
us_sectors,window,10y,optcomp_10_50_40,7.14,0.48,-36.2,0.62,631.0
us_sectors,window,10y,rs63,8.29,0.53,-37.0,0.64,509.0
us_sectors,window,10y,rs126,10.44,0.64,-31.4,0.72,381.0
us_sectors,window,10y,rs252,14.35,0.83,-30.2,0.89,265.0
us_sectors,window,10y,rand0,8.36,0.53,-36.3,0.74,909.0
us_sectors,window,10y,rand1,11.18,0.67,-37.0,0.86,842.0
us_sectors,window,10y,rand2,7.53,0.49,-39.3,0.69,889.0
us_sectors,window,10y,rand3,7.14,0.46,-36.4,0.64,824.0
us_sectors,window,10y,rand4,8.7,0.56,-38.4,0.76,875.0
us_sectors,window,10y,rand5,9.15,0.59,-35.6,0.78,819.0
us_sectors,window,10y,rand6,11.84,0.73,-32.1,0.93,862.0
us_sectors,window,10y,rand7,8.94,0.58,-34.2,0.78,876.0
us_sectors,window,10y,equal_weight_all,12.5,0.79,-36.3,,
us_sectors,window,10y,benchmark SPY,15.29,0.89,-33.7,,
us_sectors,stagger,start 2016-09-30,live,6.68,0.45,-36.5,0.62,720.0
us_sectors,stagger,start 2016-09-30,optcomp_10_50_40,7.14,0.48,-36.2,0.62,631.0
us_sectors,stagger,start 2016-09-30,rs63,8.29,0.53,-37.0,0.64,509.0
us_sectors,stagger,start 2016-09-30,rs126,10.44,0.64,-31.4,0.72,381.0
us_sectors,stagger,start 2016-09-30,rs252,14.35,0.83,-30.2,0.89,265.0
us_sectors,stagger,start 2016-09-30,rand0,8.36,0.53,-36.3,0.74,909.0
us_sectors,stagger,start 2016-09-30,rand1,11.18,0.67,-37.0,0.86,842.0
us_sectors,stagger,start 2016-09-30,rand2,7.53,0.49,-39.3,0.69,889.0
us_sectors,stagger,start 2016-09-30,rand3,7.14,0.46,-36.4,0.64,824.0
us_sectors,stagger,start 2016-09-30,rand4,8.7,0.56,-38.4,0.76,875.0
us_sectors,stagger,start 2016-09-30,rand5,9.15,0.59,-35.6,0.78,819.0
us_sectors,stagger,start 2016-09-30,rand6,11.84,0.73,-32.1,0.93,862.0
us_sectors,stagger,start 2016-09-30,rand7,8.94,0.58,-34.2,0.78,876.0
us_sectors,stagger,start 2016-09-30,equal_weight_all,12.5,0.79,-36.3,,
us_sectors,stagger,start 2016-09-30,benchmark SPY,15.29,0.89,-33.7,,
us_sectors,stagger,start 2016-09-08,live,6.15,0.43,-34.1,0.6,754.0
us_sectors,stagger,start 2016-09-08,optcomp_10_50_40,7.34,0.49,-32.9,0.64,675.0
us_sectors,stagger,start 2016-09-08,rs63,8.82,0.56,-31.4,0.68,524.0
us_sectors,stagger,start 2016-09-08,rs126,10.49,0.64,-35.2,0.72,383.0
us_sectors,stagger,start 2016-09-08,rs252,11.58,0.69,-32.5,0.76,292.0
us_sectors,stagger,start 2016-09-08,rand0,9.41,0.58,-36.9,0.78,891.0
us_sectors,stagger,start 2016-09-08,rand1,10.02,0.62,-42.6,0.8,805.0
us_sectors,stagger,start 2016-09-08,rand2,6.94,0.46,-35.5,0.66,879.0
us_sectors,stagger,start 2016-09-08,rand3,8.03,0.53,-34.2,0.74,876.0
us_sectors,stagger,start 2016-09-08,rand4,8.18,0.53,-33.8,0.73,883.0
us_sectors,stagger,start 2016-09-08,rand5,10.94,0.66,-40.1,0.85,840.0
us_sectors,stagger,start 2016-09-08,rand6,12.28,0.75,-30.8,0.95,884.0
us_sectors,stagger,start 2016-09-08,rand7,8.47,0.55,-32.8,0.75,874.0
us_sectors,stagger,start 2016-09-08,equal_weight_all,12.82,0.8,-36.3,,
us_sectors,stagger,start 2016-09-08,benchmark SPY,15.33,0.89,-33.7,,
us_sectors,stagger,start 2016-08-16,live,9.59,0.59,-33.8,0.75,721.0
us_sectors,stagger,start 2016-08-16,optcomp_10_50_40,10.22,0.63,-34.2,0.78,628.0
us_sectors,stagger,start 2016-08-16,rs63,9.55,0.6,-32.7,0.72,520.0
us_sectors,stagger,start 2016-08-16,rs126,9.29,0.58,-36.1,0.66,386.0
us_sectors,stagger,start 2016-08-16,rs252,11.76,0.71,-33.5,0.76,261.0
us_sectors,stagger,start 2016-08-16,rand0,12.62,0.74,-29.8,0.93,874.0
us_sectors,stagger,start 2016-08-16,rand1,6.72,0.45,-33.2,0.64,840.0
us_sectors,stagger,start 2016-08-16,rand2,6.32,0.42,-43.7,0.61,892.0
us_sectors,stagger,start 2016-08-16,rand3,10.22,0.62,-36.2,0.81,853.0
us_sectors,stagger,start 2016-08-16,rand4,5.59,0.39,-43.7,0.58,867.0
us_sectors,stagger,start 2016-08-16,rand5,7.6,0.5,-41.6,0.69,870.0
us_sectors,stagger,start 2016-08-16,rand6,10.72,0.65,-36.8,0.85,863.0
us_sectors,stagger,start 2016-08-16,rand7,7.64,0.51,-35.2,0.72,932.0
us_sectors,stagger,start 2016-08-16,equal_weight_all,12.86,0.81,-36.3,,
us_sectors,stagger,start 2016-08-16,benchmark SPY,15.34,0.89,-33.7,,
us_sectors,stagger,start 2016-07-25,live,7.32,0.49,-34.2,0.66,751.0
us_sectors,stagger,start 2016-07-25,optcomp_10_50_40,7.01,0.47,-36.0,0.61,658.0
us_sectors,stagger,start 2016-07-25,rs63,7.62,0.49,-37.8,0.62,557.0
us_sectors,stagger,start 2016-07-25,rs126,8.25,0.53,-31.4,0.61,382.0
us_sectors,stagger,start 2016-07-25,rs252,11.6,0.69,-35.1,0.75,291.0
us_sectors,stagger,start 2016-07-25,rand0,7.13,0.46,-37.5,0.65,886.0
us_sectors,stagger,start 2016-07-25,rand1,12.26,0.76,-31.8,0.96,836.0
us_sectors,stagger,start 2016-07-25,rand2,7.51,0.49,-37.7,0.69,870.0
us_sectors,stagger,start 2016-07-25,rand3,10.17,0.63,-39.7,0.82,863.0
us_sectors,stagger,start 2016-07-25,rand4,9.86,0.6,-43.9,0.79,857.0
us_sectors,stagger,start 2016-07-25,rand5,7.9,0.51,-34.3,0.7,857.0
us_sectors,stagger,start 2016-07-25,rand6,5.77,0.4,-35.1,0.6,916.0
us_sectors,stagger,start 2016-07-25,rand7,11.52,0.69,-31.4,0.88,823.0
us_sectors,stagger,start 2016-07-25,equal_weight_all,12.59,0.79,-36.3,,
us_sectors,stagger,start 2016-07-25,benchmark SPY,15.05,0.87,-33.7,,
us_sectors,stagger,start 2016-06-30,live,6.06,0.42,-36.0,0.58,747.0
us_sectors,stagger,start 2016-06-30,optcomp_10_50_40,7.04,0.47,-36.1,0.61,641.0
us_sectors,stagger,start 2016-06-30,rs63,9.15,0.58,-36.1,0.69,500.0
us_sectors,stagger,start 2016-06-30,rs126,8.75,0.56,-31.4,0.64,384.0
us_sectors,stagger,start 2016-06-30,rs252,14.3,0.83,-30.2,0.88,248.0
us_sectors,stagger,start 2016-06-30,rand0,10.31,0.64,-31.6,0.83,864.0
us_sectors,stagger,start 2016-06-30,rand1,10.86,0.69,-33.1,0.89,850.0
us_sectors,stagger,start 2016-06-30,rand2,6.84,0.46,-35.2,0.66,844.0
us_sectors,stagger,start 2016-06-30,rand3,9.35,0.57,-39.1,0.76,851.0
us_sectors,stagger,start 2016-06-30,rand4,9.42,0.6,-31.5,0.8,860.0
us_sectors,stagger,start 2016-06-30,rand5,7.63,0.5,-36.8,0.69,876.0
us_sectors,stagger,start 2016-06-30,rand6,6.32,0.43,-34.8,0.62,873.0
us_sectors,stagger,start 2016-06-30,rand7,6.36,0.43,-38.4,0.61,831.0
us_sectors,stagger,start 2016-06-30,equal_weight_all,12.8,0.8,-36.3,,
us_sectors,stagger,start 2016-06-30,benchmark SPY,15.13,0.88,-33.7,,
us_sectors,stagger,start 2016-06-08,live,4.44,0.33,-37.3,0.52,814.0
us_sectors,stagger,start 2016-06-08,optcomp_10_50_40,6.31,0.43,-32.4,0.59,695.0
us_sectors,stagger,start 2016-06-08,rs63,6.08,0.41,-34.2,0.54,554.0
us_sectors,stagger,start 2016-06-08,rs126,10.43,0.63,-35.1,0.72,376.0
us_sectors,stagger,start 2016-06-08,rs252,11.78,0.71,-32.5,0.77,278.0
us_sectors,stagger,start 2016-06-08,rand0,10.5,0.64,-35.1,0.83,840.0
us_sectors,stagger,start 2016-06-08,rand1,10.47,0.64,-37.4,0.84,900.0
us_sectors,stagger,start 2016-06-08,rand2,8.77,0.58,-34.5,0.77,827.0
us_sectors,stagger,start 2016-06-08,rand3,8.7,0.55,-32.7,0.76,920.0
us_sectors,stagger,start 2016-06-08,rand4,5.24,0.37,-37.6,0.55,848.0
us_sectors,stagger,start 2016-06-08,rand5,9.66,0.6,-39.9,0.8,900.0
us_sectors,stagger,start 2016-06-08,rand6,9.75,0.59,-37.9,0.77,844.0
us_sectors,stagger,start 2016-06-08,rand7,6.76,0.45,-43.4,0.64,868.0
us_sectors,stagger,start 2016-06-08,equal_weight_all,12.62,0.79,-36.3,,
us_sectors,stagger,start 2016-06-08,benchmark SPY,15.4,0.89,-33.7,,
us_sectors,stagger,start 2016-05-16,live,10.19,0.62,-36.7,0.78,711.0
us_sectors,stagger,start 2016-05-16,optcomp_10_50_40,9.33,0.59,-36.7,0.73,641.0
us_sectors,stagger,start 2016-05-16,rs63,8.59,0.55,-36.0,0.66,503.0
us_sectors,stagger,start 2016-05-16,rs126,9.87,0.61,-37.9,0.69,381.0
us_sectors,stagger,start 2016-05-16,rs252,13.43,0.79,-34.5,0.85,274.0
us_sectors,stagger,start 2016-05-16,rand0,9.98,0.61,-35.0,0.8,860.0
us_sectors,stagger,start 2016-05-16,rand1,7.27,0.48,-37.3,0.67,867.0
us_sectors,stagger,start 2016-05-16,rand2,9.08,0.57,-33.1,0.77,843.0
us_sectors,stagger,start 2016-05-16,rand3,8.18,0.52,-40.1,0.72,890.0
us_sectors,stagger,start 2016-05-16,rand4,9.39,0.57,-39.3,0.75,851.0
us_sectors,stagger,start 2016-05-16,rand5,10.8,0.65,-39.5,0.84,863.0
us_sectors,stagger,start 2016-05-16,rand6,5.79,0.41,-34.1,0.61,864.0
us_sectors,stagger,start 2016-05-16,rand7,9.71,0.6,-32.5,0.81,902.0
us_sectors,stagger,start 2016-05-16,equal_weight_all,12.91,0.81,-36.3,,
us_sectors,stagger,start 2016-05-16,benchmark SPY,15.48,0.89,-33.7,,
us_sectors,stagger,start 2016-04-22,live,8.37,0.55,-35.5,0.72,714.0
us_sectors,stagger,start 2016-04-22,optcomp_10_50_40,8.59,0.55,-36.1,0.69,635.0
us_sectors,stagger,start 2016-04-22,rs63,10.16,0.63,-37.0,0.74,524.0
us_sectors,stagger,start 2016-04-22,rs126,8.76,0.55,-36.2,0.63,372.0
us_sectors,stagger,start 2016-04-22,rs252,11.05,0.67,-36.1,0.73,299.0
us_sectors,stagger,start 2016-04-22,rand0,8.73,0.55,-33.9,0.74,887.0
us_sectors,stagger,start 2016-04-22,rand1,11.84,0.73,-31.9,0.92,851.0
us_sectors,stagger,start 2016-04-22,rand2,7.04,0.47,-40.7,0.66,864.0
us_sectors,stagger,start 2016-04-22,rand3,7.91,0.51,-37.5,0.7,831.0
us_sectors,stagger,start 2016-04-22,rand4,7.48,0.5,-37.4,0.69,824.0
us_sectors,stagger,start 2016-04-22,rand5,10.58,0.64,-42.5,0.83,883.0
us_sectors,stagger,start 2016-04-22,rand6,8.45,0.54,-36.0,0.74,871.0
us_sectors,stagger,start 2016-04-22,rand7,8.11,0.53,-31.8,0.72,830.0
us_sectors,stagger,start 2016-04-22,equal_weight_all,12.77,0.8,-36.3,,
us_sectors,stagger,start 2016-04-22,benchmark SPY,14.89,0.87,-33.7,,
us_sectors,period,2016-09-30 -> 2019-12-31,live,4.15,0.4,-20.4,0.64,734.0
us_sectors,period,2016-09-30 -> 2019-12-31,optcomp_10_50_40,5.88,0.53,-20.1,0.75,673.0
us_sectors,period,2016-09-30 -> 2019-12-31,rs63,10.71,0.9,-20.6,1.07,551.0
us_sectors,period,2016-09-30 -> 2019-12-31,rs126,8.93,0.74,-17.2,0.87,399.0
us_sectors,period,2016-09-30 -> 2019-12-31,rs252,6.7,0.54,-20.0,0.62,259.0
us_sectors,period,2016-09-30 -> 2019-12-31,rand0,12.69,1.08,-19.0,1.36,828.0
us_sectors,period,2016-09-30 -> 2019-12-31,rand1,8.87,0.73,-25.5,0.97,776.0
us_sectors,period,2016-09-30 -> 2019-12-31,rand2,7.45,0.65,-18.1,0.94,870.0
us_sectors,period,2016-09-30 -> 2019-12-31,rand3,6.31,0.58,-20.5,0.85,819.0
us_sectors,period,2016-09-30 -> 2019-12-31,rand4,9.44,0.8,-24.6,1.06,819.0
us_sectors,period,2016-09-30 -> 2019-12-31,rand5,12.39,0.98,-16.5,1.21,758.0
us_sectors,period,2016-09-30 -> 2019-12-31,rand6,15.66,1.28,-15.4,1.58,890.0
us_sectors,period,2016-09-30 -> 2019-12-31,rand7,10.37,0.88,-16.7,1.16,861.0
us_sectors,period,2016-09-30 -> 2019-12-31,equal_weight_all,12.95,1.16,-17.5,,
us_sectors,period,2016-09-30 -> 2019-12-31,benchmark SPY,15.21,1.19,-19.3,,
us_sectors,period,2020-01-02 -> 2022-12-30,live,10.29,0.51,-36.0,0.62,709.0
us_sectors,period,2020-01-02 -> 2022-12-30,optcomp_10_50_40,11.98,0.56,-36.1,0.65,588.0
us_sectors,period,2020-01-02 -> 2022-12-30,rs63,7.14,0.4,-36.1,0.47,511.0
us_sectors,period,2020-01-02 -> 2022-12-30,rs126,12.82,0.61,-31.4,0.67,370.0
us_sectors,period,2020-01-02 -> 2022-12-30,rs252,13.8,0.64,-30.2,0.68,263.0
us_sectors,period,2020-01-02 -> 2022-12-30,rand0,5.11,0.32,-31.6,0.45,825.0
us_sectors,period,2020-01-02 -> 2022-12-30,rand1,13.9,0.65,-33.1,0.79,834.0
us_sectors,period,2020-01-02 -> 2022-12-30,rand2,7.89,0.42,-35.2,0.56,889.0
us_sectors,period,2020-01-02 -> 2022-12-30,rand3,3.89,0.28,-39.1,0.4,857.0
us_sectors,period,2020-01-02 -> 2022-12-30,rand4,9.56,0.49,-31.5,0.63,887.0
us_sectors,period,2020-01-02 -> 2022-12-30,rand5,-3.21,0.01,-36.8,0.15,911.0
us_sectors,period,2020-01-02 -> 2022-12-30,rand6,0.85,0.17,-34.8,0.3,868.0
us_sectors,period,2020-01-02 -> 2022-12-30,rand7,0.64,0.16,-34.4,0.28,844.0
us_sectors,period,2020-01-02 -> 2022-12-30,equal_weight_all,8.69,0.46,-36.3,,
us_sectors,period,2020-01-02 -> 2022-12-30,benchmark SPY,7.3,0.41,-33.7,,
us_sectors,period,2023-01-03 -> 2026-09-28,live,2.94,0.27,-19.4,0.49,773.0
us_sectors,period,2023-01-03 -> 2026-09-28,optcomp_10_50_40,3.32,0.3,-17.4,0.49,658.0
us_sectors,period,2023-01-03 -> 2026-09-28,rs63,10.98,0.82,-16.2,0.96,509.0
us_sectors,period,2023-01-03 -> 2026-09-28,rs126,9.08,0.66,-18.3,0.76,385.0
us_sectors,period,2023-01-03 -> 2026-09-28,rs252,21.3,1.36,-15.6,1.43,247.0
us_sectors,period,2023-01-03 -> 2026-09-28,rand0,13.3,0.96,-14.8,1.22,901.0
us_sectors,period,2023-01-03 -> 2026-09-28,rand1,8.2,0.64,-18.8,0.89,857.0
us_sectors,period,2023-01-03 -> 2026-09-28,rand2,4.16,0.37,-13.4,0.64,892.0
us_sectors,period,2023-01-03 -> 2026-09-28,rand3,13.8,0.99,-15.2,1.24,911.0
us_sectors,period,2023-01-03 -> 2026-09-28,rand4,8.34,0.65,-18.4,0.9,849.0
us_sectors,period,2023-01-03 -> 2026-09-28,rand5,14.98,1.1,-17.0,1.36,847.0
us_sectors,period,2023-01-03 -> 2026-09-28,rand6,6.82,0.53,-17.7,0.78,884.0
us_sectors,period,2023-01-03 -> 2026-09-28,rand7,13.21,0.9,-18.2,1.11,779.0
us_sectors,period,2023-01-03 -> 2026-09-28,equal_weight_all,15.29,1.21,-15.3,,
us_sectors,period,2023-01-03 -> 2026-09-28,benchmark SPY,22.1,1.42,-18.8,,
us_subind,window,1y,live,19.94,0.82,-19.2,1.0,1138.0
us_subind,window,1y,live_rs126,39.19,1.34,-13.9,1.45,732.0
us_subind,window,1y,rs63,30.04,1.15,-12.0,1.29,921.0
us_subind,window,1y,rs126,34.5,1.21,-13.9,1.32,729.0
us_subind,window,1y,rs252,43.22,1.42,-15.5,1.51,638.0
us_subind,window,1y,rand0,-4.94,-0.23,-12.5,0.22,1837.0
us_subind,window,1y,rand1,-5.71,-0.27,-16.3,0.17,1820.0
us_subind,window,1y,rand2,15.75,0.97,-11.3,1.44,1881.0
us_subind,window,1y,rand3,15.67,0.9,-13.0,1.29,1744.0
us_subind,window,1y,rand4,4.29,0.33,-9.6,0.74,1822.0
us_subind,window,1y,rand5,15.19,0.91,-9.8,1.33,1797.0
us_subind,window,1y,rand6,30.04,1.69,-13.0,2.13,1740.0
us_subind,window,1y,rand7,11.15,0.7,-9.6,1.12,1800.0
us_subind,window,1y,equal_weight_all,18.68,1.46,-6.7,,
us_subind,window,1y,benchmark SPY,16.66,1.25,-8.9,,
us_subind,window,3y,live,23.8,1.13,-23.9,1.37,1260.0
us_subind,window,3y,live_rs126,16.47,0.78,-24.9,0.91,718.0
us_subind,window,3y,rs63,15.31,0.79,-24.8,0.97,931.0
us_subind,window,3y,rs126,11.36,0.59,-27.0,0.72,737.0
us_subind,window,3y,rs252,30.58,1.29,-24.3,1.39,557.0
us_subind,window,3y,rand0,6.67,0.43,-26.1,0.81,1799.0
us_subind,window,3y,rand1,20.14,1.13,-18.8,1.53,1781.0
us_subind,window,3y,rand2,3.11,0.26,-32.6,0.66,1755.0
us_subind,window,3y,rand3,13.84,0.78,-20.2,1.16,1767.0
us_subind,window,3y,rand4,3.92,0.31,-23.6,0.71,1727.0
us_subind,window,3y,rand5,16.62,0.98,-14.4,1.4,1786.0
us_subind,window,3y,rand6,8.88,0.56,-22.4,0.95,1793.0
us_subind,window,3y,rand7,3.78,0.29,-21.8,0.68,1781.0
us_subind,window,3y,equal_weight_all,19.31,1.24,-19.8,,
us_subind,window,3y,benchmark SPY,22.93,1.43,-18.8,,
us_subind,window,5y,live,10.49,0.56,-31.2,0.78,1193.0
us_subind,window,5y,live_rs126,16.05,0.74,-26.3,0.85,685.0
us_subind,window,5y,rs63,5.51,0.35,-29.7,0.51,902.0
us_subind,window,5y,rs126,13.03,0.64,-26.1,0.75,681.0
us_subind,window,5y,rs252,23.91,0.98,-27.1,1.06,502.0
us_subind,window,5y,rand0,6.35,0.42,-27.6,0.79,1774.0
us_subind,window,5y,rand1,5.92,0.39,-29.1,0.74,1797.0
us_subind,window,5y,rand2,-4.62,-0.16,-36.5,0.22,1785.0
us_subind,window,5y,rand3,12.03,0.66,-30.0,1.01,1821.0
us_subind,window,5y,rand4,-3.75,-0.09,-40.2,0.27,1809.0
us_subind,window,5y,rand5,4.08,0.3,-27.6,0.67,1801.0
us_subind,window,5y,rand6,1.14,0.15,-34.0,0.52,1730.0
us_subind,window,5y,rand7,8.04,0.49,-26.2,0.86,1771.0
us_subind,window,5y,equal_weight_all,12.34,0.75,-20.5,,
us_subind,window,5y,benchmark SPY,13.52,0.83,-24.5,,
us_subind,window,10y,live,14.92,0.74,-41.0,0.96,1220.0
us_subind,window,10y,live_rs126,14.77,0.7,-42.0,0.82,706.0
us_subind,window,10y,rs63,11.31,0.59,-35.7,0.76,939.0
us_subind,window,10y,rs126,13.07,0.63,-42.0,0.75,717.0
us_subind,window,10y,rs252,19.07,0.81,-42.7,0.89,475.0
us_subind,window,10y,rand0,5.9,0.37,-48.5,0.68,1800.0
us_subind,window,10y,rand1,10.9,0.6,-44.2,0.94,1778.0
us_subind,window,10y,rand2,7.69,0.45,-39.7,0.78,1782.0
us_subind,window,10y,rand3,11.59,0.59,-43.4,0.91,1802.0
us_subind,window,10y,rand4,6.69,0.41,-39.7,0.74,1781.0
us_subind,window,10y,rand5,13.48,0.69,-42.2,1.03,1804.0
us_subind,window,10y,rand6,4.64,0.32,-41.3,0.65,1775.0
us_subind,window,10y,rand7,8.96,0.5,-35.4,0.84,1801.0
us_subind,window,10y,equal_weight_all,16.87,0.89,-40.9,,
us_subind,window,10y,benchmark SPY,15.29,0.89,-33.7,,
us_subind,stagger,start 2016-09-30,live,14.92,0.74,-41.0,0.96,1220.0
us_subind,stagger,start 2016-09-30,live_rs126,14.77,0.7,-42.0,0.82,706.0
us_subind,stagger,start 2016-09-30,rs63,11.31,0.59,-35.7,0.76,939.0
us_subind,stagger,start 2016-09-30,rs126,13.07,0.63,-42.0,0.75,717.0
us_subind,stagger,start 2016-09-30,rs252,19.07,0.81,-42.7,0.89,475.0
us_subind,stagger,start 2016-09-30,rand0,5.9,0.37,-48.5,0.68,1800.0
us_subind,stagger,start 2016-09-30,rand1,10.9,0.6,-44.2,0.94,1778.0
us_subind,stagger,start 2016-09-30,rand2,7.69,0.45,-39.7,0.78,1782.0
us_subind,stagger,start 2016-09-30,rand3,11.59,0.59,-43.4,0.91,1802.0
us_subind,stagger,start 2016-09-30,rand4,6.69,0.41,-39.7,0.74,1781.0
us_subind,stagger,start 2016-09-30,rand5,13.48,0.69,-42.2,1.03,1804.0
us_subind,stagger,start 2016-09-30,rand6,4.64,0.32,-41.3,0.65,1775.0
us_subind,stagger,start 2016-09-30,rand7,8.96,0.5,-35.4,0.84,1801.0
us_subind,stagger,start 2016-09-30,equal_weight_all,16.87,0.89,-40.9,,
us_subind,stagger,start 2016-09-30,benchmark SPY,15.29,0.89,-33.7,,
us_subind,stagger,start 2016-09-08,live,11.73,0.61,-36.5,0.83,1213.0
us_subind,stagger,start 2016-09-08,live_rs126,17.32,0.79,-40.3,0.91,683.0
us_subind,stagger,start 2016-09-08,rs63,8.08,0.46,-39.1,0.63,938.0
us_subind,stagger,start 2016-09-08,rs126,15.15,0.71,-39.2,0.83,706.0
us_subind,stagger,start 2016-09-08,rs252,19.27,0.83,-39.2,0.91,515.0
us_subind,stagger,start 2016-09-08,rand0,4.95,0.33,-37.4,0.67,1777.0
us_subind,stagger,start 2016-09-08,rand1,10.6,0.59,-36.2,0.94,1794.0
us_subind,stagger,start 2016-09-08,rand2,7.51,0.45,-48.3,0.79,1780.0
us_subind,stagger,start 2016-09-08,rand3,6.91,0.41,-44.4,0.74,1781.0
us_subind,stagger,start 2016-09-08,rand4,4.41,0.31,-40.6,0.65,1784.0
us_subind,stagger,start 2016-09-08,rand5,4.17,0.3,-47.7,0.61,1763.0
us_subind,stagger,start 2016-09-08,rand6,14.28,0.72,-43.6,1.06,1801.0
us_subind,stagger,start 2016-09-08,rand7,1.31,0.17,-53.8,0.49,1776.0
us_subind,stagger,start 2016-09-08,equal_weight_all,17.4,0.91,-40.9,,
us_subind,stagger,start 2016-09-08,benchmark SPY,15.33,0.89,-33.7,,
us_subind,stagger,start 2016-08-16,live,10.38,0.54,-36.7,0.75,1230.0
us_subind,stagger,start 2016-08-16,live_rs126,18.89,0.83,-41.6,0.95,694.0
us_subind,stagger,start 2016-08-16,rs63,11.54,0.6,-37.3,0.76,910.0
us_subind,stagger,start 2016-08-16,rs126,16.77,0.76,-41.9,0.88,715.0
us_subind,stagger,start 2016-08-16,rs252,20.18,0.86,-38.7,0.94,520.0
us_subind,stagger,start 2016-08-16,rand0,2.68,0.23,-50.8,0.54,1772.0
us_subind,stagger,start 2016-08-16,rand1,11.16,0.6,-38.4,0.93,1781.0
us_subind,stagger,start 2016-08-16,rand2,8.76,0.48,-38.2,0.8,1792.0
us_subind,stagger,start 2016-08-16,rand3,7.51,0.45,-47.8,0.78,1783.0
us_subind,stagger,start 2016-08-16,rand4,8.77,0.49,-45.7,0.82,1768.0
us_subind,stagger,start 2016-08-16,rand5,7.97,0.47,-38.4,0.81,1792.0
us_subind,stagger,start 2016-08-16,rand6,9.51,0.53,-45.5,0.86,1781.0
us_subind,stagger,start 2016-08-16,rand7,5.91,0.37,-50.2,0.69,1772.0
us_subind,stagger,start 2016-08-16,equal_weight_all,17.53,0.92,-40.9,,
us_subind,stagger,start 2016-08-16,benchmark SPY,15.34,0.89,-33.7,,
us_subind,stagger,start 2016-07-25,live,11.56,0.59,-34.9,0.8,1252.0
us_subind,stagger,start 2016-07-25,live_rs126,19.15,0.86,-44.6,0.97,694.0
us_subind,stagger,start 2016-07-25,rs63,13.88,0.68,-37.6,0.84,887.0
us_subind,stagger,start 2016-07-25,rs126,17.85,0.81,-43.3,0.92,671.0
us_subind,stagger,start 2016-07-25,rs252,17.45,0.76,-42.7,0.85,544.0
us_subind,stagger,start 2016-07-25,rand0,7.03,0.42,-46.3,0.73,1775.0
us_subind,stagger,start 2016-07-25,rand1,2.55,0.23,-48.7,0.56,1796.0
us_subind,stagger,start 2016-07-25,rand2,11.64,0.61,-32.7,0.94,1778.0
us_subind,stagger,start 2016-07-25,rand3,9.35,0.52,-41.5,0.85,1815.0
us_subind,stagger,start 2016-07-25,rand4,3.03,0.25,-51.9,0.58,1804.0
us_subind,stagger,start 2016-07-25,rand5,11.8,0.61,-42.3,0.93,1784.0
us_subind,stagger,start 2016-07-25,rand6,6.08,0.38,-48.4,0.71,1770.0
us_subind,stagger,start 2016-07-25,rand7,8.69,0.49,-52.4,0.81,1809.0
us_subind,stagger,start 2016-07-25,equal_weight_all,17.2,0.9,-40.9,,
us_subind,stagger,start 2016-07-25,benchmark SPY,15.05,0.87,-33.7,,
us_subind,stagger,start 2016-06-30,live,13.55,0.68,-47.6,0.9,1233.0
us_subind,stagger,start 2016-06-30,live_rs126,15.35,0.73,-44.0,0.85,711.0
us_subind,stagger,start 2016-06-30,rs63,13.73,0.69,-38.4,0.86,920.0
us_subind,stagger,start 2016-06-30,rs126,13.4,0.66,-44.2,0.78,718.0
us_subind,stagger,start 2016-06-30,rs252,17.84,0.79,-42.9,0.87,497.0
us_subind,stagger,start 2016-06-30,rand0,14.91,0.74,-36.9,1.07,1786.0
us_subind,stagger,start 2016-06-30,rand1,9.6,0.53,-42.9,0.85,1770.0
us_subind,stagger,start 2016-06-30,rand2,4.33,0.31,-53.4,0.65,1790.0
us_subind,stagger,start 2016-06-30,rand3,7.78,0.45,-48.7,0.78,1797.0
us_subind,stagger,start 2016-06-30,rand4,3.25,0.26,-48.2,0.59,1770.0
us_subind,stagger,start 2016-06-30,rand5,9.13,0.52,-36.8,0.87,1786.0
us_subind,stagger,start 2016-06-30,rand6,5.43,0.35,-37.7,0.68,1805.0
us_subind,stagger,start 2016-06-30,rand7,9.7,0.53,-37.7,0.85,1785.0
us_subind,stagger,start 2016-06-30,equal_weight_all,17.56,0.92,-40.9,,
us_subind,stagger,start 2016-06-30,benchmark SPY,15.13,0.88,-33.7,,
us_subind,stagger,start 2016-06-08,live,14.06,0.72,-33.0,0.95,1241.0
us_subind,stagger,start 2016-06-08,live_rs126,16.72,0.78,-39.2,0.9,702.0
us_subind,stagger,start 2016-06-08,rs63,11.03,0.58,-40.6,0.75,919.0
us_subind,stagger,start 2016-06-08,rs126,15.98,0.76,-39.2,0.88,696.0
us_subind,stagger,start 2016-06-08,rs252,18.89,0.84,-41.7,0.92,532.0
us_subind,stagger,start 2016-06-08,rand0,9.78,0.54,-43.0,0.87,1779.0
us_subind,stagger,start 2016-06-08,rand1,7.28,0.44,-42.7,0.78,1780.0
us_subind,stagger,start 2016-06-08,rand2,11.09,0.6,-39.3,0.93,1798.0
us_subind,stagger,start 2016-06-08,rand3,6.9,0.42,-42.7,0.75,1794.0
us_subind,stagger,start 2016-06-08,rand4,6.65,0.41,-46.5,0.74,1770.0
us_subind,stagger,start 2016-06-08,rand5,7.38,0.43,-41.1,0.75,1802.0
us_subind,stagger,start 2016-06-08,rand6,14.11,0.71,-43.2,1.03,1770.0
us_subind,stagger,start 2016-06-08,rand7,6.24,0.38,-47.5,0.71,1781.0
us_subind,stagger,start 2016-06-08,equal_weight_all,17.04,0.89,-40.9,,
us_subind,stagger,start 2016-06-08,benchmark SPY,15.4,0.89,-33.7,,
us_subind,stagger,start 2016-05-16,live,11.8,0.6,-37.7,0.82,1253.0
us_subind,stagger,start 2016-05-16,live_rs126,15.68,0.74,-42.9,0.86,710.0
us_subind,stagger,start 2016-05-16,rs63,12.55,0.64,-38.7,0.8,900.0
us_subind,stagger,start 2016-05-16,rs126,12.51,0.62,-43.0,0.74,724.0
us_subind,stagger,start 2016-05-16,rs252,19.75,0.86,-40.0,0.95,562.0
us_subind,stagger,start 2016-05-16,rand0,4.19,0.3,-36.8,0.65,1808.0
us_subind,stagger,start 2016-05-16,rand1,9.47,0.53,-36.5,0.86,1792.0
us_subind,stagger,start 2016-05-16,rand2,11.4,0.61,-40.4,0.93,1765.0
us_subind,stagger,start 2016-05-16,rand3,5.76,0.37,-38.1,0.7,1777.0
us_subind,stagger,start 2016-05-16,rand4,5.51,0.35,-57.2,0.68,1800.0
us_subind,stagger,start 2016-05-16,rand5,10.66,0.58,-40.7,0.92,1790.0
us_subind,stagger,start 2016-05-16,rand6,5.7,0.37,-45.6,0.7,1807.0
us_subind,stagger,start 2016-05-16,rand7,10.23,0.57,-41.4,0.89,1734.0
us_subind,stagger,start 2016-05-16,equal_weight_all,17.14,0.9,-40.9,,
us_subind,stagger,start 2016-05-16,benchmark SPY,15.48,0.89,-33.7,,
us_subind,stagger,start 2016-04-22,live,13.11,0.64,-36.9,0.86,1255.0
us_subind,stagger,start 2016-04-22,live_rs126,16.73,0.78,-44.3,0.91,709.0
us_subind,stagger,start 2016-04-22,rs63,13.64,0.68,-38.8,0.83,885.0
us_subind,stagger,start 2016-04-22,rs126,14.82,0.71,-43.4,0.83,698.0
us_subind,stagger,start 2016-04-22,rs252,17.88,0.79,-43.5,0.88,528.0
us_subind,stagger,start 2016-04-22,rand0,4.25,0.3,-36.1,0.64,1823.0
us_subind,stagger,start 2016-04-22,rand1,9.82,0.53,-43.9,0.84,1802.0
us_subind,stagger,start 2016-04-22,rand2,6.7,0.41,-44.3,0.74,1788.0
us_subind,stagger,start 2016-04-22,rand3,12.12,0.62,-39.7,0.94,1788.0
us_subind,stagger,start 2016-04-22,rand4,6.66,0.41,-39.6,0.75,1768.0
us_subind,stagger,start 2016-04-22,rand5,8.16,0.48,-49.6,0.81,1778.0
us_subind,stagger,start 2016-04-22,rand6,4.21,0.3,-38.6,0.63,1807.0
us_subind,stagger,start 2016-04-22,rand7,6.77,0.41,-37.3,0.75,1804.0
us_subind,stagger,start 2016-04-22,equal_weight_all,16.92,0.89,-40.9,,
us_subind,stagger,start 2016-04-22,benchmark SPY,14.89,0.87,-33.7,,
us_subind,period,2016-09-30 -> 2019-12-31,live,4.96,0.38,-32.3,0.71,1321.0
us_subind,period,2016-09-30 -> 2019-12-31,live_rs126,12.97,0.81,-24.2,0.99,755.0
us_subind,period,2016-09-30 -> 2019-12-31,rs63,8.75,0.61,-23.8,0.86,1004.0
us_subind,period,2016-09-30 -> 2019-12-31,rs126,11.93,0.75,-24.2,0.93,755.0
us_subind,period,2016-09-30 -> 2019-12-31,rs252,15.37,0.86,-24.6,0.97,500.0
us_subind,period,2016-09-30 -> 2019-12-31,rand0,10.11,0.69,-23.5,1.15,1808.0
us_subind,period,2016-09-30 -> 2019-12-31,rand1,14.84,0.99,-26.1,1.46,1770.0
us_subind,period,2016-09-30 -> 2019-12-31,rand2,5.46,0.43,-24.6,0.92,1802.0
us_subind,period,2016-09-30 -> 2019-12-31,rand3,9.94,0.71,-25.4,1.19,1771.0
us_subind,period,2016-09-30 -> 2019-12-31,rand4,3.61,0.31,-28.6,0.8,1802.0
us_subind,period,2016-09-30 -> 2019-12-31,rand5,17.89,1.19,-23.4,1.68,1795.0
us_subind,period,2016-09-30 -> 2019-12-31,rand6,3.89,0.34,-22.0,0.82,1748.0
us_subind,period,2016-09-30 -> 2019-12-31,rand7,16.03,1.09,-20.5,1.58,1791.0
us_subind,period,2016-09-30 -> 2019-12-31,equal_weight_all,18.17,1.34,-20.4,,
us_subind,period,2016-09-30 -> 2019-12-31,benchmark SPY,15.21,1.19,-19.3,,
us_subind,period,2020-01-02 -> 2022-12-30,live,10.93,0.51,-37.8,0.67,1196.0
us_subind,period,2020-01-02 -> 2022-12-30,live_rs126,23.28,0.84,-43.5,0.93,676.0
us_subind,period,2020-01-02 -> 2022-12-30,rs63,9.84,0.47,-39.0,0.61,970.0
us_subind,period,2020-01-02 -> 2022-12-30,rs126,19.51,0.74,-41.6,0.83,682.0
us_subind,period,2020-01-02 -> 2022-12-30,rs252,13.01,0.54,-44.7,0.59,465.0
us_subind,period,2020-01-02 -> 2022-12-30,rand0,1.53,0.2,-38.1,0.44,1837.0
us_subind,period,2020-01-02 -> 2022-12-30,rand1,4.8,0.31,-32.5,0.55,1843.0
us_subind,period,2020-01-02 -> 2022-12-30,rand2,-4.05,0.01,-49.0,0.25,1771.0
us_subind,period,2020-01-02 -> 2022-12-30,rand3,1.19,0.2,-42.8,0.42,1797.0
us_subind,period,2020-01-02 -> 2022-12-30,rand4,20.09,0.74,-35.2,0.98,1817.0
us_subind,period,2020-01-02 -> 2022-12-30,rand5,-2.6,0.08,-49.5,0.31,1856.0
us_subind,period,2020-01-02 -> 2022-12-30,rand6,17.11,0.66,-38.7,0.9,1798.0
us_subind,period,2020-01-02 -> 2022-12-30,rand7,3.12,0.26,-49.7,0.48,1798.0
us_subind,period,2020-01-02 -> 2022-12-30,equal_weight_all,14.78,0.62,-40.9,,
us_subind,period,2020-01-02 -> 2022-12-30,benchmark SPY,7.3,0.41,-33.7,,
us_subind,period,2023-01-03 -> 2026-09-28,live,20.01,1.04,-22.6,1.28,1151.0
us_subind,period,2023-01-03 -> 2026-09-28,live_rs126,15.14,0.75,-25.4,0.88,706.0
us_subind,period,2023-01-03 -> 2026-09-28,rs63,13.73,0.74,-23.6,0.91,869.0
us_subind,period,2023-01-03 -> 2026-09-28,rs126,13.83,0.7,-25.0,0.83,722.0
us_subind,period,2023-01-03 -> 2026-09-28,rs252,23.86,1.05,-24.8,1.14,499.0
us_subind,period,2023-01-03 -> 2026-09-28,rand0,14.43,0.8,-24.8,1.18,1784.0
us_subind,period,2023-01-03 -> 2026-09-28,rand1,8.03,0.5,-31.0,0.88,1778.0
us_subind,period,2023-01-03 -> 2026-09-28,rand2,8.1,0.56,-19.5,1.0,1736.0
us_subind,period,2023-01-03 -> 2026-09-28,rand3,12.44,0.72,-24.0,1.11,1784.0
us_subind,period,2023-01-03 -> 2026-09-28,rand4,1.88,0.19,-26.6,0.57,1716.0
us_subind,period,2023-01-03 -> 2026-09-28,rand5,10.0,0.64,-25.0,1.05,1745.0
us_subind,period,2023-01-03 -> 2026-09-28,rand6,1.23,0.16,-26.4,0.55,1782.0
us_subind,period,2023-01-03 -> 2026-09-28,rand7,5.15,0.37,-27.7,0.76,1772.0
us_subind,period,2023-01-03 -> 2026-09-28,equal_weight_all,17.46,1.14,-19.8,,
us_subind,period,2023-01-03 -> 2026-09-28,benchmark SPY,22.1,1.42,-18.8,,
