ticker,sector,ret6m,mcapCr,visible_from,cover,low_d,eligible,alert_d,rem_alert,es_d,tc_d,ias_d,n_trades,captured,trades,reb,where_lost
STLTECH,Telecom,361.3180691628089,43825.9679232,25Mar,0.8032786885245902,2026-03-30,25Mar (+335% left),,,2026-06-03,,,2,123.25,"05Mar@174->17Mar@176 (+2%, Trailing Stop; +375% after) | 16Apr@256->11Jun@568 (+122%, Trailing Stop; +47% after)",BOUGHT held held cooldown absent absent #18/6 #79/5 #10/6,"BOUGHT, EXITED: 05Mar@174->17Mar@176 (+2%, Trailing Stop; +375% after) | 16Apr@256->11Jun@568 (+122%, Trailing Stop; +47% after)"
WELCORP,Metals & Mining,243.2960819258238,63639.6699648,25Mar,0.8032786885245902,2026-03-30,07Apr (+222% left),2026-04-02,234.46299844644855,2026-08-21,,,1,4.62,"26Aug@2307->15Sep@2413 (+5%, Trailing Stop; +17% after)",#9/2 #5/2 #19/5 #27/8 absent absent #52/6 BOUGHT held,"BOUGHT, EXITED: 26Aug@2307->15Sep@2413 (+5%, Trailing Stop; +17% after)"
CYIENTDLM,Aerospace & Defense,227.26634028085397,7005.495296,25Mar,1.0,2026-03-30,27Apr (+133% left),2026-05-04,132.44323045022776,2026-06-12,,2026-04-23,1,49.50241162344502,21Jul@623->HELD (+50%),cRS-0 #47/2 #54/5 #62/8 #74/6 BOUGHT held held held,BOUGHT & HELD: 21Jul@623->HELD (+50%)
CUPID,Consumer Goods,210.9166413934909,38242.1499904,02Jul,0.4754098360655737,2026-07-02,02Jul (+41% left),2026-07-02,40.58106841611997,2026-07-06,,,1,30.84,"02Jul@192->21Sep@251 (+31%, Trend Break; +7% after)",absent absent absent absent BOUGHT held held held held,"BOUGHT, EXITED: 02Jul@192->21Sep@251 (+31%, Trend Break; +7% after)"
BLISSGVS,Pharma & Healthcare,207.79409197843088,7283.105792,02Jul,0.4754098360655737,2026-07-22,02Jul (+34% left),2026-07-02,33.69379855948231,2026-07-07,,,2,-12.106576070219552,"02Jul@527->22Jul@448 (-15%, Trailing Stop; +57% after) | 15Sep@685->HELD (+3%)",absent absent absent absent BOUGHT held cooldown #44/5 BOUGHT,"BOUGHT, EXITED: 02Jul@527->22Jul@448 (-15%, Trailing Stop; +57% after) | 15Sep@685->HELD (+3%)"
HFCL,Telecom,191.79985970381423,33973.3839872,25Mar,1.0,2026-03-30,01Apr (+192% left),2026-04-01,191.52753452802668,2026-06-03,,,1,19.55,"06May@141->10Jun@169 (+20%, Trailing Stop; +25% after)",#15/2 BOUGHT held cooldown #2/6 #1/6 cRS13 #53/5 cRS10,"BOUGHT, EXITED: 06May@141->10Jun@169 (+20%, Trailing Stop; +25% after)"
FILATEX,Textiles,190.8083733103456,3659.485184,02Jul,0.4754098360655737,2026-07-02,03Jul (+91% left),2026-07-13,66.10749058932316,2026-07-03,,,1,5.46,"21Jul@71->26Aug@75 (+5%, Trailing Stop; +42% after)",absent absent absent absent cRS12 BOUGHT held held cooldown,"BOUGHT, EXITED: 21Jul@71->26Aug@75 (+5%, Trailing Stop; +42% after)"
FCL,Chemicals,190.37183216477115,6274.330624,02Jul,0.4754098360655737,2026-07-14,02Jul (+52% left),2026-07-15,55.31586939454631,2026-07-23,,,0,,,absent absent absent absent #53/6 #32/6 #33/6 #66/5 #34/6,"not in universe 4/9 rebalances; crowded out, best #32 with 6 slots on 21Jul"
DIACABS,Capital Goods,182.8984174500835,23175.2531968,25Mar,1.0,2026-03-30,20Apr (+121% left),2026-04-20,120.51505349589452,2026-06-05,,,1,20.01,"21Jul@269->03Sep@323 (+20%, Trailing Stop; +10% after)",cRS11 #22/2 #23/5 #65/8 #51/6 BOUGHT held held cooldown,"BOUGHT, EXITED: 21Jul@269->03Sep@323 (+20%, Trailing Stop; +10% after)"
AHCL,Pharma & Healthcare,178.6769238736467,1072.5972992,02Jul,0.4754098360655737,2026-08-12,02Jul (+98% left),2026-09-09,93.5503699562766,2026-09-09,,,0,,,absent absent absent absent #101/6 cRS1 <MA50/cRS <MA50/cRS #6/6,"not in universe 4/9 rebalances; crowded out, best #6 with 6 slots on 15Sep"
SHILPAMED,Pharma & Healthcare,170.639539740344,17835.106304,25Mar,0.8032786885245902,2026-03-25,27Mar (+190% left),2026-03-26,193.4984107173563,2026-06-09,,,1,85.35894141875286,12Jun@547->HELD (+85%),#21/2 #58/2 #7/5 BOUGHT absent absent held held held,BOUGHT & HELD: 12Jun@547->HELD (+85%)
BLUSPRING,Capital Goods,167.05924679736367,1872.8128512,02Jul,0.4754098360655737,2026-07-23,02Jul (+21% left),2026-07-02,21.09478898296686,2026-07-02,,,1,-10.82,"02Jul@120->07Jul@107 (-11%, Trailing Stop; +36% after)",absent absent absent absent BOUGHT cooldown #34/6 #21/5 cRS16,"BOUGHT, EXITED: 02Jul@120->07Jul@107 (-11%, Trailing Stop; +36% after)"
AKSHARCHEM,Chemicals,154.06401308015853,322.76992,02Jul,0.4754098360655737,2026-07-13,never,,,2026-08-04,,,0,,,absent absent absent absent illiq cRS4/illi illiq illiq illiq,"not in universe 4/9 rebalances; gated: cRS4/illi, illiq"
AVALON,Capital Goods,148.5456648001381,14451.2581632,25Mar,1.0,2026-03-30,09Apr (+122% left),2026-04-09,122.49295303616648,2026-06-04,,,1,8.52,"25May@1511->28Jul@1640 (+9%, Trend Break; +42% after)",#43/2 #88/2 BOUGHT held held held #30/6 #20/5 #58/6,"BOUGHT, EXITED: 25May@1511->28Jul@1640 (+9%, Trend Break; +42% after)"
OPTIEMUS,Telecom,145.88330236400932,5454.6194432,25Mar,0.8032786885245902,2026-03-30,30Apr (+82% left),2026-05-05,74.49965212628682,2026-06-04,2026-06-04,,0,,,cRS3 #67/2 cRS8 cRS8 absent absent cRS10 cRS15 #30/6,"not in universe 2/9 rebalances; crowded out, best #30 with 6 slots on 15Sep"
LLOYDSENGG,Capital Goods,138.376902134125,12351.5256832,25Mar,0.8032786885245902,2026-03-30,17Apr (+76% left),2026-04-17,76.44109838631177,2026-06-16,,2026-04-22,0,,,cRS13 #45/2 #11/5 #53/8 absent absent #46/6 <MA50/cRS <MA50/cRS,"not in universe 2/9 rebalances; crowded out, best #11 with 5 slots on 25May"
CEMPRO,Infrastructure,136.5647947832996,20736.4784128,25Mar,1.0,2026-03-30,30Apr (+54% left),2026-04-30,54.21035892939283,2026-06-04,,2026-08-14,1,0.67,"02Jul@1431->24Jul@1441 (+1%, Trailing Stop; -13% after)",cRS7 #4/2 #8/5 #1/8 BOUGHT held cooldown <MA50/cRS <MA50/cRS,"BOUGHT, EXITED: 02Jul@1431->24Jul@1441 (+1%, Trailing Stop; -13% after)"
UNIMECH,Aerospace & Defense,135.74968205634644,7831.2718336,25Mar,0.8032786885245902,2026-03-30,22Apr (+67% left),2026-04-28,49.9684747893306,2026-06-04,,,0,,,cRS9 #70/2 cRS0 #45/8 absent absent #21/6 #17/5 #71/6,"not in universe 2/9 rebalances; crowded out, best #17 with 5 slots on 26Aug"
SKYGOLD,Consumer Durables,134.9518838765267,12225.744896,25Mar,0.8032786885245902,2026-03-30,07Apr (+115% left),2026-04-06,119.78949945796114,2026-08-07,,,0,,,#27/2 #18/2 #42/5 #33/8 absent absent #28/6 #14/5 #31/6,"not in universe 2/9 rebalances; crowded out, best #14 with 5 slots on 26Aug"
JINDWORLD,Consumer Durables,131.71455705845636,4956.8641024,25Mar,0.8032786885245902,2026-03-30,27Apr (+78% left),2026-05-26,55.09120504654463,2026-06-09,2026-06-04,,0,,,cRS8 cRS13 cRS7 #77/8 absent absent #22/6 cRS-1 #2/6,"not in universe 2/9 rebalances; crowded out, best #2 with 6 slots on 15Sep"
AEGISLOG,Oil & Gas,127.490141815289,46454.849536,25Mar,1.0,2026-04-07,09Jun (+74% left),2026-06-08,80.71603790802232,2026-06-11,,2026-04-24,2,21.69,"12Jun@944->14Jul@1222 (+29%, Trailing Stop; +12% after) | 07Aug@1371->31Aug@1265 (-8%, Trend Break; +8% after)",cRS-1 cRS13 cRS7 BOUGHT held cooldown BOUGHT held #56/6,"BOUGHT, EXITED: 12Jun@944->14Jul@1222 (+29%, Trailing Stop; +12% after) | 07Aug@1371->31Aug@1265 (-8%, Trend Break; +8% after)"
SANSERA,Auto,117.84452532621314,24160.78848,25Mar,0.8032786885245902,2026-03-30,27Mar (+116% left),,,2026-06-23,,,1,-12.55,"05Mar@2234->13Mar@1953 (-13%, Trend Break; +139% after)",#37/2 #75/2 #41/5 #48/8 absent absent #11/6 #67/5 #53/6,"BOUGHT, EXITED: 05Mar@2234->13Mar@1953 (-13%, Trend Break; +139% after)"
SYRMA,Capital Goods,117.4488935789616,29042.065408,25Mar,0.8032786885245902,2026-03-30,10Apr (+99% left),2026-04-03,117.58131050934794,2026-06-09,,,1,36.7806091091764,12Jun@1267->HELD (+37%),#14/2 #41/2 cRS17 BOUGHT absent absent held held held,BOUGHT & HELD: 12Jun@1267->HELD (+37%)
ASAHISONG,Chemicals,116.88608121244292,417.9173632,02Jul,0.4754098360655737,2026-07-03,29Jul (+13% left),2026-07-27,18.50816536707369,2026-07-13,2026-07-13,,0,,,absent absent absent absent cRS9/illi cRS7/illi #16/6 #92/5 #45/6,"not in universe 4/9 rebalances; crowded out, best #16 with 6 slots on 07Aug"
EMIL,Retail,115.77756142386092,7120.1603584,25Mar,1.0,2026-03-30,27Apr (+81% left),2026-04-28,63.11201728774185,2026-06-15,2026-06-17,2026-04-28,0,,,cRS10 #52/2 cRS15 <MA50/cRS #54/6 cRS15 #17/6 #6/5 #19/6,"crowded out, best #6 with 5 slots on 26Aug"
BALAMINES,Chemicals,115.49780032434232,6822.678528,25Mar,1.0,2026-03-30,27Apr (+68% left),2026-05-04,50.43628290321196,2026-06-03,,,1,-1.49,"25May@1921->29Jun@1892 (-1%, Trailing Stop; +16% after)",cRS7 #26/2 BOUGHT held cooldown #5/6 <MA50/cRS #96/5 <MA50/cRS,"BOUGHT, EXITED: 25May@1921->29Jun@1892 (-1%, Trailing Stop; +16% after)"
ANTELOPUS,Oil & Gas,114.75743849734044,3719.4747904,02Jul,0.4754098360655737,2026-08-28,14Jul (+47% left),2026-07-14,46.61553090138575,2026-07-20,,,1,19.275850933245884,15Sep@1058->HELD (+19%),absent absent absent absent cRS7 #60/6 <MA50/cRS <MA50/cRS BOUGHT,BOUGHT & HELD: 15Sep@1058->HELD (+19%)
GANDHAR,Oil & Gas,112.08220270712096,2549.2723712,02Jul,0.4754098360655737,2026-07-03,02Jul (+40% left),2026-07-10,28.796452816384143,2026-07-10,,,2,8.52073868169876,"21Jul@227->27Jul@245 (+8%, Trailing Stop; +7% after) | 15Sep@260->HELD (+0%)",absent absent absent absent #62/6 BOUGHT cooldown #30/5 BOUGHT,"BOUGHT, EXITED: 21Jul@227->27Jul@245 (+8%, Trailing Stop; +7% after) | 15Sep@260->HELD (+0%)"
AEROFLEX,Capital Goods,109.94229558105232,6717.1098624,02Jul,0.4754098360655737,2026-07-20,02Jul (+10% left),2026-07-28,17.790726463596517,2026-08-04,,2026-07-22,0,,,absent absent absent absent #25/6 <MA50/cRS <MA50/cRS #57/5 cRS13,"not in universe 4/9 rebalances; crowded out, best #25 with 6 slots on 02Jul"
PARAS,Aerospace & Defense,106.93623280831024,10792.2546688,25Mar,0.8032786885245902,2026-03-30,17Apr (+63% left),2026-04-17,63.2577396032874,2026-06-05,,,1,12.45,"12Jun@1097->25Jun@1234 (+12%, Trailing Stop; +7% after)",cRS17 cRS16 #53/5 BOUGHT absent absent #38/6 #8/5 cRS13,"BOUGHT, EXITED: 12Jun@1097->25Jun@1234 (+12%, Trailing Stop; +7% after)"
CPPLUS,Cement & Materials,106.06456585133324,43338.1801984,02Jul,0.4754098360655737,2026-07-30,02Jul (+6% left),2026-07-07,3.797218938242408,2026-09-23,,,0,,,absent absent absent absent #32/6 #50/6 #84/6 <MA50/cRS cRS10,"not in universe 4/9 rebalances; crowded out, best #32 with 6 slots on 02Jul"
CUBEXTUB,Metals & Mining,105.89667360885826,107.5068672,02Jul,0.4754098360655737,2026-09-15,24Sep (+10% left),2026-09-23,20.998255836245484,2026-09-17,2026-08-13,,0,,,absent absent absent absent <MA50/cRS <MA50/cRS <MA50/cRS <MA50/cRS <MA50/cRS,not in universe 4/9 rebalances; gated: <MA50/cRS
REDINGTON,Capital Goods,105.57866547779692,29625.3423616,25Mar,0.8032786885245902,2026-03-30,19Jun (+45% left),2026-06-18,49.75179260893548,2026-06-09,,2026-05-04,1,14.766802874453976,07Aug@355->HELD (+15%),<MA50/cRS <MA50/cRS cRS-1 cRS3 absent absent BOUGHT held held,BOUGHT & HELD: 07Aug@355->HELD (+15%)
ORCHPHARMA,Pharma & Healthcare,105.06451943892787,5012.0617984,25Mar,0.8032786885245902,2026-03-30,11May (+48% left),2026-05-12,50.27164671051472,2026-06-12,,,1,4.95,"12Jun@917->23Jul@962 (+5%, Trailing Stop; +11% after)",<MA50/cRS cRS9 #75/5 BOUGHT absent absent cooldown <MA50/cRS <MA50/cRS,"BOUGHT, EXITED: 12Jun@917->23Jul@962 (+5%, Trailing Stop; +11% after)"
EMAMIPAP,Cement & Materials,103.08357429528368,683.6392448,02Jul,0.4754098360655737,2026-07-06,23Jul (+-9% left),2026-07-23,-8.959958702325821,2026-07-20,,,0,,,absent absent absent absent cRS10/ill illiq #25/6 #74/5 #50/6,"not in universe 4/9 rebalances; crowded out, best #25 with 6 slots on 07Aug"
APOLLO,Aerospace & Defense,102.19814278428872,14366.0384256,02Jul,0.4754098360655737,2026-09-16,02Jul (+-10% left),2026-07-03,-12.09865434873556,2026-07-02,,,0,,,absent absent absent absent #9/6 <MA50/cRS <MA50/cRS <MA50/cRS <MA50/cRS,"not in universe 4/9 rebalances; crowded out, best #9 with 6 slots on 02Jul"
NEOGEN,Chemicals,101.78875213966494,6325.9881472,25Mar,0.8032786885245902,2026-03-30,16Apr (+59% left),,,2026-06-30,,,0,,,#61/2 #25/2 #64/5 #31/8 absent absent cRS8 cRS9 cRS14,"not in universe 2/9 rebalances; crowded out, best #25 with 2 slots on 06May"
MARKSANS,Pharma & Healthcare,101.07115420284477,14177.2275712,25Mar,0.8032786885245902,2026-03-30,07May (+66% left),2026-05-15,62.42468653026332,2026-06-09,,2026-05-07,0,,,cRS5 cRS15 #72/5 #20/8 absent absent cRS13 #38/5 cRS16,"not in universe 2/9 rebalances; crowded out, best #20 with 8 slots on 12Jun"
CONFIPET,Oil & Gas,100.73103270252416,2860.5954048,02Jul,0.4754098360655737,2026-08-18,13Jul (+17% left),2026-07-20,15.15783821979766,2026-07-10,,,0,,,absent absent absent absent cRS16 #49/6 #63/6 cRS8 #33/6,"not in universe 4/9 rebalances; crowded out, best #33 with 6 slots on 15Sep"
AEQUS,Aerospace & Defense,100.18712531176172,14506.3297024,02Jul,0.4754098360655737,2026-09-16,02Jul (+7% left),2026-07-03,4.020462945699599,2026-07-07,,,0,,,absent absent absent absent #14/6 cRS12 cRS12 cRS16 <MA50/cRS,"not in universe 4/9 rebalances; crowded out, best #14 with 6 slots on 02Jul"
BLSE,Capital Goods,99.49599136049504,2811.183104,02Jul,0.4754098360655737,2026-07-02,02Jul (+28% left),2026-07-07,21.49514760340237,2026-07-03,,,0,,,absent absent absent absent #56/6 #20/6 #15/6 #63/5 #82/6,"not in universe 4/9 rebalances; crowded out, best #15 with 6 slots on 07Aug"
GHCLTEXTIL,Textiles,98.92590456414742,1143.3971712,02Jul,0.4754098360655737,2026-07-02,02Jul (+34% left),2026-07-16,21.195221811296715,2026-07-02,,,0,,,absent absent absent absent #110/6 #25/6 #55/6 #122/5 <MA50/cRS,"not in universe 4/9 rebalances; crowded out, best #25 with 6 slots on 21Jul"
QUESS,Capital Goods,97.83756069180914,5110.4923648,25Mar,0.8032786885245902,2026-03-30,05May (+53% left),2026-06-05,44.62686941431606,2026-06-05,2026-06-05,2026-05-05,0,,,cRS1 cRS15 cRS8 #70/8 absent absent #65/6 #10/5 #51/6,"not in universe 2/9 rebalances; crowded out, best #10 with 5 slots on 26Aug"
CNL,IT & Technology,95.75869584635414,1604.6818304,02Jul,0.4754098360655737,2026-07-02,02Jul (+49% left),2026-07-13,16.979117082645413,2026-07-13,,,1,-2.74,"07Aug@1117->10Sep@1086 (-3%, Trailing Stop; +1% after)",absent absent absent absent #98/6 #10/6 BOUGHT held cooldown,"BOUGHT, EXITED: 07Aug@1117->10Sep@1086 (-3%, Trailing Stop; +1% after)"
WELSPUNLIV,Textiles,94.2917681611149,19115.7354496,25Mar,0.8032786885245902,2026-03-30,03Jun (+54% left),2026-06-02,56.40793085679168,2026-06-15,,,0,,,<MA50/cRS cRS8 cRS6 cRS8 absent absent cRS7 #55/5 #16/6,"not in universe 2/9 rebalances; crowded out, best #16 with 6 slots on 15Sep"
ATHERENERG,Auto,94.150836353032,62131.2933888,25Mar,1.0,2026-03-30,25Mar (+93% left),,,2026-06-03,,,0,,,#20/2 #60/2 cRS16 #57/8 #72/6 #12/6 #13/6 #23/5 #20/6,"crowded out, best #12 with 6 slots on 21Jul"
LAURUSLABS,Pharma & Healthcare,93.39604153957954,104112.7571456,25Mar,0.8032786885245902,2026-03-30,07May (+66% left),2026-05-12,58.28075709779179,,,,0,,,cRS7 cRS13 #36/5 cRS16 absent absent #26/6 #106/5 #41/6,"not in universe 2/9 rebalances; crowded out, best #26 with 6 slots on 07Aug"
SUNFLAG,Metals & Mining,93.23527568150752,5975.1759872,25Mar,0.8032786885245902,2026-03-30,17Apr (+50% left),2026-04-22,38.121823650897845,2026-09-23,,,1,-9.83,"25May@388->08Jun@350 (-10%, Trailing Stop; +17% after)",cRS16 #3/2 BOUGHT cooldown absent absent cRS9 <MA50/cRS <MA50/cRS,"BOUGHT, EXITED: 25May@388->08Jun@350 (-10%, Trailing Stop; +17% after)"
MSTCLTD,Capital Goods,93.00237474998656,4936.448,25Mar,0.8032786885245902,2026-03-30,04Jun (+39% left),2026-06-04,39.28739076675167,2026-06-04,,,0,,,cRS8 cRS3 cRS-1 #21/8 absent absent <MA50/cRS #15/5 cRS10,"not in universe 2/9 rebalances; crowded out, best #15 with 5 slots on 26Aug"
EXICOM,Capital Goods,92.18098596699552,2342.5206272,02Jul,0.4754098360655737,2026-08-12,02Jul (+-6% left),2026-07-03,-9.561257517463028,2026-07-10,,,0,,,absent absent absent absent #13/6 #43/6 <MA50/cRS <MA50/cRS cRS10,"not in universe 4/9 rebalances; crowded out, best #13 with 6 slots on 02Jul"
RAIN,Metals & Mining,91.8348509076254,6617.2649472,25Mar,0.8032786885245902,2026-03-30,11May (+34% left),2026-05-25,22.55559621383152,2026-06-09,,,0,,,<MA50/cRS cRS1 #17/5 #10/8 absent absent #83/6 <MA50/cRS <MA50/cRS,"not in universe 2/9 rebalances; crowded out, best #10 with 8 slots on 12Jun"
CTE,IT & Technology,91.7953215523075,76.92608,02Jul,0.4754098360655737,2026-07-10,never,,,2026-07-30,2026-07-22,,0,,,absent absent absent absent cRS12/ill <MA50/cRS illiq illiq illiq,"not in universe 4/9 rebalances; gated: <MA50/cRS, cRS12/ill, illiq"
MTARTECH,Capital Goods,91.47518628628352,21368.6878208,25Mar,0.8032786885245902,2026-03-30,25Mar (+94% left),,,2026-06-09,,,1,12.46,"06May@6286->01Jun@7070 (+12%, Trailing Stop; -2% after)",#3/2 BOUGHT held cooldown absent absent cRS7 cRS10 cRS-2,"BOUGHT, EXITED: 06May@6286->01Jun@7070 (+12%, Trailing Stop; -2% after)"
ESAFSFB,Banking,91.08337060727328,2011.4384896,02Jul,0.4754098360655737,2026-07-02,02Jul (+28% left),2026-07-10,19.955221411563294,2026-07-24,,,0,,,absent absent absent absent #69/6 #38/6 #56/6 #29/5 <MA50/cRS,"not in universe 4/9 rebalances; crowded out, best #29 with 5 slots on 26Aug"
RRKABEL,Capital Goods,90.10525079096423,26933.8148864,25Mar,0.8032786885245902,2026-03-30,29Apr (+55% left),2026-05-04,42.42339166449553,2026-06-03,,,0,,,cRS1 #36/2 #6/5 #51/8 absent absent #24/6 #116/5 <MA50/cRS,"not in universe 2/9 rebalances; crowded out, best #6 with 5 slots on 25May"
ADOR,Capital Goods,89.868454779408,2694.3039488,02Jul,0.4754098360655737,2026-07-02,02Jul (+27% left),2026-07-15,20.30389961198433,2026-07-20,,,0,,,absent absent absent absent #84/6 #14/6 #39/6 cRS16 #66/6,"not in universe 4/9 rebalances; crowded out, best #14 with 6 slots on 21Jul"
ASIANENE,Oil & Gas,89.1559497651083,2357.8966016,02Jul,0.4754098360655737,2026-07-06,31Jul (+22% left),2026-07-30,24.346717654557047,2026-07-14,,,0,,,absent absent absent absent cRS8 <MA50/cRS #27/6 #54/5 #25/6,"not in universe 4/9 rebalances; crowded out, best #25 with 6 slots on 15Sep"
CAPLIPOINT,Pharma & Healthcare,89.06823421265338,19539.566592,25Mar,1.0,2026-03-30,14May (+40% left),2026-05-14,40.08795818046498,2026-06-09,,,0,,,cRS3 cRS10 #62/5 #26/8 #30/6 #41/6 cRS14 <MA50/cRS <MA50/cRS,"crowded out, best #26 with 8 slots on 12Jun"
DIVGIITTS,Auto,88.0307763904805,3383.3893888,02Jul,0.4754098360655737,2026-07-17,02Jul (+18% left),2026-07-22,21.52404753035864,2026-07-03,,,0,,,absent absent absent absent #39/6 cRS14 #68/6 #39/5 cRS10,"not in universe 4/9 rebalances; crowded out, best #39 with 6 slots on 02Jul"
ELLEN,Chemicals,86.55394232636552,5004.6230528,02Jul,0.4754098360655737,2026-07-30,13Aug (+9% left),2026-08-13,9.347181008902083,2026-07-10,2026-07-10,2026-08-10,0,,,absent absent absent absent <MA50/cRS cRS8 cRS4 cRS16 #64/6,"not in universe 4/9 rebalances; crowded out, best #64 with 6 slots on 15Sep"
INNOVACAP,Pharma & Healthcare,85.69254842865766,6524.2140672,25Mar,0.8032786885245902,2026-03-27,04May (+52% left),2026-04-03,81.85689948892676,2026-06-09,,,0,,,cRS4 #78/2 #51/5 #81/8 absent absent <MA50/cRS cRS11 #75/6,"not in universe 2/9 rebalances; crowded out, best #51 with 5 slots on 25May"
COMSYN,Capital Goods,85.17374019057148,1169.0299392,02Jul,0.4754098360655737,2026-07-27,02Jul (+51% left),2026-07-20,35.108672607363566,2026-07-02,,,1,-2.033109551289969,26Aug@289->HELD (-2%),absent absent absent absent #126/6 cRS14 #31/6 BOUGHT held,BOUGHT & HELD: 26Aug@289->HELD (-2%)
EBGNG,IT & Technology,84.52627845129788,7655.3035776,02Jul,0.4754098360655737,2026-08-04,02Jul (+-1% left),2026-07-02,-0.8668593020671245,2026-07-24,,,0,,,absent absent absent absent #5/6 #65/6 <MA50/cRS cRS11 #12/6,"not in universe 4/9 rebalances; crowded out, best #5 with 6 slots on 02Jul"
FINCABLES,Capital Goods,84.20066320404248,20492.3437056,25Mar,1.0,2026-03-30,22Apr (+50% left),,,2026-06-29,,,1,-7.95,"05Mar@918->16Mar@845 (-8%, Trailing Stop; +73% after)",cRS11 #38/2 #60/5 cRS5 #113/6 <MA50/cRS <MA50/cRS #97/5 #84/6,"BOUGHT, EXITED: 05Mar@918->16Mar@845 (-8%, Trailing Stop; +73% after)"
HIRECT,Capital Goods,83.9371501106928,4141.5114752,02Jul,0.4754098360655737,2026-07-13,02Jul (+6% left),2026-07-15,-4.766015671006397,2026-07-15,,,0,,,absent absent absent absent #80/6 #28/6 #19/6 cRS1 <MA50/cRS,"not in universe 4/9 rebalances; crowded out, best #19 with 6 slots on 07Aug"
PGIL,Consumer Durables,83.90259231518321,10544.377856,25Mar,0.8032786885245902,2026-09-21,23Jun (+-30% left),2026-06-22,-29.250506995318982,2026-06-18,,,1,-51.8,"07Aug@2464->11Sep@1188 (-52%, Trailing Stop; +12% after)",cRS8 cRS3 cRS5 cRS7 absent absent BOUGHT held cooldown,"BOUGHT, EXITED: 07Aug@2464->11Sep@1188 (-52%, Trailing Stop; +12% after)"
GRWRHITECH,Chemicals,83.5818502809843,15341.510656,25Mar,1.0,2026-03-30,22Apr (+64% left),2026-04-15,65.39218372481133,2026-06-09,,,0,,,cRS13 #10/2 #13/5 #29/8 #15/6 #30/6 cRS14 cRS6 <MA50/cRS,"crowded out, best #10 with 2 slots on 06May"
APARINDS,Capital Goods,82.49236199099741,69298.716672,25Mar,1.0,2026-04-01,27Mar (+68% left),2026-03-27,67.57164404223228,2026-06-12,,,1,-4.09,"12Jun@15221->01Jul@14598 (-4%, Trailing Stop; +22% after)",#24/2 #32/2 cRS16 BOUGHT cooldown cooldown #57/6 #52/5 cRS3,"BOUGHT, EXITED: 12Jun@15221->01Jul@14598 (-4%, Trailing Stop; +22% after)"
ICIL,Textiles,81.63689051661113,8458.9010944,25Mar,1.0,2026-04-13,04May (+51% left),2026-06-01,33.15907393577297,2026-06-09,,,0,,,cRS9 cRS15 cRS13 #36/8 #16/6 #44/6 #76/6 cRS15 #68/6,"crowded out, best #16 with 6 slots on 02Jul"
GANESHBE,Chemicals,81.5709141975774,902.3874048,02Jul,0.4754098360655737,2026-07-14,28Jul (+5% left),2026-07-28,4.730646232202518,2026-07-15,,,0,,,absent absent absent absent cRS14 cRS4 #36/6 cRS10 #83/6,"not in universe 4/9 rebalances; crowded out, best #36 with 6 slots on 07Aug"
ASTRAMICRO,Telecom,81.09546211516519,15132.336128,25Mar,1.0,2026-03-30,22Apr (+44% left),2026-04-24,44.37375078211903,2026-06-04,,,1,-7.26,"02Jul@1796->12Aug@1665 (-7%, Trend Break; -3% after)",cRS8 cRS10 #46/5 #23/8 BOUGHT held held <MA50/cRS <MA50/cRS,"BOUGHT, EXITED: 02Jul@1796->12Aug@1665 (-7%, Trend Break; -3% after)"
AEROENTER,Metals & Mining,80.78056953299384,1323.2289792,02Jul,0.4754098360655737,2026-09-16,02Jul (+-8% left),2026-07-02,-8.063808437254183,2026-07-10,,,0,,,absent absent absent absent #8/6 cRS4 cRS11 #33/5 <MA50/cRS,"not in universe 4/9 rebalances; crowded out, best #8 with 6 slots on 02Jul"
GREAVESCOT,Capital Goods,80.2227228883346,4359.2204288,25Mar,1.0,2026-03-30,04May (+40% left),2026-06-01,30.072021484375,2026-06-05,2026-06-05,2026-05-29,0,,,cRS3 cRS15 cRS10 #100/8 #20/6 #17/6 <MA50/cRS <MA50/cRS <MA50/cRS,"crowded out, best #17 with 6 slots on 21Jul"
BETA,Pharma & Healthcare,80.19232756558856,2125.105152,02Jul,0.4754098360655737,2026-09-18,02Jul (+-3% left),2026-07-07,1.4305713195048586,2026-07-10,,,1,-14.87,"21Jul@2478->28Jul@2110 (-15%, Trailing Stop; -1% after)",absent absent absent absent #10/6 BOUGHT cooldown <MA50 <MA50/cRS,"BOUGHT, EXITED: 21Jul@2478->28Jul@2110 (-15%, Trailing Stop; -1% after)"
MAXESTATES,Real Estate,79.84274471217073,9306.0595712,25Mar,0.8032786885245902,2026-03-30,04May (+47% left),2026-06-02,33.50921069018018,2026-06-16,,,0,,,cRS-0 cRS15 cRS11 cRS8 absent absent <MA50/cRS #27/5 #23/6,"not in universe 2/9 rebalances; crowded out, best #23 with 6 slots on 15Sep"
VARROC,Auto,78.97959825908738,12774.0239872,25Mar,0.8032786885245902,2026-03-30,16Jun (+34% left),2026-06-16,34.00481149051966,2026-06-16,,,0,,,cRS2 cRS4 cRS12 cRS7 absent absent #20/6 #36/5 #77/6,"not in universe 2/9 rebalances; crowded out, best #20 with 6 slots on 07Aug"
ALMONDZ,Financial Services,78.76253421884705,294.5312,02Jul,0.4754098360655737,2026-07-28,never,,,2026-07-29,2026-07-29,2026-08-27,0,,,absent absent absent absent <MA50/cRS <MA50/cRS cRS-0/ill cRS12/ill illiq,"not in universe 4/9 rebalances; gated: <MA50/cRS, cRS-0/ill, cRS12/ill, illiq"
WOCKPHARMA,Pharma & Healthcare,78.73147217512333,33540.0108032,25Mar,0.8032786885245902,2026-03-30,06May (+32% left),2026-05-06,31.95876857453841,2026-06-03,,2026-04-22,0,,,cRS2 #51/2 #93/5 #18/8 absent absent cRS15 <MA50/cRS cRS8,"not in universe 2/9 rebalances; crowded out, best #18 with 8 slots on 12Jun"
GMMPFAUDLR,Capital Goods,78.63022612939386,6060.2339328,25Mar,1.0,2026-06-11,06Aug (+50% left),2026-08-06,49.74878885458638,2026-07-31,2026-07-31,2026-08-06,1,11.661717445984788,15Sep@1348->HELD (+12%),cRS-2 cRS-2 <MA50/cRS <MA50/cRS <MA50/cRS cRS-6 #74/6 #50/5 BOUGHT,BOUGHT & HELD: 15Sep@1348->HELD (+12%)
ABDL,Consumer Goods,78.50300626515379,17666.4920064,25Mar,1.0,2026-03-27,17Apr (+25% left),2026-04-17,24.616589019339276,2026-06-03,,,0,,,cRS14 #112/2 cRS2 #56/8 #40/6 cRS4 <MA50/cRS <MA50/cRS cRS8,"crowded out, best #40 with 6 slots on 02Jul"
LLOYDSENT,Metals & Mining,78.03504829107337,10325.5973888,25Mar,0.8032786885245902,2026-03-30,09Apr (+30% left),2026-04-08,35.14842776750689,2026-06-17,,,0,,,#58/2 #46/2 cRS15 cRS11 absent absent cRS12 <MA50/cRS <MA50/cRS,"not in universe 2/9 rebalances; crowded out, best #46 with 2 slots on 06May"
AZAD,Capital Goods,77.75461567695613,17468.7158272,25Mar,1.0,2026-03-25,16Apr (+47% left),2026-04-15,48.55151383140928,2026-08-13,,,0,,,#55/2 #15/2 cRS10 cRS12 <MA50/cRS cRS12 cRS6 #58/5 cRS13,"crowded out, best #15 with 2 slots on 06May"
EPACKPEB,Infrastructure,76.82496024215259,2226.5616384,02Jul,0.4754098360655737,2026-09-15,02Jul (+-5% left),2026-07-14,-11.013597503966457,2026-07-02,2026-07-02,2026-08-05,0,,,absent absent absent absent #19/6 cRS7 cRS5 <MA50/cRS <MA50/cRS,"not in universe 4/9 rebalances; crowded out, best #19 with 6 slots on 02Jul"
AKUMS,Pharma & Healthcare,76.66278870503382,11722.2596608,25Mar,1.0,2026-03-30,01Apr (+65% left),2026-03-25,66.01843164042718,2026-06-10,,,0,,,cRS17 cRS14 cRS4 #75/8 #86/6 #47/6 cRS15 #47/5 #65/6,"crowded out, best #47 with 6 slots on 21Jul"
GKSL,Pharma & Healthcare,75.66608516434292,1368.712192,02Jul,0.4754098360655737,2026-07-28,19Aug (+13% left),2026-08-18,16.004173251962015,2026-08-17,,,0,,,absent absent absent absent <MA50/cRS <MA50/cRS cRS-2 cRS13 #14/6,"not in universe 4/9 rebalances; crowded out, best #14 with 6 slots on 15Sep"
DYCL,Capital Goods,75.6156907488404,2096.3207168,02Jul,0.4754098360655737,2026-07-07,02Jul (+25% left),2026-07-20,2.535624864138053,2026-07-14,,2026-07-14,0,,,absent absent absent absent #103/6 #61/6 cRS13 #48/5 cRS14,"not in universe 4/9 rebalances; crowded out, best #48 with 5 slots on 26Aug"
APCOTEXIND,Chemicals,75.15855432663338,2989.8989568,02Jul,0.4754098360655737,2026-07-10,02Jul (+15% left),2026-07-21,7.361637903289009,2026-07-27,,,0,,,absent absent absent absent #96/6 #56/6 #75/6 cRS12 <MA50/cRS,"not in universe 4/9 rebalances; crowded out, best #56 with 6 slots on 21Jul"
EMUDHRA,IT & Technology,75.14922315453548,4863.9504384,25Mar,1.0,2026-03-30,07Aug (+21% left),2026-08-06,20.98685654638608,2026-08-04,2026-08-04,2026-07-10,0,,,cRS6 cRS9 cRS3 <MA50/cRS <MA50/cRS cRS-2 #91/6 cRS15 #40/6,"crowded out, best #40 with 6 slots on 15Sep"
DEEPINDS,Oil & Gas,75.07579980888448,4674.56,02Jul,0.4754098360655737,2026-07-07,31Jul (+31% left),2026-07-29,43.86222959497881,2026-07-24,,,0,,,absent absent absent absent <MA50/cRS <MA50/cRS #12/6 #28/5 #26/6,"not in universe 4/9 rebalances; crowded out, best #12 with 6 slots on 07Aug"
AMAGI,IT & Technology,74.88987850174496,12318.3398912,02Jul,0.4754098360655737,2026-07-06,02Jul (+7% left),2026-07-07,7.799630040086614,2026-07-16,,,0,,,absent absent absent absent #29/6 #23/6 #29/6 <MA50/cRS <MA50/cRS,"not in universe 4/9 rebalances; crowded out, best #23 with 6 slots on 21Jul"
HAPPYFORGE,Capital Goods,74.55802336143054,19581.6292352,02Jul,0.4754098360655737,2026-07-07,14Jul (+30% left),2026-07-24,27.73135252243888,2026-08-05,,,0,,,absent absent absent absent cRS13 cRS10 #37/6 #12/5 #48/6,"not in universe 4/9 rebalances; crowded out, best #12 with 5 slots on 26Aug"
TDPOWERSYS,Capital Goods,74.42242927109119,22668.7451136,25Mar,0.8032786885245902,2026-09-16,25Mar (+-15% left),,,2026-06-03,,,0,,,#16/2 #13/2 #20/5 #78/8 absent absent cRS10 #118/5 cRS10,"not in universe 2/9 rebalances; crowded out, best #13 with 2 slots on 06May"
HESTERBIO,Pharma & Healthcare,74.12244597499155,,02Jul,0.4754098360655737,2026-07-10,02Jul (+1% left),2026-07-13,-14.227901676080544,2026-07-13,,,0,,,absent absent absent absent #77/6 #13/6 #47/6 cRS3 <MA50/cRS,"not in universe 4/9 rebalances; crowded out, best #13 with 6 slots on 21Jul"
CENTUM,Capital Goods,73.98438085294558,5920.4542464,02Jul,0.4754098360655737,2026-08-25,07Sep (+10% left),2026-08-03,30.62150971542228,2026-09-07,,,0,,,absent absent absent absent cRS11 cRS12 cRS16 <MA50/cRS cRS15,"not in universe 4/9 rebalances; gated: <MA50/cRS, cRS11, cRS12, cRS15, cRS16"
NEULANDLAB,Pharma & Healthcare,73.87184466260406,28989.1352576,25Mar,0.8032786885245902,2026-03-30,04May (+36% left),2026-05-05,35.090101209577874,2026-06-23,,,0,,,cRS12 #68/2 #59/5 cRS16 absent absent #53/6 #42/5 #88/6,"not in universe 2/9 rebalances; crowded out, best #42 with 5 slots on 26Aug"
SPARC,Pharma & Healthcare,73.71614543246889,6101.0059264,25Mar,0.8032786885245902,2026-03-30,09Apr (+43% left),2026-04-09,43.01840531693087,2026-05-19,,2026-05-06,1,-15.72,"25May@233->01Jun@196 (-16%, Trailing Stop; +6% after)",#47/2 #89/2 BOUGHT cooldown absent absent <MA50/cRS <MA50/cRS <MA50/cRS,"BOUGHT, EXITED: 25May@233->01Jun@196 (-16%, Trailing Stop; +6% after)"
INOXINDIA,Capital Goods,73.43136616871853,18119.0279168,25Mar,0.8032786885245902,2026-03-30,25Mar (+74% left),,,2026-06-05,,,0,,,#23/2 #76/2 cRS11 #13/8 absent absent cRS12 <MA50/cRS <MA50/cRS,"not in universe 2/9 rebalances; crowded out, best #13 with 8 slots on 12Jun"
AYE,Financial Services,73.42388611159105,4334.8475904,02Jul,0.4754098360655737,2026-07-30,02Jul (+-9% left),2026-07-06,-4.099770642201839,2026-07-02,,,0,,,absent absent absent absent #12/6 #35/6 cRS10 cRS12 cRS9,"not in universe 4/9 rebalances; crowded out, best #12 with 6 slots on 02Jul"
BLUESTONE,Consumer Durables,73.2419990082032,12658.479104,02Jul,0.4754098360655737,2026-07-03,15Jul (+29% left),2026-07-21,11.068412515332303,2026-07-21,,,0,,,absent absent absent absent cRS13 #11/6 #1/6 #37/5 #27/6,"not in universe 4/9 rebalances; crowded out, best #1 with 6 slots on 07Aug"
WELENT,Capital Goods,72.75353277707764,10002.874368,25Mar,0.8032786885245902,2026-03-30,10Jun (+36% left),2026-06-09,39.56714761376248,2026-06-04,,,0,,,<MA50/cRS cRS13 cRS3 cRS10 absent absent cRS4 #64/5 #13/6,"not in universe 2/9 rebalances; crowded out, best #13 with 6 slots on 15Sep"
RATEGAIN,IT & Technology,72.5737538899335,10405.462016,25Mar,0.8032786885245902,2026-03-30,19May (+23% left),2026-05-19,22.884501187648443,2026-06-10,,,0,,,cRS4 cRS15 #33/5 #16/8 absent absent #72/6 cRS10 <MA50/cRS,"not in universe 2/9 rebalances; crowded out, best #16 with 8 slots on 12Jun"
GLAND,Pharma & Healthcare,72.28833892302944,47766.093824,25Mar,1.0,2026-04-02,18May (+35% left),2026-05-18,35.268475895941535,2026-05-18,,,0,,,<MA50/cRS cRS2 #15/5 #52/8 #109/6 #39/6 cRS17 #84/5 cRS16,"crowded out, best #15 with 5 slots on 25May"
AVTNPL,Chemicals,71.76143982607921,1313.2972032,02Jul,0.4754098360655737,2026-07-21,17Aug (+5% left),2026-08-17,5.085132611866849,2026-08-14,,,0,,,absent absent absent absent cRS7/illi <MA50/cRS cRS3/illi #103/5 #46/6,"not in universe 4/9 rebalances; crowded out, best #46 with 6 slots on 15Sep"
AEGISVOPAK,Oil & Gas,71.38789300118196,33461.3446656,25Mar,1.0,2026-03-30,15Jun (+24% left),2026-06-15,24.08822133022572,2026-06-12,2026-06-12,2026-06-12,0,,,<MA50/cRS cRS3 cRS6 cRS11 #83/6 #22/6 cRS16 <MA50/cRS #44/6,"crowded out, best #22 with 6 slots on 21Jul"
VIJAYA,Pharma & Healthcare,71.35263767767452,14869.7792512,25Mar,0.8032786885245902,2026-03-30,27Apr (+36% left),2026-05-05,28.75127386746663,2026-06-04,,,0,,,cRS6 #62/2 #90/5 cRS14 absent absent cRS-1 cRS8 cRS7,"not in universe 2/9 rebalances; crowded out, best #62 with 2 slots on 06May"
PCJEWELLER,Consumer Durables,71.0302988688151,12570.5019392,25Mar,0.8032786885245902,2026-03-30,24Aug (+27% left),2026-08-24,26.888486121198277,2026-08-21,2026-08-21,2026-05-25,0,,,cRS2 cRS1 cRS-4 <MA50/cRS absent absent cRS4 #112/5 #5/6,"not in universe 2/9 rebalances; crowded out, best #5 with 6 slots on 15Sep"
CARTRADE,Retail,70.97142587053818,14636.5661184,25Mar,1.0,2026-04-30,03Jun (+53% left),2026-06-03,53.061125434890656,2026-06-03,2026-06-03,2026-05-06,0,,,<MA50/cRS cRS-12 cRS1 #22/8 #18/6 #27/6 #86/6 #19/5 #62/6,"crowded out, best #18 with 6 slots on 02Jul"
DOLPHIN,Oil & Gas,70.64664311569734,2604.4981248,02Jul,0.4754098360655737,2026-07-07,12Aug (+39% left),2026-08-12,39.0613962186773,2026-08-12,2026-07-23,,1,12.090332986634822,26Aug@613->HELD (+12%),absent absent absent absent <MA50/cRS <MA50/cRS cRS2/illi BOUGHT held,BOUGHT & HELD: 26Aug@613->HELD (+12%)
LODHA,Real Estate,70.58332731576776,106397.2962304,25Mar,0.8032786885245902,2026-03-30,04May (+26% left),2026-06-26,22.961633859306563,,2026-06-12,2026-04-22,0,,,<MA50/cRS cRS14 cRS0 cRS3 absent absent cRS15 cRS12 <MA50/cRS,"not in universe 2/9 rebalances; gated: <MA50/cRS, cRS0, cRS12, cRS14, cRS15, cR"
63MOONS,IT & Technology,70.46201623737994,3981.1854336,02Jul,0.4754098360655737,2026-07-03,30Jul (+1% left),2026-07-30,1.2155572566309614,2026-07-06,2026-07-06,2026-07-13,0,,,absent absent absent absent <MA50/cRS cRS6 #49/6 cRS11 #59/6,"not in universe 4/9 rebalances; crowded out, best #49 with 6 slots on 07Aug"
3IINFOLTD,IT & Technology,70.27972067613241,497.5616,02Jul,0.4754098360655737,2026-07-02,30Jul (+8% left),2026-07-28,10.83295576454133,2026-07-22,,,1,-10.24,"07Aug@26->19Aug@23 (-10%, Trailing Stop; +5% after)",absent absent absent absent cRS4/illi cRS9/illi BOUGHT cooldown cRS14,"BOUGHT, EXITED: 07Aug@26->19Aug@23 (-10%, Trailing Stop; +5% after)"
RADICO,Consumer Goods,70.16434738105148,58416.3262464,25Mar,0.8032786885245902,2026-04-02,20Apr (+36% left),2026-05-11,30.58715928751039,,,,0,,,cRS5 #144/2 #73/5 cRS10 absent absent cRS16 cRS15 <MA50/cRS,"not in universe 2/9 rebalances; crowded out, best #73 with 5 slots on 25May"
AKI,Consumer Durables,69.13265268885063,60.2722752,02Jul,0.4754098360655737,2026-08-04,never,,,2026-09-01,,,0,,,absent absent absent absent <MA50/cRS <MA50/cRS <MA50/cRS <MA50/cRS illiq,"not in universe 4/9 rebalances; gated: <MA50/cRS, illiq"
GUJTHEM,Pharma & Healthcare,69.08744852389695,5602.3801856,02Jul,0.4754098360655737,2026-08-13,02Jul (+5% left),2026-08-27,-0.89126559714795,2026-08-24,,,0,,,absent absent absent absent #121/6 <MA50/cRS <MA50/cRS cRS11 #47/6,"not in universe 4/9 rebalances; crowded out, best #47 with 6 slots on 15Sep"
AMDIND,Capital Goods,68.72310419389039,133.4772352,02Jul,0.4754098360655737,2026-07-17,never,,,2026-07-22,2026-07-22,,0,,,absent absent absent absent <MA50/cRS <MA50/cRS cRS-0/ill cRS10/ill illiq,"not in universe 4/9 rebalances; gated: <MA50/cRS, cRS-0/ill, cRS10/ill, illiq"
YATHARTH,Pharma & Healthcare,68.31378209391558,9460.0708096,25Mar,0.8032786885245902,2026-03-30,15Apr (+42% left),2026-04-15,42.22842595143159,2026-08-24,,,0,,,cRS17 #44/2 #91/5 cRS9 absent absent cRS4 cRS17 #60/6,"not in universe 2/9 rebalances; crowded out, best #44 with 2 slots on 06May"
PAYTM,Financial Services,67.88687603931469,110916.0361984,25Mar,0.8032786885245902,2026-03-30,10Aug (+6% left),2026-08-10,5.675146771037198,2026-07-01,,2026-06-09,0,,,cRS4 cRS1 cRS-3 <MA50/cRS absent absent cRS16 #16/5 #18/6,"not in universe 2/9 rebalances; crowded out, best #16 with 5 slots on 26Aug"
BBOX,IT & Technology,67.69630201425298,13245.3482496,02Jul,0.4754098360655737,2026-09-04,02Jul (+-19% left),2026-07-06,-19.319041614123577,2026-08-13,2026-08-13,2026-08-13,0,,,absent absent absent absent #26/6 <MA50/cRS <MA50/cRS <MA50/cRS <MA50/cRS,"not in universe 4/9 rebalances; crowded out, best #26 with 6 slots on 02Jul"
AYMSYNTEX,Textiles,67.45472453555831,1581.9820032,02Jul,0.4754098360655737,2026-07-10,31Aug (+5% left),2026-08-17,8.109603606852245,2026-07-02,,,0,,,absent absent absent absent illiq cRS4/illi cRS4/illi cRS7 cRS15,"not in universe 4/9 rebalances; gated: cRS15, cRS4/illi, cRS7, illiq"
ARCHIDPLY,Cement & Materials,67.20692905101195,200.4497408,02Jul,0.4754098360655737,2026-07-22,never,,,2026-08-06,2026-07-23,,0,,,absent absent absent absent <MA50/cRS <MA50/cRS cRS7/illi illiq illiq,"not in universe 4/9 rebalances; gated: <MA50/cRS, cRS7/illi, illiq"
GNFC,Chemicals,67.0541256250273,7943.6128256,25Mar,1.0,2026-03-30,19May (+15% left),2026-05-19,15.450130560118811,2026-05-19,,,0,,,cRS5 cRS13 cRS12 cRS6 cRS13 <MA50/cRS cRS7 cRS12 cRS3,"gated: <MA50/cRS, cRS12, cRS13, cRS3, cRS5, cRS"
BHEL,Capital Goods,66.8922568052539,143756.9908736,25Mar,1.0,2026-03-30,17Apr (+32% left),2026-04-20,28.65829690355042,2026-07-16,,,1,-11.62,"25May@419->11Jun@371 (-12%, Trailing Stop; +13% after)",cRS16 #8/2 BOUGHT cooldown #99/6 cRS10 cRS3 cRS0 <MA50/cRS,"BOUGHT, EXITED: 25May@419->11Jun@371 (-12%, Trailing Stop; +13% after)"
GATECH,Financial Services,66.66666903193043,125.1185664,02Jul,0.4754098360655737,2026-07-14,24Aug (+-25% left),2026-08-20,-19.540231255279195,2026-07-30,,,0,,,absent absent absent absent <MA50/cRS <MA50/cRS illiq #1/5 <MA50/cRS,"not in universe 4/9 rebalances; crowded out, best #1 with 5 slots on 26Aug"
SONACOMS,Auto,66.29389892708456,49306.1472256,25Mar,0.8032786885245902,2026-03-30,13Apr (+45% left),2026-04-13,44.82698050237135,,,,0,,,#51/2 cRS12 cRS11 cRS6 absent absent #32/6 cRS17 cRS17,"not in universe 2/9 rebalances; crowded out, best #32 with 6 slots on 07Aug"
ACMESOLAR,Power & Utilities,66.00450305873537,29692.493824,25Mar,1.0,2026-03-25,25Mar (+74% left),,,2026-06-04,,,0,,,#36/2 cRS13 cRS15 #34/8 #67/6 cRS11 cRS10 cRS16 #49/6,"crowded out, best #34 with 8 slots on 12Jun"
BALPHARMA,Pharma & Healthcare,65.45361684134436,171.0538496,02Jul,0.4754098360655737,2026-07-06,never,,,2026-07-14,,,0,,,absent absent absent absent <MA50/cRS cRS7/illi cRS9/illi <MA50/cRS illiq,"not in universe 4/9 rebalances; gated: <MA50/cRS, cRS7/illi, cRS9/illi, illiq"
IDEA,Telecom,65.0462923870412,156555.6867072,25Mar,1.0,2026-03-30,11May (+17% left),2026-05-11,17.077177577026582,2026-06-03,,2026-04-22,0,,,<MA50/cRS cRS14 #10/5 #25/8 #78/6 <MA50/cRS <MA50/cRS cRS11 cRS4,"crowded out, best #10 with 5 slots on 25May"
SKIPPER,Capital Goods,64.86951815966306,6525.210624,25Mar,0.8032786885245902,2026-03-30,20Apr (+26% left),2026-04-21,18.475929581698725,2026-06-12,,,0,,,cRS10 #35/2 cRS15 #15/8 absent absent <MA50/cRS cRS3 <MA50/cRS,"not in universe 2/9 rebalances; crowded out, best #15 with 8 slots on 12Jun"
DIFFNKG,Capital Goods,64.81541940044752,1586.2194176,02Jul,0.4754098360655737,2026-08-12,02Jul (+1% left),2026-07-24,8.87821226938945,2026-08-03,,,0,,,absent absent absent absent #17/6 cRS13 #50/6 <MA50/cRS cRS13,"not in universe 4/9 rebalances; crowded out, best #17 with 6 slots on 02Jul"
20MICRONS,Metals & Mining,64.4244950164098,710.2820352,02Jul,0.4754098360655737,2026-08-13,07Sep (+-3% left),2026-08-26,-2.705360715890226,2026-09-21,,,0,,,absent absent absent absent cRS14 cRS14 <MA50/cRS cRS15 <MA50/cRS,"not in universe 4/9 rebalances; gated: <MA50/cRS, cRS14, cRS15"
GNA,Auto,64.374980305042,2286.4943104,02Jul,0.4754098360655737,2026-07-03,02Jul (+31% left),2026-07-13,16.702886048948983,2026-07-13,,,0,,,absent absent absent absent #88/6 cRS16 #81/6 #86/5 <MA50,"not in universe 4/9 rebalances; crowded out, best #81 with 6 slots on 07Aug"
HLEGLAS,Capital Goods,64.26121255388733,2746.2402048,02Jul,0.4754098360655737,2026-08-18,02Jul (+13% left),2026-07-16,0.8343824673712641,2026-07-07,2026-07-07,2026-09-11,0,,,absent absent absent absent #116/6 #45/6 #59/6 <MA50/cRS #89/6,"not in universe 4/9 rebalances; crowded out, best #45 with 6 slots on 21Jul"
SHAREINDIA,Financial Services,64.14020275729709,4315.2396288,25Mar,0.8032786885245902,2026-03-30,09Sep (+11% left),2026-09-07,21.97136920585796,2026-08-13,,,0,,,cRS5 cRS6 cRS1 <MA50/cRS absent absent cRS4 cRS6 #15/6,"not in universe 2/9 rebalances; crowded out, best #15 with 6 slots on 15Sep"
SUPRIYA,Pharma & Healthcare,64.12155078459301,7041.8423808,25Mar,0.8032786885245902,2026-03-30,22May (+27% left),2026-05-22,27.27038008100131,2026-05-19,,2026-08-18,0,,,<MA50/cRS cRS7 #85/5 #4/8 absent absent cRS16 <MA50/cRS cRS5,"not in universe 2/9 rebalances; crowded out, best #4 with 8 slots on 12Jun"
BOSCHLTD,Auto,63.99632707707881,,25Mar,1.0,2026-03-30,19Jun (+20% left),2026-06-11,28.44403034739784,2026-08-05,,,0,,,cRS11 cRS6 cRS2 cRS12 #102/6 cRS4 cRS7 #71/5 cRS12,"crowded out, best #71 with 5 slots on 26Aug"
GEECEE,Real Estate,63.87807511298556,732.1196032,02Jul,0.4754098360655737,2026-07-24,never,,,2026-07-10,,,0,,,absent absent absent absent illiq cRS7/illi cRS12/ill cRS9/illi <MA50/cRS,"not in universe 4/9 rebalances; gated: <MA50/cRS, cRS12/ill, cRS7/illi, cRS9/il"
SUDARSCHEM,Chemicals,63.77006947152356,9419.1681536,25Mar,0.8032786885245902,2026-03-30,25May (+17% left),2026-05-25,16.758467782371046,2026-08-14,2026-06-09,2026-04-22,0,,,cRS1 cRS14 #82/5 <MA50/cRS absent absent #58/6 #68/5 #63/6,"not in universe 2/9 rebalances; crowded out, best #58 with 6 slots on 07Aug"
SAILIFE,Pharma & Healthcare,62.99329384912317,32740.5666304,25Mar,0.8032786885245902,2026-04-06,30Mar (+64% left),,,2026-08-10,,,1,-10.27,"05Mar@1069->20Apr@959 (-10%, Trend Break; +66% after)",held #154/2 #55/5 cRS13 absent absent cRS14 cRS16 #72/6,"BOUGHT, EXITED: 05Mar@1069->20Apr@959 (-10%, Trend Break; +66% after)"
BLUEJET,Pharma & Healthcare,62.918183864068176,9551.8736384,25Mar,1.0,2026-03-30,04May (+20% left),2026-05-05,16.304906636922965,2026-06-04,2026-06-04,2026-05-25,0,,,cRS1 #80/2 #30/5 #49/8 #34/6 #36/6 cRS13 cRS13 <MA50/cRS,"crowded out, best #30 with 5 slots on 25May"
WABAG,Infrastructure,62.862002852220925,13144.4760576,25Mar,0.8032786885245902,2026-03-30,21Apr (+35% left),2026-04-14,48.188594732831305,2026-06-16,,,0,,,cRS16 #73/2 cRS7 #99/8 absent absent cRS11 #62/5 #80/6,"not in universe 2/9 rebalances; crowded out, best #62 with 5 slots on 26Aug"
GOCLCORP,Chemicals,62.63827470078548,2159.6254208,02Jul,0.4754098360655737,2026-09-24,02Jul (+-4% left),2026-08-03,-7.701548455240747,2026-08-07,,,0,,,absent absent absent absent #117/6 cRS2 #77/6 <MA50/cRS cRS12,"not in universe 4/9 rebalances; crowded out, best #77 with 6 slots on 07Aug"
DIVISLAB,Pharma & Healthcare,62.42084752813775,244177.9871744,25Mar,1.0,2026-04-06,14May (+39% left),2026-07-29,23.572483781874244,2026-07-29,,,0,,,cRS0 cRS10 cRS9 cRS-0 cRS2 cRS11 #80/6 #51/5 #35/6,"crowded out, best #35 with 6 slots on 15Sep"
RBA,Hospitality,61.56130780297481,6781.1221504,25Mar,0.8032786885245902,2026-03-30,22Jun (+16% left),2026-06-22,16.101910311534205,2026-06-19,,,0,,,cRS1 cRS6 cRS9 cRS6 absent absent #14/6 #7/5 #76/6,"not in universe 2/9 rebalances; crowded out, best #7 with 5 slots on 26Aug"
GALAPREC,Capital Goods,61.501681084276825,1271.495168,02Jul,0.4754098360655737,2026-09-15,02Jul (+-2% left),2026-07-06,-6.920585446844607,2026-07-02,,,0,,,absent absent absent absent #21/6 #31/6 <MA50/cRS <MA50/cRS <MA50/cRS,"not in universe 4/9 rebalances; crowded out, best #21 with 6 slots on 02Jul"
ARIHANTCAP,Financial Services,61.39928118556954,892.7929344,02Jul,0.4754098360655737,2026-07-02,24Jul (+14% left),2026-07-23,14.597908333812914,2026-07-06,2026-07-03,2026-08-28,0,,,absent absent absent absent <MA50/cRS cRS10 cRS2 cRS9 cRS14,"not in universe 4/9 rebalances; gated: <MA50/cRS, cRS10, cRS14, cRS2, cRS9"
AGI,Capital Goods,61.2713767109088,4765.9327488,25Mar,1.0,2026-03-30,28Apr (+19% left),2026-06-10,30.58354609654379,2026-06-12,2026-06-16,2026-04-28,0,,,cRS-3 cRS11 cRS7 cRS15 #108/6 cRS6 cRS6 cRS13 cRS9,"crowded out, best #108 with 6 slots on 02Jul"
COUNCODOS,Real Estate,61.09724861408061,49.9726592,02Jul,0.4754098360655737,2026-07-02,never,,,2026-07-10,,,0,,,absent absent absent absent <MA50/cRS illiq illiq illiq illiq,"not in universe 4/9 rebalances; gated: <MA50/cRS, illiq"
OFSS,IT & Technology,60.955216247888266,102784.2179072,25Mar,0.8032786885245902,2026-03-25,23Apr (+23% left),2026-04-23,22.504692032076434,2026-06-25,,,0,,,cRS11 #54/2 #28/5 #85/8 absent absent cRS14 cRS8 cRS14,"not in universe 2/9 rebalances; crowded out, best #28 with 5 slots on 25May"
TBOTEK,IT & Technology,60.49370529159136,17684.4947456,25Mar,0.8032786885245902,2026-03-30,15Jun (+17% left),2026-06-12,25.43613427070244,2026-06-12,2026-06-12,,0,,,cRS-2 cRS4 cRS-3 cRS13 absent absent #90/6 #85/5 cRS10,"not in universe 2/9 rebalances; crowded out, best #85 with 5 slots on 26Aug"
GEEKAYWIRE,Capital Goods,60.48512460453417,306.6616832,02Jul,0.4754098360655737,2026-08-05,never,,,2026-08-31,2026-08-31,2026-08-27,0,,,absent absent absent absent <MA50/cRS <MA50/cRS <MA50/cRS <MA50/cRS illiq,"not in universe 4/9 rebalances; gated: <MA50/cRS, illiq"
GABRIEL,Auto,60.42127536925284,24922.03008,25Mar,1.0,2026-03-27,30Apr (+35% left),2026-05-28,22.79287622171921,2026-06-15,,2026-06-12,0,,,cRS10 cRS16 #87/5 cRS5 #87/6 #16/6 #48/6 <MA50/cRS <MA50/cRS,"crowded out, best #16 with 6 slots on 21Jul"
BOSCH-HCIL,Consumer Durables,60.14851960603402,4533.8079232,25Mar,1.0,2026-03-30,04May (+26% left),2026-08-06,13.508770400121396,2026-06-18,2026-06-18,,0,,,cRS-3 cRS15 cRS1 <MA50/cRS <MA50/cRS <MA50/cRS #79/6 #83/5 cRS16,"crowded out, best #79 with 6 slots on 07Aug"
ADROITINFO,IT & Technology,60.14582063505674,60.309888,02Jul,0.4754098360655737,2026-07-17,never,,,2026-09-22,,,0,,,absent absent absent absent <MA50/cRS cRS-5/ill cRS7/illi cRS8/illi illiq,"not in universe 4/9 rebalances; gated: <MA50/cRS, cRS-5/ill, cRS7/illi, cRS8/il"
CARBORUNIV,Diversified,59.69451281264666,19656.3451904,25Mar,1.0,2026-03-27,17Apr (+36% left),2026-04-02,49.70725995316159,2026-06-17,,,0,,,cRS11 #138/2 #66/5 cRS15 #119/6 <MA50/cRS cRS2 <MA50/cRS <MA50/cRS,"crowded out, best #66 with 5 slots on 25May"
KSL,Metals & Mining,59.6889017357743,4071.5915264,25Mar,0.8032786885245902,2026-03-30,22Apr (+19% left),2026-04-30,13.534189973759126,2026-08-26,,,0,,,cRS5 #43/2 cRS8 cRS5 absent absent <MA50/cRS cRS6 cRS16,"not in universe 2/9 rebalances; crowded out, best #43 with 2 slots on 06May"
VMART,Retail,59.49654152459804,6285.2620288,25Mar,0.8032786885245902,2026-03-30,29Apr (+19% left),2026-04-07,21.237734362538863,2026-06-09,2026-06-09,2026-04-22,0,,,cRS7 cRS11 cRS9 #63/8 absent absent cRS9 #94/5 <MA50/cRS,"not in universe 2/9 rebalances; crowded out, best #63 with 8 slots on 12Jun"
NAZARA,Media,58.94697602932079,13749.0366464,25Mar,0.8032786885245902,2026-03-25,07Aug (+7% left),2026-05-15,25.504254778140112,2026-08-31,,2026-04-22,0,,,cRS4 cRS5 cRS8 cRS11 absent absent #73/6 #105/5 cRS12,"not in universe 2/9 rebalances; crowded out, best #73 with 6 slots on 07Aug"
THYROCARE,Pharma & Healthcare,58.62654279341983,8665.55904,25Mar,0.8032786885245902,2026-03-30,07May (+20% left),2026-05-12,19.33683696546053,2026-06-08,,,0,,,cRS-0 cRS16 #43/5 #55/8 absent absent cRS16 cRS10 <MA50/cRS,"not in universe 2/9 rebalances; crowded out, best #43 with 5 slots on 25May"
ADANIENT,Oil & Gas,58.36114422641883,416732.020736,25Mar,1.0,2026-03-30,27Apr (+26% left),2026-04-30,21.096993854841383,,,,0,,,cRS8 #66/2 #31/5 #59/8 #42/6 #63/6 <MA50/cRS cRS4 <MA50/cRS,"crowded out, best #31 with 5 slots on 25May"
ENGINERSIN,Infrastructure,58.34827401280139,14750.80192,25Mar,1.0,2026-03-30,17Apr (+31% left),2026-04-16,38.24894617049948,2026-06-18,,,0,,,cRS17 #28/2 cRS2 <MA50/cRS <MA50/cRS <MA50/cRS cRS0 cRS9 cRS13,"crowded out, best #28 with 2 slots on 06May"
AETHER,Chemicals,58.333333333333336,21012.1457664,25Mar,1.0,2026-05-22,25Mar (+53% left),,,2026-06-22,,,1,-9.66,"24Mar@1225->14May@1106 (-10%, Trend Break; +60% after)",held held <MA50/cRS <MA50/cRS cRS16 #57/6 cRS17 #46/5 #74/6,"BOUGHT, EXITED: 24Mar@1225->14May@1106 (-10%, Trend Break; +60% after)"
GEOJITFSL,Financial Services,58.135446546607504,2156.776448,02Jul,0.4754098360655737,2026-07-28,never,2026-07-22,0.0859554717957733,2026-09-17,,,0,,,absent absent absent absent cRS15 cRS13 cRS3 cRS10 <MA50/cRS,"not in universe 4/9 rebalances; gated: <MA50/cRS, cRS10, cRS13, cRS15, cRS3"
ARVIND,Textiles,57.83329050758989,14433.4077952,25Mar,1.0,2026-03-30,02Apr (+50% left),2026-04-01,56.58063248052725,2026-06-24,,,0,,,#57/2 cRS10 #32/5 #40/8 #52/6 cRS16 cRS12 cRS8 cRS7,"crowded out, best #32 with 5 slots on 25May"
SHRIPISTON,Consumer Durables,57.55008460169703,19831.9865856,25Mar,0.8032786885245902,2026-04-02,10Apr (+32% left),2026-04-10,31.555895035959768,2026-06-15,,,0,,,#56/2 #86/2 <MA50/cRS cRS10 absent absent cRS10 #119/5 <MA50/cRS,"not in universe 2/9 rebalances; crowded out, best #56 with 2 slots on 16Apr"
SUNDRMFAST,Auto,57.351217704060645,25999.1846912,25Mar,0.8032786885245902,2026-03-30,07Aug (+8% left),2026-07-01,25.76945905094814,2026-08-11,,,0,,,<MA50/cRS cRS1 cRS4 cRS-0 absent absent #70/6 #26/5 #43/6,"not in universe 2/9 rebalances; crowded out, best #26 with 5 slots on 26Aug"
ALPHAGEO,Oil & Gas,57.14304707579908,190.211072,02Jul,0.4754098360655737,2026-07-03,17Aug (+-16% left),2026-08-17,-16.31694234055906,2026-07-31,2026-07-28,,0,,,absent absent absent absent <MA50/cRS <MA50/cRS cRS6/illi #11/5 #36/6,"not in universe 4/9 rebalances; crowded out, best #11 with 5 slots on 26Aug"
HONASA,Consumer Goods,57.04885980405834,14907.457536,25Mar,1.0,2026-03-25,01Apr (+51% left),2026-03-31,56.07711651299245,2026-06-29,,,0,,,#48/2 cRS15 #50/5 #39/8 #58/6 cRS16 cRS14 cRS8 <MA50/cRS,"crowded out, best #39 with 8 slots on 12Jun"
GOLDTECH,IT & Technology,56.78732218551573,223.8956032,02Jul,0.4754098360655737,2026-09-16,never,,,2026-07-02,,,1,-14.25,"02Jul@68->07Jul@58 (-14%, Trailing Stop; -17% after)",absent absent absent absent BOUGHT cooldown cRS6/illi <MA50/cRS <MA50/cRS,"BOUGHT, EXITED: 02Jul@68->07Jul@58 (-14%, Trailing Stop; -17% after)"
KIRLOSENG,Capital Goods,56.67290717529034,29709.3332992,25Mar,0.8032786885245902,2026-03-30,15Apr (+34% left),,,2026-06-12,,,1,-12.28,"05Mar@1468->23Mar@1288 (-12%, Trend Break; +66% after)",#38/2 #55/2 cRS14 #66/8 absent absent <MA50/cRS <MA50/cRS <MA50/cRS,"BOUGHT, EXITED: 05Mar@1468->23Mar@1288 (-12%, Trend Break; +66% after)"
CENTENKA,Textiles,56.0969573971862,1202.6564608,02Jul,0.4754098360655737,2026-07-10,23Jul (+1% left),2026-07-22,2.201738513744078,2026-09-02,,,0,,,absent absent absent absent cRS16 cRS10 #43/6 cRS3 <MA50/cRS,"not in universe 4/9 rebalances; crowded out, best #43 with 6 slots on 07Aug"
DMCC,Chemicals,55.91738569147577,662.1552128,02Jul,0.4754098360655737,2026-07-07,25Sep (+0% left),2026-09-02,4.090678746724263,2026-07-31,2026-07-16,,0,,,absent absent absent absent <MA50/cRS cRS2 cRS-4 cRS6 <MA50/cRS,"not in universe 4/9 rebalances; gated: <MA50/cRS, cRS-4, cRS2, cRS6"
DVL,Financial Services,55.44779089030661,990.1497344,02Jul,0.4754098360655737,2026-07-07,never,,,2026-08-05,2026-08-05,,0,,,absent absent absent absent <MA50/cRS cRS-2/ill cRS8/illi illiq cRS13/ill,"not in universe 4/9 rebalances; gated: <MA50/cRS, cRS-2/ill, cRS13/ill, cRS8/il"
EXPLEOSOL,IT & Technology,55.389586194529485,1338.7326464,02Jul,0.4754098360655737,2026-07-17,17Aug (+-4% left),2026-07-29,-4.554787119083636,2026-08-17,2026-07-29,2026-07-29,0,,,absent absent absent absent <MA50/cRS <MA50/cRS cRS9 cRS17 cRS14,"not in universe 4/9 rebalances; gated: <MA50/cRS, cRS14, cRS17, cRS9"
LXCHEM,Chemicals,55.37687468978966,4664.242176,25Mar,0.8032786885245902,2026-03-30,06May (+17% left),2026-05-07,10.675938365632833,2026-06-03,2026-06-03,2026-06-03,0,,,cRS9 #137/2 cRS12 cRS10 absent absent cRS11 cRS-1 <MA50/cRS,"not in universe 2/9 rebalances; crowded out, best #137 with 2 slots on 06May"
KRN,Capital Goods,55.04937498891375,9910.41536,25Mar,0.8032786885245902,2026-03-30,25Mar (+51% left),,,2026-06-12,,,1,19.57,"05Mar@954->13May@1140 (+20%, Trailing Stop; +21% after)",held held cooldown #88/8 absent absent <MA50/cRS #49/5 cRS15,"BOUGHT, EXITED: 05Mar@954->13May@1140 (+20%, Trailing Stop; +21% after)"
COFORGE,IT & Technology,54.96628645417309,78650.7563008,25Mar,1.0,2026-03-30,29May (+25% left),2026-05-29,25.474750316500216,2026-07-28,2026-07-27,2026-05-06,0,,,cRS2 cRS-8 cRS15 cRS13 cRS4 cRS9 #45/6 #107/5 cRS11,"crowded out, best #45 with 6 slots on 07Aug"
GUFICBIO,Pharma & Healthcare,54.80380507624445,4263.0094848,02Jul,0.4754098360655737,2026-07-06,14Jul (+6% left),2026-07-20,7.619047619047614,2026-08-07,,,0,,,absent absent absent absent cRS13 #55/6 #71/6 cRS10 cRS9,"not in universe 4/9 rebalances; crowded out, best #55 with 6 slots on 21Jul"
SOLARINDS,Chemicals,54.264591705690194,174193.3641728,25Mar,0.8032786885245902,2026-03-30,23Apr (+25% left),2026-05-14,18.48184818481848,2026-06-30,,,0,,,cRS8 cRS14 #27/5 cRS8 absent absent cRS10 cRS8 <MA50/cRS,"not in universe 2/9 rebalances; crowded out, best #27 with 5 slots on 25May"
MOTHERSON,Auto,54.24462894196566,166551.4078208,25Mar,0.8032786885245902,2026-03-30,29May (+14% left),2026-05-29,13.702488482137486,2026-06-25,,,0,,,cRS6 cRS12 cRS8 cRS14 absent absent #51/6 cRS10 cRS5,"not in universe 2/9 rebalances; crowded out, best #51 with 6 slots on 07Aug"
CRAFTSMAN,Auto,54.050445079946506,29028.8041984,25Mar,1.0,2026-04-07,07May (+24% left),2026-05-08,19.523464900072373,2026-06-15,,,0,,,cRS2 cRS8 cRS14 cRS10 cRS12 cRS9 cRS13 cRS12 cRS15,"gated: cRS10, cRS12, cRS13, cRS14, cRS15, cRS2,"
ELECTHERM,Metals & Mining,54.00282369675244,1204.6418944,02Jul,0.4754098360655737,2026-09-25,02Jul (+-20% left),2026-07-03,-27.23902561143569,2026-07-03,,,0,,,absent absent absent absent #22/6 cRS14 <MA50/cRS <MA50/cRS <MA50/cRS,"not in universe 4/9 rebalances; crowded out, best #22 with 6 slots on 02Jul"
MANYAVAR,Retail,53.900919650288046,13768.3058688,25Mar,0.8032786885245902,2026-03-27,07Aug (+3% left),2026-08-10,1.4478948371118294,2026-09-03,,2026-08-07,0,,,cRS5 cRS5 cRS-4 <MA50/cRS absent absent #64/6 #31/5 #42/6,"not in universe 2/9 rebalances; crowded out, best #31 with 5 slots on 26Aug"
MANORAMA,Consumer Goods,53.41622074367874,12543.0505472,25Mar,0.8032786885245902,2026-03-30,27Apr (+30% left),2026-05-01,24.108684481651757,2026-06-30,,,0,,,cRS7 #102/2 cRS3 cRS15 absent absent cRS7 #101/5 #21/6,"not in universe 2/9 rebalances; crowded out, best #21 with 6 slots on 15Sep"
GREENPLY,Cement & Materials,53.360661767491294,3498.50624,02Jul,0.4754098360655737,2026-08-12,02Jul (+-7% left),2026-07-21,-11.12314356435643,2026-09-17,,,0,,,absent absent absent absent #49/6 #62/6 <MA50/cRS <MA50/cRS <MA50/cRS,"not in universe 4/9 rebalances; crowded out, best #49 with 6 slots on 02Jul"
MANINFRA,Infrastructure,53.16412100615937,5020.1305088,25Mar,0.8032786885245902,2026-03-30,27Apr (+12% left),2026-05-01,7.976731988568497,2026-08-24,2026-08-24,2026-04-29,0,,,<MA50/cRS #40/2 cRS5 <MA50/cRS absent absent cRS1 cRS8 #54/6,"not in universe 2/9 rebalances; crowded out, best #40 with 2 slots on 06May"
GOODLUCK,Metals & Mining,52.38102146993698,5176.7320576,02Jul,0.4754098360655737,2026-08-28,02Jul (+-65% left),2026-07-13,-67.73965727175263,2026-07-13,,,0,,,absent absent absent absent #71/6 cRS12 cRS3 <MA50/cRS #55/6,"not in universe 4/9 rebalances; crowded out, best #55 with 6 slots on 15Sep"
AARTISURF,Chemicals,52.29988402522244,434.7268608,02Jul,0.4754098360655737,2026-07-14,04Aug (+-5% left),2026-08-04,-4.826056619538388,2026-07-27,,,1,4.87,"07Aug@536->20Aug@562 (+5%, Trailing Stop; -8% after)",absent absent absent absent <MA50/cRS cRS3/illi BOUGHT cooldown cRS7,"BOUGHT, EXITED: 07Aug@536->20Aug@562 (+5%, Trailing Stop; -8% after)"
HUHTAMAKI,Capital Goods,52.26892332726453,1828.763648,02Jul,0.4754098360655737,2026-07-02,02Jul (+15% left),2026-07-16,4.5382268253900016,2026-07-13,,,0,,,absent absent absent absent #79/6 #9/6 #9/6 #93/5 <MA50/cRS,"not in universe 4/9 rebalances; crowded out, best #9 with 6 slots on 21Jul"
ADANIGREEN,Power & Utilities,52.19202500238388,206720.6111232,25Mar,1.0,2026-03-30,09Apr (+24% left),2026-04-08,25.92628325993662,2026-06-05,,2026-09-03,0,,,#31/2 #12/2 #34/5 #17/8 #36/6 cRS10 <MA50/cRS <MA50/cRS <MA50/cRS,"crowded out, best #12 with 2 slots on 06May"
HSCL,Chemicals,52.10266065175385,32153.9899392,25Mar,1.0,2026-03-30,24Apr (+20% left),2026-04-24,19.888722070122757,2026-06-05,,,0,,,cRS7 #29/2 cRS16 #37/8 #100/6 #15/6 cRS16 <MA50/cRS <MA50/cRS,"crowded out, best #15 with 6 slots on 21Jul"
MEDANTA,Pharma & Healthcare,51.8248628406304,38107.0180352,25Mar,0.8032786885245902,2026-03-30,11May (+21% left),2026-06-25,13.943921396987392,2026-09-18,,,0,,,cRS-2 cRS13 cRS12 cRS6 absent absent cRS11 cRS10 cRS10,"not in universe 2/9 rebalances; gated: cRS-2, cRS10, cRS11, cRS12, cRS13, cRS6"
SAREGAMA,Media,51.67887198984759,9319.632896,25Mar,0.8032786885245902,2026-04-07,15May (+20% left),2026-05-15,19.518940203604185,2026-06-05,,2026-05-14,0,,,cRS-1 cRS5 cRS16 #47/8 absent absent #35/6 <MA50/cRS <MA50/cRS,"not in universe 2/9 rebalances; crowded out, best #35 with 6 slots on 07Aug"
ACE,Auto,51.42980223175813,13475.1469568,25Mar,1.0,2026-03-30,30Jun (+20% left),2026-06-26,24.137230602766667,2026-07-15,2026-06-17,2026-05-08,0,,,cRS5 cRS3 cRS1 cRS7 cRS15 cRS7 cRS14 cRS15 cRS16,"gated: cRS1, cRS14, cRS15, cRS16, cRS3, cRS5, c"
MOTILALOFS,Financial Services,51.3235294117647,59660.6910464,25Mar,0.8032786885245902,2026-03-30,04May (+23% left),2026-05-27,15.087797785482614,2026-06-09,2026-06-09,2026-04-30,0,,,cRS7 #127/2 cRS14 cRS13 absent absent <MA50/cRS #115/5 cRS11,"not in universe 2/9 rebalances; crowded out, best #115 with 5 slots on 26Aug"
EIMCOELECO,Auto,51.32092249808991,1293.387264,02Jul,0.4754098360655737,2026-07-10,02Jul (+25% left),2026-08-14,14.764402775180764,2026-07-15,2026-07-15,,0,,,absent absent absent absent #114/6 cRS3 cRS8 #41/5 #22/6,"not in universe 4/9 rebalances; crowded out, best #22 with 6 slots on 15Sep"
REFEX,Chemicals,51.307993174486576,3648.2207744,25Mar,0.8032786885245902,2026-03-30,20Apr (+14% left),2026-05-15,2.8797652242507965,2026-06-12,2026-06-12,2026-05-15,0,,,cRS12 cRS16 #88/5 #32/8 absent absent <MA50/cRS <MA50/cRS <MA50/cRS,"not in universe 2/9 rebalances; crowded out, best #32 with 8 slots on 12Jun"
ADFFOODS,Consumer Goods,51.294548989918894,2870.7354624,02Jul,0.4754098360655737,2026-08-07,02Jul (+-15% left),2026-07-10,-15.411064050167036,,,,0,,,absent absent absent absent #31/6 cRS6 <MA50/cRS <MA50/cRS <MA50/cRS,"not in universe 4/9 rebalances; crowded out, best #31 with 6 slots on 02Jul"
INDIGOPNTS,Chemicals,51.20937772181847,5068.7287296,25Mar,0.8032786885245902,2026-03-30,24Jun (+10% left),2026-06-16,9.70061971091929,2026-08-26,,,0,,,<MA50/cRS cRS1 cRS12 cRS10 absent absent cRS10 cRS13 <MA50/cRS,"not in universe 2/9 rebalances; gated: <MA50/cRS, cRS1, cRS10, cRS12, cRS13"
JINDALSAW,Metals & Mining,50.5855447429261,18427.2502784,25Mar,0.8032786885245902,2026-03-30,27Mar (+53% left),,,2026-06-03,,,0,,,#33/2 #63/2 cRS9 cRS10 absent absent cRS6 #117/5 cRS12,"not in universe 2/9 rebalances; crowded out, best #33 with 2 slots on 16Apr"
AJAXENGG,Auto,50.39593932703794,6654.1617152,25Mar,1.0,2026-03-30,19May (+7% left),2026-05-19,6.998239436619724,2026-07-13,2026-06-09,,0,,,cRS-3 cRS13 cRS15 cRS5 <MA50/cRS cRS6 <MA50/cRS cRS-0 cRS6,"gated: <MA50/cRS, cRS-0, cRS-3, cRS13, cRS15, c"
DPABHUSHAN,Consumer Durables,50.30745683034317,3053.2343808,02Jul,0.4754098360655737,2026-07-02,10Jul (+19% left),2026-07-15,8.453178639219328,2026-07-15,2026-07-15,,1,-8.93,"21Jul@1472->11Sep@1341 (-9%, Trend Break; +6% after)",absent absent absent absent <MA50/cRS BOUGHT held held <MA50,"BOUGHT, EXITED: 21Jul@1472->11Sep@1341 (-9%, Trend Break; +6% after)"
SHAILY,Capital Goods,50.18092265126391,14634.7687936,25Mar,0.8032786885245902,2026-04-21,28Apr (+26% left),,,2026-08-10,,2026-04-23,0,,,<MA50/cRS #64/2 #58/5 #42/8 absent absent cRS14 cRS5 cRS5,"not in universe 2/9 rebalances; crowded out, best #42 with 8 slots on 12Jun"
