ticker,launch,sales_yoy,sales_yoy_pctile,np_yoy,np_yoy_pctile,np_accel,np_accel_pctile,turnaround,inst_chg_2q,inst_chg_2q_pctile,inst_rising_2q,fii_chg_2q,fii_chg_2q_pctile,dii_chg_2q,dii_chg_2q_pctile,promoter_chg_2q,promoter_chg_2q_pctile,holders_chg_2q_pct,holders_chg_2q_pct_pctile
APOLLO,2025-01-20,85.1,96.5,128.6,91.5,-171.4,6.8,0.0,-10.1,0.3,0.0,-11.0,0.5,0.9,70.5,1.9,97.8,57.5,91.2
REDINGTON,2025-01-20,12.0,48.2,-9.3,27.5,5.6,65.8,0.0,-0.5,24.8,0.0,-0.0,40.1,-0.5,24.9,,,-2.5,24.2
NAVINFLUOR,2025-01-30,10.0,42.5,-3.3,31.7,14.5,75.0,0.0,1.7,78.6,1.0,0.5,67.5,1.2,74.5,-0.4,20.2,-7.5,9.5
AXISCADES,2025-03-07,18.5,65.6,87.5,86.6,78.4,89.5,0.0,-0.5,22.9,0.0,0.2,53.5,-0.7,16.5,-0.7,18.5,9.8,51.5
GABRIEL,2025-03-19,24.8,76.2,46.3,76.3,9.4,68.0,0.0,1.8,78.5,1.0,0.4,63.5,1.3,76.6,0.0,40.4,-0.6,23.6
WELCORP,2025-03-20,-23.9,4.1,128.6,90.0,155.4,94.0,0.0,11.7,98.4,1.0,1.2,81.2,10.5,98.6,-0.0,32.6,-5.0,13.2
LAURUSLABS,2025-04-22,18.4,65.0,304.3,96.1,350.3,97.0,0.0,-1.8,9.9,0.0,-0.6,32.2,-1.3,9.0,0.4,96.4,-5.2,12.6
FORCEMOT,2025-05-02,11.6,51.0,35.3,70.9,-8.3,43.3,0.0,1.0,78.2,1.0,0.5,74.7,0.5,61.5,0.0,33.1,0.2,31.1
TFCILTD,2025-05-05,-17.7,5.3,-10.0,30.1,-0.9,53.8,0.0,0.7,70.2,1.0,0.7,79.5,0.0,37.6,-4.0,4.5,-6.0,10.2
SHRIPISTON,2025-05-13,10.7,46.9,12.0,50.4,0.5,56.1,0.0,1.4,83.9,1.0,1.0,86.6,0.4,58.7,0.0,33.0,-6.8,8.7
TDPOWERSYS,2025-05-14,44.0,91.0,50.0,78.1,25.8,77.2,0.0,-1.8,9.9,0.0,2.9,96.3,-4.7,0.6,-1.1,10.0,10.3,69.8
POWERINDIA,2025-05-14,27.2,79.0,495.7,97.9,387.7,97.9,0.0,3.2,93.4,0.0,-0.1,46.7,3.4,93.7,-3.7,4.8,23.8,88.8
CEMPRO,2025-05-15,12.5,52.9,10.1,48.0,-23.2,28.7,0.0,-3.2,4.8,0.0,-7.0,1.0,3.8,94.8,0.0,33.0,-6.3,9.3
ASTRAMICRO,2025-05-16,12.1,51.9,9.3,47.1,26.0,77.4,0.0,-0.1,41.6,0.0,-0.4,36.3,0.3,55.7,0.0,33.2,-4.7,13.4
LUMAXTECH,2025-05-21,23.8,75.3,16.7,54.2,-20.2,31.2,0.0,-0.5,24.2,0.0,-0.4,34.9,-0.1,31.8,0.0,33.1,6.2,57.3
GVT&D,2025-05-27,28.0,79.6,191.8,94.5,-100.1,8.0,0.0,8.8,99.0,1.0,6.2,99.4,2.6,90.8,-8.4,1.2,10.3,69.3
SHAILY,2025-05-30,27.5,81.5,52.6,79.7,-14.0,35.8,0.0,5.6,97.2,1.0,4.3,98.3,1.4,79.3,-0.1,19.4,27.4,91.0
MCX,2025-06-05,60.8,93.9,53.4,80.0,,,0.0,0.4,63.8,0.0,-0.3,41.6,0.6,65.7,,,20.7,86.3
LTF,2025-06-06,9.6,45.9,15.0,51.5,17.0,66.3,0.0,-0.3,30.9,0.0,-1.2,19.7,0.9,71.3,-0.1,22.9,7.5,62.4
SHILPAMED,2025-06-10,13.4,55.2,-37.5,15.0,-577.5,1.8,0.0,0.8,73.2,1.0,1.4,90.0,-0.6,17.7,-0.1,18.5,17.1,82.2
ABCAPITAL,2025-06-11,13.3,54.9,-31.2,16.9,-26.5,27.6,0.0,-1.3,15.2,0.0,-2.6,7.9,1.3,78.9,-0.1,21.6,9.4,66.8
SYRMA,2025-07-09,-19.2,5.8,57.8,81.1,-107.2,9.1,0.0,-2.8,6.0,0.0,-4.1,3.2,1.3,78.4,-0.4,13.2,26.2,90.0
RBLBANK,2025-07-11,4.1,29.8,-76.1,7.0,4.7,55.9,0.0,-6.0,1.3,0.0,-0.2,44.2,-5.8,0.4,0.0,33.2,7.2,61.1
ANANDRATHI,2025-07-14,20.7,71.2,29.8,66.7,-2.9,47.1,0.0,-1.2,15.3,0.0,-0.5,33.5,-0.8,15.4,-0.7,11.0,1.4,38.0
BLISSGVS,2025-07-30,0.0,22.1,,,,,1.0,-0.9,20.7,0.0,-0.9,26.4,-0.0,38.4,0.3,95.3,-5.8,18.0
CRAFTSMAN,2025-07-30,58.3,93.6,-5.6,29.1,78.3,89.0,0.0,0.5,69.0,1.0,-1.2,21.5,1.7,84.2,0.0,32.2,-11.8,5.5
ACUTAAS,2025-07-31,36.9,88.1,142.3,92.2,-7.7,41.6,0.0,3.6,94.0,0.0,1.4,89.6,2.1,88.0,-3.3,5.6,25.2,94.1
IOLCP,2025-07-31,4.8,32.0,10.7,45.4,19.4,68.3,0.0,1.0,78.8,0.0,1.1,85.8,-0.1,35.3,0.0,32.3,-1.3,37.3
SJS,2025-08-19,7.5,39.9,25.9,62.3,-7.4,41.8,0.0,0.2,57.2,0.0,0.4,70.7,-0.2,31.0,-0.0,29.8,0.8,48.1
MTARTECH,2025-09-23,22.7,76.2,175.0,93.4,-5.0,44.1,0.0,0.9,75.6,0.0,0.6,76.0,0.3,57.2,0.2,93.8,-2.3,33.3
AVALON,2025-10-03,62.3,93.3,,,,,1.0,4.4,95.4,0.0,3.3,96.8,1.1,76.8,-6.0,3.2,3.4,61.2
SBC,2025-10-09,10.3,49.9,-50.9,9.2,-72.1,12.8,0.0,0.6,69.4,1.0,0.4,70.2,0.2,53.4,-11.3,0.9,7.6,72.7
BAJAJCON,2025-10-10,11.0,51.4,2.7,35.8,16.6,66.5,0.0,-3.0,5.2,0.0,0.4,72.0,-3.4,2.4,0.0,32.8,0.4,46.0
CHENNPETRO,2025-10-28,-13.4,7.8,-111.2,2.6,-86.0,11.0,0.0,-1.4,12.8,0.0,-1.8,12.8,0.4,58.4,0.0,36.7,-14.1,4.9
THANGAMAYL,2025-11-03,27.5,81.1,-19.3,20.4,-30.0,26.6,0.0,0.6,70.1,1.0,0.2,62.9,0.4,61.7,0.1,92.7,3.9,67.9
KIRLOSENG,2025-11-19,8.0,41.8,-10.9,24.6,2.7,54.7,0.0,0.6,69.0,0.0,-0.8,25.6,1.4,77.7,-0.0,30.5,-6.1,21.3
MANINDS,2025-11-20,-0.9,19.3,47.4,76.2,-136.0,7.1,0.0,-0.4,30.4,0.0,-1.0,22.4,0.6,68.1,-3.0,8.3,-3.5,32.2
SANSERA,2025-11-24,3.0,28.0,26.0,63.1,-2.3,47.1,0.0,-0.5,26.2,0.0,-0.5,30.9,-0.0,38.1,-0.1,20.0,0.7,54.9
STLTECH,2026-02-09,-3.7,15.0,,,,,1.0,3.9,94.2,0.0,4.2,97.5,-0.3,24.9,0.0,89.2,-16.3,1.8
PRECWIRE,2026-02-12,18.5,65.6,89.5,86.7,66.7,87.3,0.0,0.6,72.5,0.0,0.6,80.8,0.0,46.1,-1.3,9.6,0.3,60.8
AEROFLEX,2026-02-18,16.8,62.9,0.0,32.8,41.7,82.1,0.0,0.3,62.9,0.0,0.6,81.6,-0.3,23.6,0.0,34.4,-11.7,5.9
DEEDEV,2026-04-10,77.2,94.1,,,,,1.0,-2.5,7.7,0.0,-0.0,55.9,-2.5,5.1,-0.0,26.2,-4.0,36.2
SKYGOLD,2026-04-15,77.2,94.0,118.9,89.2,37.8,82.0,0.0,2.2,89.3,0.0,-0.1,52.3,2.3,85.2,-2.1,8.0,3.0,71.6
TMB,2026-04-28,10.4,42.4,14.0,53.8,9.0,64.0,0.0,1.0,82.0,1.0,1.5,92.0,-0.5,20.0,,,-5.9,26.9
PARAS,2026-06-05,58.3,90.4,85.7,82.2,64.3,80.3,0.0,-0.9,19.4,0.0,-0.6,32.2,-0.2,27.2,0.0,28.8,1.7,72.7
RPEL,2026-06-05,39.2,83.7,50.0,72.2,10.0,55.3,0.0,0.2,59.1,0.0,0.2,71.9,0.0,39.8,0.0,28.8,-10.1,10.5
TBZ,2026-07-09,56.9,89.7,655.6,97.7,485.6,96.9,0.0,0.3,61.5,0.0,0.3,73.7,0.0,39.8,0.0,29.0,1.4,72.4
